code,date,开盘指数,最高指数,最低指数,收盘指数,成份证券交易量,成份证券交易金额,指数回报率,ret_fwd_6m
905,2007-01-15,1881.47,1986.54,1881.47,1986.54,388126.31,2371042.5,,1.0100375
905,2007-01-16,2002.5699,2055.02,1990.87,2055.02,480744.19,3068905.0,3.4472001,0.998438
905,2007-01-17,2064.29,2093.8899,1992.54,2035.65,588328.88,3837519.3,-0.94260001,1.0587429
905,2007-01-18,2025.85,2085.3999,2002.66,2085.3999,509494.59,3220821.0,2.4439001,1.0474586
905,2007-01-19,2097.51,2159.6499,2097.51,2159.6399,579251.69,3695191.0,3.5599999,1.0156554
905,2007-01-22,2183.4399,2259.03,2183.4399,2258.99,635892.0,4092836.5,4.6002998,0.9493579
905,2007-01-23,2267.45,2268.6899,2175.6001,2261.79,610801.75,3960009.3,0.1239,0.8397553
905,2007-01-24,2260.71,2295.26,2236.5801,2283.7,510412.22,3392871.3,0.96869999,0.89902794
905,2007-01-25,2271.52,2271.52,2172.98,2174.24,481756.59,3217291.5,-4.7930999,1.027398
905,2007-01-26,2143.99,2196.28,2061.6599,2186.27,447594.06,2877832.8,0.55330002,1.0602852
905,2007-01-29,2201.5901,2261.24,2201.5901,2260.6001,456466.63,3078816.5,3.3999,0.97741306
905,2007-01-30,2271.47,2280.73,2230.6499,2255.9399,502476.88,3316310.0,-0.2061,0.9483809
905,2007-01-31,2251.3201,2258.7,2129.79,2142.8899,490469.25,3282862.3,-5.0112,1.0729297
905,2007-02-01,2120.01,2176.2,2080.1599,2165.4099,423388.44,2757862.0,1.0509,1.008308
905,2007-02-02,2170.03,2190.96,2124.3,2127.1001,386106.09,2575275.5,-1.7692,1.0355271
905,2007-02-05,2122.3701,2166.0901,2118.8701,2152.25,301341.09,2011947.9,1.1824,1.0611964
905,2007-02-06,2158.5,2198.6299,2148.1001,2198.24,308761.84,2071466.3,2.1368001,1.007424
905,2007-02-07,2209.6499,2237.9399,2208.3799,2237.9399,383270.5,2610153.3,1.806,0.98350275
905,2007-02-08,2245.0801,2282.1899,2233.52,2278.45,390538.97,2671067.8,1.8101,0.92713463
905,2007-02-09,2282.6299,2300.8101,2263.6101,2287.3799,371618.22,2493968.8,0.3919,0.99816823
905,2007-02-12,2291.6599,2341.0701,2291.6599,2341.0701,361883.53,2501302.5,2.3471999,0.97571176
905,2007-02-13,2351.6499,2384.1599,2338.5701,2384.1599,381637.84,2680102.8,1.8406,0.965078
905,2007-02-14,2386.8401,2445.77,2380.74,2435.96,440655.81,3122351.0,2.1726999,0.9433159
905,2007-02-15,2451.4399,2512.55,2451.3201,2512.3999,515164.59,3710161.8,3.138,0.8878166
905,2007-02-16,2528.8401,2581.5601,2519.23,2541.4099,540567.5,3995657.0,1.1547,0.8590232
905,2007-02-26,2557.25,2642.1101,2532.1001,2642.1101,489630.84,3644293.0,3.9624,0.7901563
905,2007-02-27,2654.4399,2673.53,2402.72,2405.5701,724042.56,5291886.0,-8.9526997,0.9543974
905,2007-02-28,2370.95,2520.0,2369.05,2513.53,530250.31,3786958.3,4.4878998,0.92705476
905,2007-03-01,2526.1499,2526.1599,2417.8401,2459.51,588281.38,4158757.3,-2.1492,0.99130726
905,2007-03-02,2458.26,2515.02,2452.97,2503.6799,472381.03,3390199.5,1.7959,1.0005872
905,2007-03-05,2508.3899,2548.25,2419.29,2511.9199,495359.78,3638811.0,0.32910001,0.9827582
905,2007-03-06,2501.29,2524.6299,2467.6799,2516.0,333216.66,2480878.8,0.16240001,0.9915461
905,2007-03-07,2525.53,2580.6001,2525.47,2580.6001,372307.09,2894969.0,2.5676,0.9629233
905,2007-03-08,2587.75,2634.8799,2562.5,2634.8799,430770.66,3338896.0,2.1034,0.874556
905,2007-03-09,2637.6001,2662.3301,2590.4399,2638.05,480317.06,3739003.3,0.1203,0.9101002
905,2007-03-12,2639.8899,2696.8701,2610.3999,2696.5,513670.91,3972910.3,2.2156999,0.7497905
905,2007-03-13,2701.5,2740.46,2694.3799,2727.46,535961.63,4180478.8,1.1482,0.7491622
905,2007-03-14,2704.45,2740.53,2622.76,2708.6899,565802.69,4384686.5,-0.6882,0.79889923
905,2007-03-15,2703.9299,2760.8401,2703.5701,2760.8401,510098.06,4057462.8,1.9253,0.7881115
905,2007-03-16,2769.1499,2777.4099,2671.96,2710.8601,556331.31,4508092.0,-1.8103,0.8619921
905,2007-03-19,2623.74,2760.0901,2609.3101,2751.48,476498.81,3872912.8,1.4984,0.85218143
905,2007-03-20,2761.01,2811.1499,2759.0,2810.71,435589.84,3650266.8,2.1526999,0.78926325
905,2007-03-21,2821.4399,2859.03,2801.9299,2859.01,482767.56,4060591.0,1.7184,0.7765171
905,2007-03-22,2869.75,2899.3501,2852.6699,2861.1499,560057.0,4735203.5,0.074900001,0.7576289
905,2007-03-23,2862.6299,2901.79,2820.99,2898.0,522723.56,4434658.5,1.2879,0.7442132
905,2007-03-26,2915.05,2989.05,2915.05,2989.05,567367.75,4879744.0,3.1417999,0.6771416
905,2007-03-27,2995.46,3040.3501,2979.1299,3039.53,569578.0,5043625.0,1.6888,0.62279034
905,2007-03-28,3048.5,3060.1899,2873.3799,3004.3,670093.38,5916894.0,-1.1591001,0.65520096
905,2007-03-29,3005.0601,3008.22,2894.74,2894.78,559948.0,4860609.5,-3.6454,0.7561438
905,2007-03-30,2878.24,2935.24,2859.73,2926.0601,359624.16,3150365.8,1.0806,0.7390621
905,2007-04-02,2935.21,2993.6299,2932.6399,2993.6299,376735.88,3437120.8,2.3092,0.7176105
905,2007-04-03,3004.8999,3042.46,2993.1899,3042.46,467669.84,4327250.0,1.6311001,0.67926615
905,2007-04-04,3049.9199,3084.6201,3032.49,3078.8999,531263.5,4945680.0,1.1977,0.62574303
905,2007-04-05,3076.76,3137.02,3063.4199,3133.1399,528016.56,4899821.0,1.7617,0.5611783
905,2007-04-06,3110.95,3189.1101,3097.0601,3182.8,562520.56,5309379.5,1.585,0.5365716
905,2007-04-09,3201.1499,3243.8799,3201.1499,3240.3,621437.5,5985568.0,1.8066,0.5256489
905,2007-04-10,3253.6699,3261.53,3151.49,3261.53,635566.06,6170618.0,0.6552,0.5114195
905,2007-04-11,3267.6101,3309.98,3231.3101,3309.71,676567.06,6671708.0,1.4772,0.4546471
905,2007-04-12,3316.2,3387.4099,3302.3601,3387.4099,647074.44,6485740.0,2.3476,0.42113012
905,2007-04-13,3393.96,3419.99,3341.27,3358.6299,675350.75,7046421.0,-0.84960002,0.3958936
905,2007-04-16,3362.73,3458.0701,3362.73,3458.0701,603968.56,6207935.0,2.9607,0.35587773
905,2007-04-17,3482.3601,3558.22,3420.3101,3558.22,779442.38,8049740.5,2.8961,0.29183695
905,2007-04-18,3572.7,3652.72,3548.3601,3649.71,716140.0,7679960.0,2.5711999,0.16488707
905,2007-04-19,3642.8501,3642.8501,3356.02,3435.78,780143.0,8186668.5,-5.8615999,0.23085593
905,2007-04-20,3456.74,3624.8201,3456.74,3614.3899,622511.44,6659804.5,5.1985002,0.18658753
905,2007-04-23,3667.55,3784.0801,3667.55,3782.26,737200.25,8285948.0,4.6444998,0.1602402
905,2007-04-24,3813.53,3861.5701,3753.1299,3821.4199,818143.19,9386862.0,1.0354,0.19070406
905,2007-04-25,3802.6899,3822.4099,3712.04,3805.05,643892.75,7336770.5,-0.42840001,0.16453138
905,2007-04-26,3814.8201,3854.05,3788.8701,3853.27,554333.5,6418546.5,1.2673,0.12362485
905,2007-04-27,3861.0601,3871.3999,3801.55,3845.8101,582974.0,6785334.5,-0.1936,0.1341876
905,2007-04-30,3831.55,3909.04,3809.97,3903.6899,655711.5,7672836.0,1.505,0.12586038
905,2007-05-08,3990.71,4093.01,3972.03,4091.1299,731239.75,8847591.0,4.8016,0.07204122
905,2007-05-09,4107.5498,4125.4199,3918.75,4099.1299,830525.0,10159300.0,0.1955,0.025986003
905,2007-05-10,4103.5698,4146.5898,4062.48,4128.0801,685139.19,8304863.5,0.7062,0.0060948674
905,2007-05-11,4101.6499,4130.8999,4028.3601,4109.3999,602427.5,7341516.0,-0.45249999,-0.002637806
905,2007-05-14,4051.8401,4164.8101,4014.5701,4133.8301,587513.81,7427434.5,0.59450001,-0.0046737045
905,2007-05-15,4140.3301,4161.52,3989.3601,3998.78,640017.94,7973237.0,-3.2669001,0.06632523
905,2007-05-16,3981.8201,4118.2402,3929.52,4118.1401,555593.94,6916505.5,2.9849,0.02247619
905,2007-05-17,4146.3198,4235.0498,4135.3701,4221.9102,627087.0,8038792.5,2.5197999,-0.0011085504
905,2007-05-18,4219.6099,4261.46,4188.3198,4235.1899,592097.0,7623423.5,0.3145,0.018438347
905,2007-05-21,4089.8501,4364.1602,4076.52,4364.1602,716217.44,9284950.0,3.0452001,0.0017231265
905,2007-05-22,4402.9302,4484.5298,4402.7598,4459.8101,806506.88,10598166.0,2.1917,-0.033945438
905,2007-05-23,4486.02,4582.4502,4463.27,4582.3101,742900.0,9931903.0,2.7467999,-0.10235012
905,2007-05-24,4606.1499,4625.9199,4460.9302,4571.71,831352.81,11190683.0,-0.2313,-0.08262335
905,2007-05-25,4559.4302,4665.98,4525.29,4649.8599,712086.69,9899967.0,1.7094001,-0.1070957
905,2007-05-28,4707.6899,4784.4302,4700.6201,4761.7002,811564.31,11528957.0,2.4052,-0.13708338
905,2007-05-29,4782.4102,4853.8799,4730.48,4853.6401,756341.06,10840051.0,1.9308,-0.15979761
905,2007-05-30,4486.5098,4751.04,4430.6899,4456.2798,806303.06,11295586.0,-8.1868,-0.060815256
905,2007-05-31,4329.8101,4414.6099,4095.3999,4267.7798,744453.06,9706939.0,-4.23,-0.03394027
905,2007-06-01,4260.77,4317.2998,3945.3999,3960.4399,660435.13,8464239.0,-7.2013998,0.052978937
905,2007-06-04,3901.79,3930.3401,3615.1101,3618.6899,451664.34,5287260.0,-8.6290998,0.1589885
905,2007-06-05,3430.55,3660.51,3317.8701,3659.9399,704132.31,7164239.5,1.1399,0.16751912
905,2007-06-06,3676.6899,3786.77,3563.23,3736.9299,671356.75,7245572.0,2.1036,0.14828748
905,2007-06-07,3751.6699,3936.8401,3736.1599,3936.77,647742.44,7289889.5,5.3477001,0.10807088
905,2007-06-08,3970.28,4036.8799,3931.3799,4002.8701,645713.38,7727969.0,1.679,0.120153785
905,2007-06-11,4057.1699,4117.25,4056.8201,4104.5498,617300.88,7596046.5,2.5402,0.104856834
905,2007-06-12,4138.3301,4218.6099,3945.6799,4218.4399,735697.38,9148953.0,2.7746999,0.07733672
905,2007-06-13,4263.6201,4398.6099,4254.6299,4372.5298,777132.94,9778864.0,3.6528001,0.0068862424
905,2007-06-14,4365.98,4399.52,4249.21,4311.98,689611.06,8667600.0,-1.3848,0.04349505
905,2007-06-15,4262.75,4349.1602,4232.2998,4316.5298,520847.5,6812670.5,0.1055,0.04390337
905,2007-06-18,4400.3999,4454.7798,4400.3999,4439.1899,578857.69,7723279.0,2.8415999,0.006447167
905,2007-06-19,4446.7002,4529.2798,4394.23,4529.0298,618443.88,8187685.5,2.0237999,0.008079059
905,2007-06-20,4539.5801,4589.2202,4371.0,4396.2202,672810.0,8923181.0,-2.9324,0.051218975
905,2007-06-21,4372.3501,4452.48,4277.04,4374.4902,520024.66,6794633.5,-0.49430001,0.072474636
905,2007-06-22,4376.3799,4386.9302,4050.6699,4123.2202,556894.13,7108378.0,-5.744,0.15750308
905,2007-06-25,4139.2798,4184.3301,3824.8899,3851.9399,476521.38,5811262.0,-6.5792999,0.25007403
905,2007-06-26,3739.1899,3930.04,3667.8201,3928.7,436272.72,4894241.0,1.9928,0.2505001
905,2007-06-27,3944.3601,4031.6299,3877.0801,4022.3101,420122.59,5006526.0,2.3827,0.23398
905,2007-06-28,4017.1799,4026.1001,3756.6001,3757.98,399694.81,4775474.5,-6.5716,0.3165584
905,2007-06-29,3636.3101,3718.1799,3527.3201,3585.49,387878.19,4152406.5,-4.5900002,0.4290739
905,2007-07-02,3571.72,3658.1399,3489.1201,3644.79,335048.69,3464447.3,1.6539,0.4351307
905,2007-07-03,3675.3601,3710.0801,3587.71,3704.71,305757.75,3266148.3,1.6440001,0.41523352
905,2007-07-04,3711.6101,3716.51,3605.45,3622.52,268398.09,3019039.8,-2.2184999,0.47626793
905,2007-07-05,3562.28,3570.05,3378.45,3380.1799,294140.91,2963777.5,-6.6897998,0.53854233
905,2007-07-06,3359.0901,3594.4199,3309.1499,3591.3799,379546.28,3803554.8,6.2481999,0.49148244
905,2007-07-09,3627.98,3737.6899,3603.51,3711.71,415197.53,4371839.5,3.3505001,0.45009446
905,2007-07-10,3704.8799,3704.8799,3587.1599,3606.1899,347369.34,3767977.3,-2.8429,0.49099186
905,2007-07-11,3581.9099,3653.3101,3564.1499,3653.3101,248064.2,2641396.8,1.3066,0.49045658
905,2007-07-12,3659.3999,3687.1499,3634.48,3671.1799,235986.16,2539348.8,0.48910001,0.4946393
905,2007-07-13,3671.46,3672.3401,3596.25,3655.8501,201635.48,2198456.8,-0.41760001,0.480616
905,2007-07-16,3654.8601,3662.3601,3532.0601,3532.0601,208459.34,2234403.8,-3.3861001,0.4923189
905,2007-07-17,3514.28,3641.5,3492.27,3610.3799,214544.55,2285332.3,2.2174001,0.4728229
905,2007-07-18,3601.29,3673.8999,3573.53,3624.3401,249598.94,2771788.3,0.3867,0.40638843
905,2007-07-19,3615.97,3652.54,3593.21,3640.28,188387.55,2077556.4,0.43979999,0.28062403
905,2007-07-20,3642.3301,3791.3101,3642.3301,3788.74,352328.53,3874010.5,4.0783,0.2964891
905,2007-07-23,3813.98,3984.79,3813.98,3984.79,504335.63,5583808.0,5.1745,0.27508104
905,2007-07-24,4012.8,4097.4702,3977.45,3993.02,510894.53,5782063.0,0.20649999,0.2763998
905,2007-07-25,3991.3501,4106.8301,3991.1799,4106.8301,410576.06,4721345.5,2.8501999,0.15429659
905,2007-07-26,4135.0601,4212.3198,4103.2798,4190.8799,476203.94,5542545.5,2.0466001,0.15504147
905,2007-07-27,4171.8901,4269.8501,4111.6899,4269.77,481909.63,5665199.0,1.8824,0.13622752
905,2007-07-30,4279.04,4386.29,4277.8301,4353.0898,530096.56,6482790.5,1.9514,0.071289614
905,2007-07-31,4349.6099,4403.6699,4279.2998,4403.5801,507125.09,6260746.0,1.1599,0.012115165
905,2007-08-01,4423.04,4435.2402,4155.48,4161.1401,593988.75,7282885.0,-5.5054998,0.15843014
905,2007-08-02,4181.4902,4336.8101,4171.8599,4336.8101,464257.59,5883866.5,4.2217002,0.11579707
905,2007-08-03,4376.96,4424.27,4323.9902,4408.0498,538960.75,6967149.5,1.6427,0.09199767
905,2007-08-06,4446.21,4504.6602,4418.2598,4504.3398,547501.25,7045950.0,2.1844001,0.09013976
905,2007-08-07,4510.0801,4510.0801,4405.6001,4470.1401,510988.63,6677326.0,-0.75929999,0.093035094
905,2007-08-08,4435.79,4465.5698,4294.0601,4395.4302,461056.03,5898156.5,-1.6713001,0.14735985
905,2007-08-09,4392.9902,4444.96,4392.9902,4442.0601,388072.28,5131537.5,1.0609,0.15562594
905,2007-08-10,4443.1201,4443.1201,4243.7402,4348.8101,406786.78,5383003.5,-2.0992999,0.17030631
905,2007-08-13,4343.73,4350.3501,4257.3799,4329.77,405024.16,5019121.0,-0.43779999,0.1902711
905,2007-08-14,4329.9502,4440.7598,4324.8599,4436.21,370083.0,4694543.0,2.4583001,0.13367045
905,2007-08-15,4448.9199,4460.1699,4300.5601,4412.7998,370010.28,4671767.5,-0.52770001,0.1035284
905,2007-08-16,4396.8999,4462.5801,4344.46,4438.96,393677.19,4783042.5,0.59280002,0.09683577
905,2007-08-17,4422.6499,4482.73,4384.5298,4390.8799,380056.56,4660186.5,-1.0831,0.13356319
905,2007-08-20,4475.3999,4570.5698,4468.8501,4570.5698,455765.03,5627075.5,4.0922999,0.09163855
905,2007-08-21,4598.3799,4636.6401,4571.7598,4625.2798,495918.44,6252154.5,1.197,0.09347333
905,2007-08-22,4566.1802,4704.8799,4543.52,4685.0601,554684.31,6957314.5,1.2925,0.11582987
905,2007-08-23,4708.6699,4739.8901,4662.0298,4733.8398,500155.84,6455641.0,1.0412,0.096908644
905,2007-08-24,4752.2998,4765.1699,4703.0498,4742.9502,508811.16,6501891.0,0.19239999,0.09936643
905,2007-08-27,4802.4302,4822.02,4680.1001,4724.54,522418.19,6866849.5,-0.38820001,0.10567797
905,2007-08-28,4706.0298,4734.5601,4630.4199,4729.79,477764.78,6428998.0,0.1111,0.08163785
905,2007-08-29,4711.04,4762.46,4642.6499,4701.4399,449072.69,6058523.5,-0.59939998,0.052517995
905,2007-08-30,4721.3901,4849.6299,4721.3901,4843.71,515199.09,6534503.0,3.0260999,0.035555433
905,2007-08-31,4872.0,4914.9702,4868.46,4897.6401,555878.81,7001959.5,1.1134,-0.0033914906
905,2007-09-03,4941.98,5023.52,4941.98,5008.8301,646397.19,8442701.0,2.2702999,-0.0639171
905,2007-09-04,5032.5498,5055.6099,4957.8901,4980.5298,577740.63,7749588.0,-0.565,-0.06389079
905,2007-09-05,4985.5,5016.48,4900.54,5010.73,457667.88,6317068.0,0.60640001,-0.14132075
905,2007-09-06,5036.0601,5080.3398,5028.0498,5065.52,510299.34,7011095.0,1.0935,-0.21304819
905,2007-09-07,5036.79,5051.54,4937.8101,4939.23,573246.0,8053477.0,-2.4930999,-0.15442485
905,2007-09-10,4881.1201,5038.9502,4834.3198,5038.9399,492245.53,6678718.5,2.0186999,-0.13717166
905,2007-09-11,5041.23,5054.0898,4712.0898,4718.3101,557842.44,7508625.0,-6.3629999,-0.06622078
905,2007-09-12,4692.4102,4797.4199,4590.27,4770.77,479443.56,6135126.5,1.1118,-0.09562186
905,2007-09-13,4788.8701,4872.6602,4765.23,4872.6602,413706.34,5420789.0,2.1357,-0.10370524
905,2007-09-14,4892.23,4948.1001,4824.02,4936.6899,469015.66,6322236.0,1.3141,-0.11842755
905,2007-09-17,4926.8398,5052.7598,4919.7002,5047.6001,525117.31,6984613.0,2.2465999,-0.18381213
905,2007-09-18,5068.1099,5096.54,5002.23,5096.2402,497748.66,6676188.5,0.96359998,-0.16772954
905,2007-09-19,5106.8599,5114.96,5008.4502,5029.1001,431109.75,5907233.0,-1.3174,-0.19586009
905,2007-09-20,5043.4199,5083.29,5020.5898,5079.0801,412243.69,5634304.5,0.99379998,-0.27068093
905,2007-09-21,5093.2598,5098.7598,4922.3301,5028.8398,429010.56,5801519.5,-0.9892,-0.303911
905,2007-09-24,5040.2998,5080.5601,4974.5601,5054.73,396265.78,5502210.5,0.51480001,-0.29001945
905,2007-09-25,5054.4702,5081.8501,4977.4502,5013.0601,331472.25,4623726.0,-0.82440001,-0.2375176
905,2007-09-26,5010.2202,5034.7998,4903.29,4932.52,277709.25,3838115.3,-1.6066,-0.20754503
905,2007-09-27,4934.3701,4972.8301,4898.23,4972.7202,252452.16,3751998.5,0.815,-0.25688356
905,2007-09-28,5009.9102,5099.0601,5009.9102,5083.6499,353724.03,5137116.0,2.2307999,-0.25182495
905,2007-10-08,5169.2402,5178.6001,5084.6602,5088.6001,362583.09,5408603.0,0.097400002,-0.24097787
905,2007-10-09,5089.6401,5142.1699,5036.0698,5141.8901,354431.91,5022843.5,1.0472,-0.2984642
905,2007-10-10,5157.8901,5166.0898,5074.96,5109.1001,379836.66,5664978.5,-0.63770002,-0.2712474
905,2007-10-11,5110.6802,5114.23,4998.6001,5005.5,363943.78,5196788.5,-2.0278001,-0.27406254
905,2007-10-12,5005.5601,5006.5098,4662.1099,4891.3901,472447.63,6642607.0,-2.2797,-0.28202212
905,2007-10-15,4896.8301,4905.5898,4774.2402,4890.6001,342458.75,5205430.5,-0.0162,-0.31741098
905,2007-10-16,4898.3901,4943.98,4833.9302,4943.5601,286449.34,4309042.5,1.0829,-0.32952973
905,2007-10-17,4942.8301,4955.6802,4887.4502,4929.54,279590.88,4208275.0,-0.2836,-0.33738646
905,2007-10-18,4923.3398,4923.3398,4812.54,4814.46,274614.88,4003719.0,-2.3345001,-0.2917648
905,2007-10-19,4831.9902,4884.4302,4782.5098,4813.9502,221766.02,3280381.3,-0.0106,-0.2266081
905,2007-10-22,4775.6802,4812.2202,4686.0898,4688.29,233556.77,3304556.8,-2.6103001,-0.1987846
905,2007-10-23,4689.1099,4736.0298,4551.1299,4688.7202,229615.73,3236895.8,0.0092000002,-0.20456757
905,2007-10-24,4700.0,4712.3101,4590.8701,4596.6401,223165.89,3150747.5,-1.9639,-0.18210912
905,2007-10-25,4564.3398,4564.3398,4245.6499,4251.5,300980.41,3794533.8,-7.5085001,-0.08192875
905,2007-10-26,4196.25,4268.3101,4126.5698,4228.9502,215605.63,2722288.5,-0.53039998,-0.044642355
905,2007-10-29,4251.1699,4289.23,4211.1499,4288.79,180808.45,2319313.0,1.415,-0.061509192
905,2007-10-30,4303.7002,4388.4302,4264.77,4388.3301,187139.02,2418651.0,2.3209,-0.122620694
905,2007-10-31,4422.6001,4556.79,4414.3198,4550.1802,263096.13,3504252.5,3.6882,-0.124166556
905,2007-11-01,4557.6401,4557.6401,4430.27,4431.1001,233930.38,3137058.5,-2.6170001,-0.10039496
905,2007-11-02,4372.8701,4404.2598,4303.5698,4329.6299,216247.7,2915875.3,-2.29,-0.060162187
905,2007-11-05,4306.73,4396.04,4279.02,4361.8701,174710.52,2248252.5,0.7446,-0.06487818
905,2007-11-06,4365.1401,4431.3799,4362.2202,4395.0098,164203.38,2103382.0,0.75980002,-0.05154018
905,2007-11-07,4404.77,4432.3599,4304.8501,4385.8599,156671.95,2040162.6,-0.20819999,-0.058052447
905,2007-11-08,4373.6299,4373.6299,4203.0498,4205.6499,172156.09,2233153.3,-4.1089001,-0.03180008
905,2007-11-09,4174.4702,4215.8701,4098.2998,4153.2402,159292.48,2016622.9,-1.2462,-0.020030193
905,2007-11-12,4090.9099,4119.0801,3996.1599,4098.5601,172579.73,2076174.0,-1.3166,-0.06944395
905,2007-11-13,4121.0898,4171.25,4061.6001,4114.5098,167250.83,1965825.0,0.3892,-0.050003476
905,2007-11-14,4149.8901,4264.3999,4137.9902,4264.0,194913.77,2369721.8,3.6331999,-0.09203799
905,2007-11-15,4258.3701,4275.2402,4201.0298,4210.7002,192459.2,2431333.0,-1.25,-0.090495706
905,2007-11-16,4175.5698,4224.4102,4146.1001,4217.23,155454.3,1928444.8,0.1551,-0.11582959
905,2007-11-19,4228.5801,4319.77,4226.9502,4313.2798,179685.52,2253210.8,2.2776,-0.13208969
905,2007-11-20,4305.54,4389.1499,4285.9902,4371.6802,190628.34,2434898.8,1.354,-0.1199585
905,2007-11-21,4381.3398,4399.8101,4303.4399,4308.4199,175084.13,2280526.0,-1.447,-0.12979233
905,2007-11-22,4254.8101,4259.7598,4104.0801,4113.3101,155280.88,1913595.1,-4.5286002,-0.08695678
905,2007-11-23,4084.5801,4194.3398,4067.4099,4193.98,114251.17,1438157.8,1.9612,-0.09676491
905,2007-11-26,4238.5801,4266.98,4148.7598,4151.8799,140357.69,1812289.5,-1.0038,-0.091712624
905,2007-11-27,4130.1001,4173.2002,4102.0098,4108.9502,119955.48,1558662.8,-1.034,-0.098533705
905,2007-11-28,4118.4502,4155.0,4057.74,4078.04,114827.84,1452022.3,-0.75230002,-0.10312552
905,2007-11-29,4108.4399,4187.23,4059.3701,4185.27,163989.75,2041778.6,2.6294,-0.13269158
905,2007-11-30,4189.25,4196.6899,4113.4199,4122.9302,155117.98,1899359.0,-1.4895,-0.19649622
905,2007-12-03,4113.21,4186.48,4101.1001,4170.2598,140523.27,1746367.4,1.148,-0.22620651
905,2007-12-04,4174.79,4209.04,4174.79,4194.02,139675.44,1724392.1,0.5697,-0.23759305
905,2007-12-05,4190.48,4273.1299,4180.0601,4273.0498,176996.05,2259182.8,1.8843,-0.28736845
905,2007-12-06,4281.8999,4292.9102,4251.7798,4291.0698,158940.81,1976207.6,0.4217,-0.3060425
905,2007-12-07,4295.29,4362.2202,4291.8701,4362.2202,191308.19,2398410.8,1.6581,-0.3601217
905,2007-12-10,4304.75,4484.1099,4288.5,4483.8301,277569.59,3616275.5,2.7878001,-0.34166995
905,2007-12-11,4495.5,4535.1499,4464.2402,4534.9399,291016.47,3655959.5,1.1399,-0.40400532
905,2007-12-12,4520.9302,4573.52,4497.6699,4544.6802,256640.17,3300082.5,0.2148,-0.39175478
905,2007-12-13,4533.0898,4564.3599,4401.1299,4402.6401,265837.66,3425914.5,-3.1254001,-0.38264996
905,2007-12-14,4359.8101,4499.5601,4331.3198,4499.5298,223074.66,2732870.8,2.2007,-0.37620816
905,2007-12-17,4512.3799,4564.25,4498.96,4506.04,289544.06,3725286.0,0.14470001,-0.34157267
905,2007-12-18,4489.4199,4531.2598,4453.77,4467.8101,178920.83,2240353.5,-0.8484,-0.32779148
905,2007-12-19,4490.77,4575.4102,4490.77,4565.6201,235567.3,3023258.0,2.1891999,-0.3883175
905,2007-12-20,4576.0898,4627.6899,4567.79,4621.3901,235527.88,3112876.5,1.2215,-0.3911529
905,2007-12-21,4603.7598,4692.1201,4602.1001,4691.5298,262008.56,3492087.8,1.5177,-0.4106272
905,2007-12-24,4724.1699,4810.5601,4724.0801,4772.6401,348451.38,4724285.0,1.7289,-0.41096961
905,2007-12-25,4780.4702,4820.4302,4755.0098,4815.21,285569.97,3909138.0,0.89200002,-0.38911906
905,2007-12-26,4829.5898,4912.8398,4829.5898,4912.8398,308238.0,4278096.0,2.0274999,-0.40134624
905,2007-12-27,4933.73,4987.21,4932.9199,4963.4502,357018.78,5058005.0,1.0302,-0.37647203
905,2007-12-28,4972.0801,4984.2202,4927.6401,4947.6001,298035.72,4272200.0,-0.3193,-0.36487994
905,2008-01-02,4963.0498,5125.3198,4960.3501,5123.9302,343459.13,5044993.5,3.5639999,-0.3703759
905,2008-01-03,5129.0498,5241.5498,5110.5298,5230.75,419874.84,6175273.5,2.0847001,-0.39731586
905,2008-01-04,5241.0898,5246.1099,5171.3999,5243.0298,333085.91,5032651.0,0.2348,-0.40249625
905,2008-01-07,5237.9399,5358.5898,5222.2002,5347.8101,404037.13,6129820.5,1.9985,-0.40193275
905,2008-01-08,5358.8101,5367.54,5158.1201,5200.5498,424728.84,6391395.0,-2.7537,-0.402692
905,2008-01-09,5176.27,5356.48,5167.3398,5356.48,348237.84,5318925.5,2.9983001,-0.44953963
905,2008-01-10,5372.8198,5438.3101,5354.8599,5382.3301,408496.78,6296459.5,0.4826,-0.45778686
905,2008-01-11,5385.9102,5392.27,5290.71,5376.7998,349482.34,5393795.0,-0.1027,-0.43910873
905,2008-01-14,5382.73,5450.8901,5368.48,5445.1001,338508.69,5336431.5,1.2703,-0.42342475
905,2008-01-15,5451.6401,5495.3901,5418.1201,5487.0898,368804.03,5681880.5,0.7712,-0.42592156
905,2008-01-16,5461.8799,5463.2002,5389.1499,5412.9102,390599.91,5891456.5,-1.3519,-0.42310333
905,2008-01-17,5380.8198,5467.1299,5106.9199,5270.96,429350.88,6526497.0,-2.6224,-0.39275956
905,2008-01-18,5268.8999,5320.4502,5210.3599,5317.4502,312382.28,4492473.5,0.88200003,-0.40344155
905,2008-01-21,5331.6699,5343.8701,5078.5,5097.23,354629.72,5189488.5,-4.1415,-0.36909848
905,2008-01-22,4976.79,4976.79,4639.96,4661.8301,403744.63,5644983.0,-8.5418997,-0.3242997
905,2008-01-23,4662.71,4912.48,4624.9399,4912.0601,381947.56,5367669.5,5.3676,-0.3622289
905,2008-01-24,4951.3799,5116.4902,4915.9702,5080.9302,427800.38,6246966.5,3.4379001,-0.4061678
905,2008-01-25,5081.3101,5146.8599,5054.0801,5096.6899,389043.84,5547846.5,0.31020001,-0.39886275
905,2008-01-28,5073.6299,5073.6299,4712.6099,4740.5,345345.66,4694214.5,-6.9886999,-0.36922902
905,2008-01-29,4757.1899,4888.79,4720.6802,4840.6401,237444.33,3268555.3,2.1124001,-0.40137464
905,2008-01-30,4878.3999,4950.1802,4725.3901,4851.4302,249044.77,3553242.5,0.2229,-0.4013745
905,2008-01-31,4839.3999,4868.3101,4661.5898,4663.4199,185679.34,2573768.8,-3.8754001,-0.37304595
905,2008-02-01,4653.54,4686.6001,4308.52,4456.9302,225136.63,2918254.5,-4.4278998,-0.3915184
905,2008-02-04,4570.1099,4821.0801,4570.1099,4820.3901,213050.53,3000846.3,8.1548996,-0.47958773
905,2008-02-05,4818.54,4889.3799,4751.23,4839.0,207739.2,3004527.3,0.38609999,-0.4888572
905,2008-02-13,4798.5698,4884.6899,4749.1499,4813.5801,155870.41,2213022.8,-0.52530003,-0.4863906
905,2008-02-14,4842.9399,4929.77,4842.9399,4910.3599,161134.69,2268297.3,2.0106001,-0.49419186
905,2008-02-15,4884.3701,4886.0601,4800.6401,4886.02,191627.8,2727791.0,-0.4957,-0.49371472
905,2008-02-18,4953.0298,5072.1099,4946.5098,5043.1401,289227.53,4343499.5,3.2156999,-0.5460566
905,2008-02-19,5054.6099,5137.8398,5026.5601,5133.3599,288233.25,4428044.0,1.789,-0.54668677
905,2008-02-20,5152.2798,5171.1802,5079.77,5089.4399,314771.5,4722351.5,-0.8556,-0.5047117
905,2008-02-21,5068.0298,5184.1499,5022.6499,5153.6001,315545.78,4571461.5,1.2606,-0.5282715
905,2008-02-22,5140.1201,5151.29,4938.73,5029.2002,311991.66,4499682.0,-2.4138,-0.52626264
905,2008-02-25,5038.6299,5068.98,4856.48,4869.6499,267355.88,3844095.5,-3.1724999,-0.5124783
905,2008-02-26,4974.71,5021.6001,4729.8501,4868.8101,252875.95,3617548.5,-0.017200001,-0.5389038
905,2008-02-27,4880.1602,4977.3398,4854.1499,4977.3398,237748.98,3361674.3,2.2291,-0.55038834
905,2008-02-28,4986.4399,5045.1099,4935.2998,4989.4102,241176.14,3421737.3,0.24250001,-0.55168647
905,2008-02-29,4984.3999,5058.1201,4976.1499,5057.6201,253946.88,3568436.0,1.3671,-0.543825
905,2008-03-03,5044.9399,5227.79,5014.2798,5227.73,374225.63,5484983.0,3.3634,-0.57188874
905,2008-03-04,5246.4102,5279.21,5177.7402,5192.5898,431681.16,6136698.5,-0.67220002,-0.56596416
905,2008-03-05,5171.7798,5218.2998,5068.2002,5214.2402,385793.0,5415474.0,0.41690001,-0.5709289
905,2008-03-06,5229.7798,5296.2598,5220.3701,5223.8198,447580.19,6138984.0,0.1837,-0.5683829
905,2008-03-07,5194.6602,5208.8999,5104.9199,5115.9199,299537.84,4139418.0,-2.0655,-0.5799895
905,2008-03-10,5081.1099,5084.3999,4915.4399,4948.3501,238578.8,3277440.5,-3.2755001,-0.5877636
905,2008-03-11,4906.1401,5015.9302,4841.5601,5015.9302,204395.09,2876761.8,1.3657,-0.58979493
905,2008-03-12,5095.9702,5122.54,4880.7002,4881.0298,225393.81,3173919.8,-2.6894,-0.5753335
905,2008-03-13,4829.2402,4844.1802,4589.5098,4688.6802,259247.78,3459493.5,-3.9408,-0.5661359
905,2008-03-14,4665.8301,4718.1802,4598.1499,4662.3198,165793.45,2226491.0,-0.56220001,-0.562737
905,2008-03-17,4641.9199,4642.73,4299.5601,4302.6099,211128.47,2726082.0,-7.7153001,-0.5366859
905,2008-03-18,4237.2998,4327.3799,3926.46,3986.3201,243309.8,2857747.8,-7.3511,-0.50931185
905,2008-03-19,4065.0,4241.9399,3989.6399,4176.4902,255173.09,3112810.3,4.7705998,-0.5452354
905,2008-03-20,4112.7002,4394.7598,3956.03,4347.7402,284283.88,3572212.0,4.1002998,-0.5200196
905,2008-03-21,4347.27,4448.0601,4315.6802,4405.8599,257173.59,3412392.3,1.3368,-0.5045712
905,2008-03-24,4459.5098,4489.46,4312.77,4314.5801,257575.48,3485506.0,-2.0718,-0.5266747
905,2008-03-25,4233.9502,4386.8398,4190.54,4367.3398,223865.73,2876819.0,1.2228,-0.52177984
905,2008-03-26,4383.73,4446.54,4317.0601,4352.0498,194596.38,2513737.0,-0.35010001,-0.5087211
905,2008-03-27,4298.3901,4298.3901,4115.52,4119.79,217481.98,2699011.0,-5.3368001,-0.48152697
905,2008-03-28,4072.04,4248.3999,3948.8501,4241.4502,230761.98,2852639.0,2.9531,-0.5157222
905,2008-03-31,4129.9302,4200.7598,4042.6201,4044.1001,190531.05,2306552.5,-4.6529002,-0.49403083
905,2008-04-01,4024.4399,4070.1201,3695.51,3704.27,227535.75,2540235.5,-8.4031,-0.46126768
905,2008-04-02,3725.1899,3778.5701,3464.4099,3500.52,230760.91,2466868.3,-5.5004001,-0.4372779
905,2008-04-03,3469.79,3631.55,3392.0801,3588.76,189388.39,1995652.5,2.5208001,-0.48801258
905,2008-04-07,3544.3101,3825.8501,3506.79,3822.3701,218547.28,2425326.3,6.5095,-0.510003
905,2008-04-08,3832.9199,3941.24,3806.29,3908.8,251500.56,2960224.3,2.2612,-0.53532547
905,2008-04-09,3887.99,3960.77,3694.96,3695.3101,243202.2,2826540.8,-5.4618001,-0.5110586
905,2008-04-10,3639.6101,3803.6499,3614.7,3803.46,207133.13,2353295.3,2.9267001,-0.551837
905,2008-04-11,3831.04,3898.51,3823.6699,3862.3601,199079.41,2342052.8,1.5486,-0.5530194
905,2008-04-14,3778.6899,3779.25,3597.0801,3607.22,208268.98,2329962.0,-6.6058002,-0.5047266
905,2008-04-15,3588.23,3723.27,3529.1799,3723.27,181377.31,2070752.4,3.2172,-0.5212112
905,2008-04-16,3717.1299,3732.78,3612.5901,3633.6799,174131.94,2046129.5,-2.4061999,-0.5187138
905,2008-04-17,3632.8301,3695.1699,3458.53,3511.9099,172247.05,1894061.0,-3.3511,-0.49697173
905,2008-04-18,3483.8601,3495.03,3333.1101,3338.27,167323.06,1689672.4,-4.9443002,-0.47841844
905,2008-04-21,3578.8,3579.5801,3273.5801,3314.51,218378.05,2360027.8,-0.71170002,-0.5158379
905,2008-04-22,3264.6599,3281.48,3093.6699,3266.3799,190598.48,1857510.4,-1.4521,-0.4972844
905,2008-04-23,3238.46,3428.5601,3210.75,3409.77,227780.41,2377115.8,4.3899002,-0.53752595
905,2008-04-24,3692.55,3726.8701,3603.96,3723.0701,470857.31,5315216.0,9.1883001,-0.5728713
905,2008-04-25,3716.51,3873.3301,3669.3601,3756.3301,427920.13,4948040.0,0.8933,-0.58416325
905,2008-04-28,3696.9299,3779.5801,3667.5801,3729.5601,307787.41,3597700.3,-0.71270001,-0.58713627
905,2008-04-29,3714.79,3782.52,3708.5901,3759.55,258857.81,2995385.0,0.80409998,-0.5974252
905,2008-04-30,3771.1899,3910.4099,3771.1899,3903.1799,377908.31,4408872.0,3.8204,-0.59946245
905,2008-05-05,3943.2,4046.6799,3895.6399,4040.1599,391723.66,4740639.5,3.5093999,-0.61966854
905,2008-05-06,4015.55,4086.4299,3969.97,4024.99,398417.0,4918695.0,-0.37549999,-0.6121183
905,2008-05-07,4001.5901,4049.1101,3849.98,3850.23,374705.28,4572166.5,-4.3418999,-0.5646286
905,2008-05-08,3805.3401,3985.2,3796.55,3985.2,318205.28,3815752.5,3.5055001,-0.58274364
905,2008-05-09,4014.1699,4049.78,3891.49,3986.24,374492.72,4662156.5,0.0261,-0.5724718
905,2008-05-12,3926.05,4110.7002,3893.3899,4069.1499,376975.03,4738465.5,2.0799,-0.5614563
905,2008-05-13,3944.54,4107.5898,3932.71,4078.8799,469810.38,5763108.0,0.23909999,-0.54215616
905,2008-05-14,4076.8799,4171.27,4076.8799,4168.4902,436836.81,5380978.0,2.1968999,-0.5300289
905,2008-05-15,4186.75,4230.77,4131.25,4131.25,397350.66,4860517.5,-0.89340001,-0.5603534
905,2008-05-16,4126.6499,4160.3999,4005.0701,4071.9099,306528.09,3811405.0,-1.4364001,-0.5225017
905,2008-05-19,4059.28,4100.5601,4008.5701,4070.05,228059.3,2811169.3,-0.045699999,-0.5212147
905,2008-05-20,4070.8,4098.6499,3792.1499,3813.9399,312865.47,3710555.8,-6.2926002,-0.4963109
905,2008-05-21,3757.0601,3932.3,3663.2,3908.77,344006.06,3869131.8,2.4863999,-0.528665
905,2008-05-22,3866.7,3958.45,3834.54,3871.55,314159.75,3660108.5,-0.9522,-0.5279307
905,2008-05-23,3857.22,3890.1599,3746.01,3829.6499,292454.91,3179525.5,-1.0822999,-0.520904
905,2008-05-26,3804.3,3812.3101,3726.76,3728.75,283236.69,3075667.5,-2.6347001,-0.5007657
905,2008-05-27,3712.76,3752.96,3679.0,3743.54,201086.59,2194758.5,0.39660001,-0.50809926
905,2008-05-28,3749.6001,3864.8101,3730.74,3847.26,235238.75,2699694.0,2.7706001,-0.50107867
905,2008-05-29,3839.54,3859.8501,3749.22,3749.22,242582.98,2737156.5,-2.5483,-0.47793943
905,2008-05-30,3744.25,3781.3301,3695.29,3755.6299,213454.58,2361664.5,0.171,-0.4568341
905,2008-06-02,3747.5901,3804.79,3730.1399,3788.1499,210080.27,2302391.0,0.86589998,-0.46208042
905,2008-06-03,3789.04,3804.5601,3741.4099,3771.1001,226009.17,2538929.0,-0.4501,-0.4434887
905,2008-06-04,3759.8799,3764.5701,3667.27,3704.0801,205180.31,2200598.8,-1.7772,-0.408617
905,2008-06-05,3690.8601,3705.46,3639.8101,3657.49,172254.67,1876162.1,-1.2578,-0.41638115
905,2008-06-06,3662.05,3680.27,3607.24,3629.9199,151060.7,1658857.0,-0.75379997,-0.3950996
905,2008-06-10,3487.05,3487.05,3297.9099,3312.79,188758.08,1896534.5,-8.7365999,-0.3578887
905,2008-06-11,3250.4399,3270.8501,3165.7,3226.9199,201263.44,1951048.1,-2.5920999,-0.37030044
905,2008-06-12,3209.9199,3244.5801,3125.0901,3197.55,200015.41,2014462.9,-0.9102,-0.35168177
905,2008-06-13,3202.26,3227.48,3042.5,3045.1101,175868.73,1682047.4,-4.7673998,-0.30700698
905,2008-06-16,3041.7,3076.4399,2926.71,2977.8201,157807.58,1435148.0,-2.2098,-0.28259262
905,2008-06-17,2974.0901,3005.79,2776.8501,2791.29,185129.67,1609049.1,-6.2639999,-0.22066137
905,2008-06-18,2767.8,2970.3999,2684.6699,2951.8401,263568.34,2273910.8,5.7518001,-0.25639942
905,2008-06-19,2927.1599,2936.6799,2700.3701,2702.8,239815.73,2102658.0,-8.4368,-0.18844162
905,2008-06-20,2718.78,2866.6101,2596.8401,2764.28,275858.38,2314408.0,2.2746999,-0.256754
905,2008-06-23,2726.45,2779.01,2693.0601,2717.97,166766.56,1423933.6,-1.6753,-0.2604407
905,2008-06-24,2708.78,2818.9199,2702.6299,2806.77,202448.27,1739545.3,3.2671001,-0.28619373
905,2008-06-25,2805.5901,2966.8999,2797.1201,2966.8999,284497.53,2457540.3,5.7051001,-0.33136943
905,2008-06-26,2965.46,3041.3701,2939.8601,3003.3,304257.38,2761891.3,1.2269,-0.33914027
905,2008-06-27,2902.02,2920.1101,2762.1899,2792.71,260664.2,2254486.8,-7.0120001,-0.29406562
905,2008-06-30,2762.3401,2838.1799,2737.75,2813.72,163617.69,1495588.8,0.75230002,-0.31072384
905,2008-07-01,2819.53,2831.9099,2741.1101,2765.0601,170183.53,1586617.9,-1.7294,-0.2693685
905,2008-07-02,2768.72,2848.6299,2754.6899,2811.23,172557.84,1635959.6,1.6698,-0.25588092
905,2008-07-03,2776.9199,2973.3799,2742.74,2941.52,307514.13,2879241.5,4.6346002,-0.2844108
905,2008-07-04,2931.8501,2979.8,2913.2,2941.0901,268797.5,2668754.3,-0.0146,-0.30219752
905,2008-07-07,2948.6899,3096.27,2948.6899,3094.8501,344925.31,3344780.8,5.2280002,-0.3189428
905,2008-07-08,3101.29,3154.27,3044.6699,3142.3201,365761.09,3538065.3,1.5338,-0.3196619
905,2008-07-09,3148.6101,3226.2,3146.74,3226.1499,420981.41,3915251.3,2.6677999,-0.35475102
905,2008-07-10,3186.5901,3264.02,3152.49,3152.49,420474.5,4103277.5,-2.2832,-0.31480825
905,2008-07-11,3133.6899,3167.8201,3074.0601,3132.73,301547.09,2887470.8,-0.6268,-0.30378294
905,2008-07-14,3111.5801,3198.6101,3100.04,3198.3501,260407.84,2566363.3,2.0947001,-0.3135117
905,2008-07-15,3208.55,3231.3701,3085.1201,3106.3301,326452.44,3164503.5,-2.8771,-0.29408336
905,2008-07-16,3072.4099,3081.4099,2893.3601,2948.53,276099.56,2543666.5,-5.0798998,-0.24883243
905,2008-07-17,2991.3501,3031.8899,2901.9399,2918.3701,239288.52,2238829.5,-1.0229,-0.24011354
905,2008-07-18,2935.6499,3026.1399,2855.9199,3015.8,236823.83,2192820.0,3.3385,-0.25181708
905,2008-07-21,3002.46,3151.03,2982.51,3139.51,286637.97,2658407.5,4.1020999,-0.2871244
905,2008-07-22,3138.76,3183.1899,3126.1699,3150.02,292131.13,2693639.3,0.3348,-0.2676967
905,2008-07-23,3161.21,3180.1799,3116.8401,3122.6899,283950.72,2633085.8,-0.86760002,-0.24115106
905,2008-07-24,3137.4399,3206.3799,3134.97,3200.74,308531.28,2840531.3,2.4993999,-0.24270953
905,2008-07-25,3167.8999,3205.5801,3148.5,3172.1699,263983.63,2545262.3,-0.8926,-0.24822438
905,2008-07-28,3190.28,3229.1599,3190.28,3215.8501,277423.63,2634358.5,1.377,-0.22454719
905,2008-07-29,3179.78,3182.22,3126.02,3150.0,270289.19,2486160.8,-2.0476999,-0.18119682
905,2008-07-30,3184.23,3201.05,3105.96,3132.77,223205.19,2056838.0,-0.54699999,-0.15307859
905,2008-07-31,3139.79,3147.6499,3015.6599,3017.22,208797.5,1870204.6,-3.6884,-0.11904004
905,2008-08-01,3001.0,3084.1001,2958.03,3063.8101,206839.63,1850436.8,1.5441,-0.11615935
905,2008-08-04,3044.1399,3067.04,2986.3501,2990.1699,178278.95,1617442.8,-2.4035001,-0.06192287
905,2008-08-05,2988.3401,3005.6399,2889.26,2897.73,185064.16,1684150.3,-3.0915,-0.014939315
905,2008-08-06,2913.8701,2941.3999,2857.9099,2904.1899,180560.02,1641368.5,0.2229,-0.057024438
905,2008-08-07,2899.8501,2931.0,2871.1799,2923.75,177884.36,1576531.5,0.6735,-0.099475026
905,2008-08-08,2924.9299,2924.9299,2709.96,2711.96,213097.05,1835167.1,-7.2438002,-0.009022995
905,2008-08-11,2699.0901,2699.0901,2497.28,2508.5901,198157.11,1474062.3,-7.4990001,0.10698037
905,2008-08-12,2467.6799,2508.4299,2436.9399,2473.4199,162837.98,1189703.1,-1.402,0.16106044
905,2008-08-13,2454.8899,2496.6001,2369.3799,2472.3,177955.73,1350761.1,-0.045299999,0.114039555
905,2008-08-14,2458.8,2506.47,2443.8799,2483.7,145205.88,1146434.5,0.46110001,0.1157145
905,2008-08-15,2478.1599,2510.96,2446.03,2473.72,135705.25,1054941.8,-0.40180001,0.03943858
905,2008-08-18,2479.3899,2483.98,2287.28,2289.3,153363.31,1077086.3,-7.4552002,0.055759404
905,2008-08-19,2255.72,2331.3501,2235.71,2327.02,139202.56,986694.19,1.6477,0.06522939
905,2008-08-20,2316.6799,2521.0801,2287.6899,2520.74,263307.56,1857812.4,8.3247995,-0.008295144
905,2008-08-21,2484.8301,2535.0601,2419.71,2431.1001,253292.84,1868890.5,-3.5560999,0.09062144
905,2008-08-22,2412.8799,2418.8899,2326.27,2382.52,178753.39,1290939.9,-1.9983,0.12132536
905,2008-08-25,2379.21,2413.8799,2348.96,2374.0601,140332.19,1009346.9,-0.35510001,0.11769285
905,2008-08-26,2347.8101,2347.8101,2207.6699,2244.99,176927.14,1206802.6,-5.4366999,0.12963086
905,2008-08-27,2230.1499,2279.55,2180.9399,2237.8701,161341.88,1099163.5,-0.31720001,0.16245349
905,2008-08-28,2232.71,2256.96,2216.0601,2236.8201,132635.77,910868.06,-0.0469,0.15671802
905,2008-08-29,2242.1599,2334.8,2242.1599,2307.1599,194179.17,1318631.4,3.1445999,0.12572604
905,2008-09-01,2290.4099,2290.4099,2219.52,2238.05,154553.66,1024643.9,-2.9955001,0.14815572
905,2008-09-02,2224.8,2278.49,2198.6399,2253.77,154494.78,957297.19,0.70240003,0.15498036
905,2008-09-03,2246.73,2268.3799,2199.1499,2237.28,188664.91,1183483.3,-0.7317,0.20663935
905,2008-09-04,2233.1101,2278.52,2220.6399,2254.6899,156005.56,979053.88,0.77819997,0.21282753
905,2008-09-05,2193.5701,2210.76,2145.6599,2148.74,174620.08,1100252.6,-4.6991,0.3017675
905,2008-09-08,2146.76,2160.8601,2031.53,2039.89,158946.45,976237.56,-5.0658002,0.36483344
905,2008-09-09,2044.3,2070.47,2021.8199,2057.5601,127552.83,799126.88,0.86619997,0.3821613
905,2008-09-10,2044.03,2108.6001,2025.67,2072.8101,153417.23,976717.75,0.74119997,0.38234085
905,2008-09-11,2068.1799,2089.96,2023.25,2034.25,131752.95,825781.06,-1.8602999,0.36937934
905,2008-09-12,2032.36,2067.5901,2031.21,2038.66,104966.91,654130.94,0.2168,0.3996497
905,2008-09-16,2036.38,2037.6801,1981.22,1993.46,149410.77,886373.88,-2.2170999,0.4436607
905,2008-09-17,1988.78,2013.01,1946.8,1956.04,141832.02,832111.06,-1.8771,0.4740036
905,2008-09-18,1915.3199,1938.8199,1797.08,1899.3199,211478.27,1157730.9,-2.8996999,0.53430176
905,2008-09-19,2072.6101,2086.8301,2049.02,2086.8301,230837.55,1446308.4,9.8725004,0.41978022
905,2008-09-22,2213.53,2276.6599,2097.78,2182.79,462443.81,3009901.8,4.5984001,0.35869232
905,2008-09-23,2108.51,2110.0601,2041.97,2042.2,274462.03,1741808.8,-6.4408002,0.43680835
905,2008-09-24,2006.01,2088.55,1984.23,2088.55,217664.16,1393176.6,2.2695999,0.4213306
905,2008-09-25,2091.3899,2158.1499,2086.0801,2138.0701,348368.75,2251695.3,2.3710001,0.34100837
905,2008-09-26,2144.52,2156.96,2094.7,2136.0,268043.91,1694869.4,-0.096799999,0.36470973
905,2008-10-06,2092.3501,2096.3501,2049.3601,2054.04,209825.5,1377226.9,-3.8371,0.46510288
905,2008-10-07,1994.02,2070.72,1972.95,2046.1899,187060.28,1208311.5,-0.3822,0.49075612
905,2008-10-08,2005.91,2033.22,1975.8199,1995.61,166356.78,1042639.8,-2.4719,0.55312407
905,2008-10-09,2034.55,2042.8,1968.9,1969.8199,157493.38,964731.44,-1.2923,0.5959937
905,2008-10-10,1901.03,1901.03,1836.5,1837.4,191474.69,1047009.1,-6.7224002,0.71941876
905,2008-10-13,1814.54,1872.95,1751.52,1872.95,172476.25,952596.13,1.9348,0.66551155
905,2008-10-14,1932.08,1941.1,1816.3199,1816.3199,216443.81,1241270.1,-3.0236001,0.7650415
905,2008-10-15,1801.39,1823.7,1781.17,1806.79,140040.5,768564.13,-0.52469999,0.7739085
905,2008-10-16,1741.12,1756.36,1703.24,1704.5699,176518.7,911730.31,-5.6574998,0.78498983
905,2008-10-17,1717.58,1736.23,1696.72,1726.4,138108.88,724831.0,1.2807,0.77230656
905,2008-10-20,1725.5601,1787.9,1705.5699,1786.5601,167389.52,881754.63,3.4847,0.69978046
905,2008-10-21,1793.66,1824.38,1776.7,1782.66,200645.84,1072321.0,-0.2183,0.63581955
905,2008-10-22,1765.62,1792.6,1747.46,1748.84,166820.09,849520.63,-1.8972,0.6925219
905,2008-10-23,1716.3,1766.59,1706.83,1766.59,154666.92,788468.81,1.015,0.720852
905,2008-10-24,1764.8101,1777.6899,1723.5,1741.1801,159409.38,828182.56,-1.4384,0.7724875
905,2008-10-27,1711.8199,1711.8199,1602.52,1604.76,195655.98,947993.69,-7.8348999,0.987992
905,2008-10-28,1570.99,1650.79,1562.4,1642.0601,201577.77,970278.88,2.3243001,0.961329
905,2008-10-29,1662.04,1665.73,1576.88,1576.9301,186644.23,889966.25,-3.9663999,1.0702124
905,2008-10-30,1585.52,1613.4,1565.72,1590.23,165929.59,786068.63,0.8434,1.0390949
905,2008-10-31,1590.45,1599.16,1553.49,1562.02,137540.41,633007.44,-1.774,1.0854983
905,2008-11-03,1553.88,1563.6899,1532.95,1539.8,123549.45,574248.5,-1.4225,1.0356995
905,2008-11-04,1533.75,1535.74,1488.65,1513.5,142121.53,655833.69,-1.7079999,1.1223257
905,2008-11-05,1519.8,1573.52,1519.8,1563.37,206289.16,939544.5,3.2950001,1.0687041
905,2008-11-06,1530.03,1542.76,1514.58,1536.6,167755.25,747261.63,-1.7122999,1.1128206
905,2008-11-07,1512.98,1569.26,1503.63,1561.22,178392.27,780528.81,1.6022,1.0949898
905,2008-11-10,1585.29,1677.38,1585.29,1676.28,318920.66,1471618.0,7.3699002,0.9660498
905,2008-11-11,1671.24,1702.1801,1651.59,1662.85,348522.44,1645340.9,-0.80119997,0.9998978
905,2008-11-12,1648.09,1704.23,1642.4,1704.23,268259.59,1240850.6,2.4885001,0.9401548
905,2008-11-13,1686.0699,1802.61,1680.77,1784.5,475078.69,2335800.8,4.71,0.8198263
905,2008-11-14,1802.25,1867.49,1781.72,1867.49,550503.38,2794649.3,4.6506,0.74272954
905,2008-11-17,1864.3101,1959.0699,1851.87,1959.0699,565359.13,2977163.8,4.9039001,0.6699251
905,2008-11-18,1949.21,1971.66,1806.52,1816.29,639761.06,3347321.3,-7.2881999,0.8030436
905,2008-11-19,1803.41,1949.46,1803.41,1944.33,534370.19,2811667.0,7.0495,0.6852849
905,2008-11-20,1916.87,1990.3,1900.52,1948.6801,598226.0,3123757.0,0.2237,0.71004987
905,2008-11-21,1890.98,1973.28,1833.98,1921.04,550831.75,2843214.8,-1.4184,0.7458876
905,2008-11-24,1920.55,1938.47,1839.09,1842.34,372020.84,1992818.1,-4.0967002,0.83472645
905,2008-11-25,1869.02,1886.46,1780.91,1827.64,281194.53,1464596.1,-0.79790002,0.8471198
905,2008-11-26,1825.34,1857.71,1806.09,1834.77,239631.09,1226435.1,0.3901,0.8289922
905,2008-11-27,1961.97,1965.65,1860.99,1861.52,475399.19,2494945.3,1.4579,0.7997336
905,2008-11-28,1845.3,1868.33,1821.17,1841.45,307414.25,1569103.5,-1.0782,0.8284015
905,2008-12-01,1836.42,1919.48,1820.53,1919.48,371769.44,1923920.1,4.2374001,0.7729854
905,2008-12-02,1878.35,1973.1,1868.9399,1957.3199,502167.22,2697362.0,1.9714,0.7283838
905,2008-12-03,1972.4,2039.9301,1972.17,2039.9301,594290.75,3281453.0,4.2206001,0.6224037
905,2008-12-04,2062.6399,2110.6699,2034.64,2037.72,742847.31,4203981.0,-0.1083,0.6472872
905,2008-12-05,2024.41,2098.6599,2020.55,2098.6599,513662.91,2936340.8,2.9906001,0.5959471
905,2008-12-08,2128.6799,2190.53,2120.54,2190.53,698110.88,4112688.3,4.3776002,0.5539436
905,2008-12-09,2196.03,2196.03,2123.9299,2134.5801,608450.44,3667106.5,-2.5541999,0.6074731
905,2008-12-10,2123.04,2199.78,2113.1499,2195.74,528666.81,3149195.0,2.8652,0.5639648
905,2008-12-11,2195.48,2203.3,2125.8501,2127.1799,516298.22,3127250.3,-3.1224,0.60077196
905,2008-12-12,2107.48,2118.5901,2001.1801,2031.99,455098.22,2589883.0,-4.4748998,0.6693537
905,2008-12-15,2063.9099,2082.78,2021.05,2073.03,361960.28,2095473.8,2.0197001,0.6552775
905,2008-12-16,2058.6699,2110.5701,2008.41,2110.24,361154.19,2092526.3,1.795,0.6242086
905,2008-12-17,2117.6499,2164.5901,2110.0601,2136.3101,443306.19,2666886.8,1.2354,0.6142132
905,2008-12-18,2135.6799,2176.46,2118.3,2175.3601,418719.91,2474830.3,1.8279001,0.5982595
905,2008-12-19,2175.76,2216.8899,2169.8701,2194.99,481679.47,2899809.0,0.90240002,0.57279074
905,2008-12-22,2196.3899,2213.0,2154.4299,2193.48,425599.38,2528736.5,-0.068800002,0.5973476
905,2008-12-23,2197.79,2197.79,2052.6201,2054.54,457661.0,2647040.0,-6.3341999,0.72326165
905,2008-12-24,2020.96,2043.15,1985.8199,2010.1,343140.88,1921272.1,-2.1630001,0.7834238
905,2008-12-25,2015.96,2035.84,1966.54,2003.49,281896.66,1571003.8,-0.32879999,0.79319084
905,2008-12-26,2006.13,2018.14,1976.08,1983.76,212884.77,1212327.4,-0.98479998,0.80928636
905,2008-12-29,1977.21,1991.5699,1928.0699,1984.76,200600.69,1098106.3,0.0504,0.83066463
905,2008-12-30,1983.46,2004.64,1961.8,1971.47,222691.84,1261790.8,-0.66960001,0.8776801
905,2008-12-31,1973.41,1983.13,1938.01,1939.4301,199166.36,1149526.9,-1.6252,0.9180738
905,2009-01-05,1969.63,2020.24,1962.62,2020.24,247182.27,1427097.0,4.1666999,0.8583634
905,2009-01-06,2016.87,2093.6001,2005.33,2091.8899,383259.78,2224316.8,3.5466001,0.8231743
905,2009-01-07,2092.74,2120.21,2082.55,2104.9199,401559.0,2363499.0,0.62290001,0.82839733
905,2009-01-08,2069.22,2087.1599,2034.4,2052.3,335926.09,1958753.0,-2.4999001,0.865814
905,2009-01-09,2050.3201,2107.77,2050.3201,2107.77,315855.63,1904418.5,2.7028,0.82793194
905,2009-01-12,2105.1499,2162.3501,2100.04,2137.8401,380117.69,2321302.3,1.4266,0.8333597
905,2009-01-13,2116.1101,2125.46,2078.0601,2081.6699,333559.66,1971578.8,-2.6273999,0.8371261
905,2009-01-14,2078.45,2160.0601,2078.45,2160.0601,376429.28,2249468.5,3.7657001,0.8029869
905,2009-01-15,2143.05,2208.3501,2135.7,2181.0601,501125.53,2989473.0,0.97219998,0.80330205
905,2009-01-16,2192.03,2228.8999,2186.1599,2195.6299,531470.19,3261854.5,0.66799998,0.7798856
905,2009-01-19,2209.1299,2221.24,2166.0901,2192.8101,407808.47,2541337.5,-0.1284,0.8116662
905,2009-01-20,2188.6101,2214.8401,2170.8999,2214.8401,322739.25,2014617.4,1.0046,0.81634325
905,2009-01-21,2187.1799,2236.4399,2178.54,2217.6299,387643.97,2418616.0,0.126,0.69759613
905,2009-01-22,2232.8101,2260.5,2222.5,2256.3701,420522.69,2633092.5,1.7469,0.68550366
905,2009-01-23,2253.3201,2265.4199,2233.5,2238.0801,377811.75,2323692.8,-0.81059998,0.7553349
905,2009-02-02,2258.51,2306.77,2245.26,2306.77,427005.13,2577729.3,3.0690999,0.7428135
905,2009-02-03,2307.8899,2369.6499,2300.98,2369.6499,638821.5,3855819.0,2.7258999,0.717279
905,2009-02-04,2380.6201,2423.9199,2370.01,2423.8899,698469.75,4296469.5,2.2888999,0.6788469
905,2009-02-05,2421.3601,2436.6899,2362.23,2384.76,737441.19,4697183.5,-1.6143,0.68378365
905,2009-02-06,2390.24,2496.5901,2390.24,2493.74,765635.5,4908411.5,4.5699,0.5611611
905,2009-02-09,2528.8,2580.75,2500.54,2579.23,908341.06,6063585.5,3.4282,0.5248931
905,2009-02-10,2564.76,2653.21,2535.6499,2653.21,817051.5,5553962.5,2.8683,0.49000266
905,2009-02-11,2609.01,2723.46,2594.9299,2658.05,950735.5,6568936.5,0.1824,0.41838562
905,2009-02-12,2666.49,2707.9199,2587.1899,2707.9199,801971.06,5506630.5,1.8762,0.3952185
905,2009-02-13,2714.6399,2808.48,2704.6599,2805.01,900395.25,6409927.0,3.5854001,0.286876
905,2009-02-16,2833.29,2854.5601,2777.4199,2854.4399,906916.88,6594451.0,1.7622,0.176448
905,2009-02-17,2844.22,2844.22,2734.3701,2738.5801,850690.88,6271129.5,-4.0588999,0.25056776
905,2009-02-18,2676.8101,2736.5901,2630.71,2632.9099,689959.88,4954314.5,-3.8585999,0.23343757
905,2009-02-19,2661.6001,2696.78,2629.3401,2687.49,570103.06,4144872.3,2.073,0.2555768
905,2009-02-20,2694.78,2776.96,2671.1799,2776.96,600435.81,4585419.0,3.3290999,0.24886206
905,2009-02-23,2769.6299,2878.5,2753.8501,2871.79,735804.25,5605494.5,3.4149001,0.23330745
905,2009-02-24,2838.24,2884.01,2746.02,2754.24,859934.63,6517542.0,-4.0932999,0.26565582
905,2009-02-25,2780.3401,2803.51,2677.26,2771.1001,686575.75,5189189.5,0.61210001,0.29736206
905,2009-02-26,2769.24,2800.21,2535.53,2571.28,657277.56,4869337.0,-7.2108998,0.41155767
905,2009-02-27,2528.6001,2542.55,2396.3101,2416.95,531800.0,3607353.8,-6.0021,0.46110177
905,2009-03-02,2385.8401,2485.03,2382.02,2478.8101,373331.22,2600958.0,2.5594001,0.32240868
905,2009-03-03,2416.1101,2526.8501,2398.8101,2499.8301,441321.47,3100849.0,0.84799999,0.29819623
905,2009-03-04,2508.27,2654.3999,2508.27,2651.4099,612544.69,4464578.0,6.0636001,0.23144674
905,2009-03-05,2680.3201,2710.02,2608.1299,2671.5801,703317.75,5125901.0,0.76069999,0.2829261
905,2009-03-06,2621.23,2676.3601,2608.5601,2653.47,508077.41,3627005.5,-0.67790002,0.31490466
905,2009-03-09,2661.95,2692.75,2528.6101,2536.01,506050.53,3612335.3,-4.4267001,0.39086595
905,2009-03-10,2505.9299,2601.5,2498.25,2601.4199,357406.88,2464629.0,2.5792,0.3810958
905,2009-03-11,2646.6101,2655.22,2575.0,2587.3701,438689.75,3105001.3,-0.54009998,0.39655703
905,2009-03-12,2572.3899,2604.79,2507.23,2597.23,382651.63,2699757.3,0.3811,0.3790384
905,2009-03-13,2606.8799,2625.6101,2564.1499,2569.6299,360351.25,2609444.0,-1.0627,0.41725472
905,2009-03-16,2563.02,2604.0,2539.9099,2603.0601,312948.53,2206672.8,1.301,0.43545672
905,2009-03-17,2608.23,2708.3501,2594.1201,2699.5901,542498.0,3927447.8,3.7083001,0.39843822
905,2009-03-18,2711.1699,2778.1499,2707.79,2734.55,683283.69,4973830.5,1.295,0.3826992
905,2009-03-19,2737.3799,2797.1599,2733.7,2797.1599,658496.0,4894659.0,2.2895999,0.3830707
905,2009-03-20,2799.79,2802.71,2731.71,2784.1101,643337.5,4849129.5,-0.46650001,0.3432407
905,2009-03-23,2784.8899,2846.6299,2779.7,2843.8799,707522.56,5520298.5,2.1468,0.3377253
905,2009-03-24,2871.4399,2877.45,2835.2,2865.3301,723721.5,5642965.0,0.7543,0.29416153
905,2009-03-25,2849.9199,2873.1299,2785.55,2785.6599,649254.44,4909724.0,-2.7804999,0.29079288
905,2009-03-26,2784.8899,2853.51,2746.8,2853.4099,570703.63,4345042.5,2.4321001,0.2506685
905,2009-03-27,2871.3899,2894.51,2852.9299,2877.8799,696789.94,5423356.0,0.85759997,0.22896376
905,2009-03-30,2880.53,2904.5901,2866.8601,2883.21,573761.5,4463059.5,0.18520001,0.19126248
905,2009-03-31,2825.9299,2914.2,2808.6101,2914.1299,596675.25,4632444.5,1.0724,0.15714474
905,2009-04-01,2924.3899,2978.1001,2924.3101,2962.8401,763292.69,5989253.0,1.6715,0.14775687
905,2009-04-02,2972.74,2996.3899,2952.76,2965.74,763760.75,6082010.5,0.097900003,0.20591822
905,2009-04-03,2983.22,2990.0701,2909.8301,2934.25,667396.0,5378055.5,-1.0618,0.22616003
905,2009-04-07,2941.3899,2968.53,2925.74,2968.52,530247.31,4261937.0,1.1679,0.23262773
905,2009-04-08,2959.8101,2969.8101,2867.1699,2867.1699,615788.0,4839087.0,-3.4142001,0.2879076
905,2009-04-09,2862.1101,2915.0701,2838.6299,2915.02,498711.38,3925989.0,1.6689,0.27079743
905,2009-04-10,2932.01,3012.25,2921.6101,3009.3799,720799.38,5844592.5,3.237,0.23510492
905,2009-04-13,3030.7,3055.6499,3019.1599,3050.3701,779948.88,6342718.5,1.3621,0.24843208
905,2009-04-14,3047.77,3102.79,3031.5901,3099.4299,769369.75,6398301.0,1.6083,0.24727134
905,2009-04-15,3084.04,3143.8201,3055.25,3143.8201,837754.69,7009082.5,1.4322,0.22142804
905,2009-04-16,3151.0,3182.5801,3097.54,3159.26,866654.81,7198201.0,0.49110001,0.22046618
905,2009-04-17,3152.3601,3171.8601,3083.6399,3119.4199,768648.13,6415335.5,-1.2611001,0.25293806
905,2009-04-20,3111.47,3205.8799,3109.8999,3205.8799,735290.69,6048482.5,2.7716999,0.22014861
905,2009-04-21,3173.53,3225.1101,3142.1201,3205.0801,798681.75,6456954.5,-0.025,0.1881076
905,2009-04-22,3219.3401,3235.45,3021.4099,3042.6399,860518.44,7007957.0,-5.0682001,0.2641719
905,2009-04-23,3013.0901,3080.25,2978.6499,3059.71,553187.63,4469351.5,0.56099999,0.2345974
905,2009-04-24,3070.3501,3082.5,3034.45,3036.76,524833.75,4304431.5,-0.75010002,0.2604486
905,2009-04-27,3034.24,3042.8,2903.3,2916.1101,531305.69,4203618.0,-3.973,0.3565263
905,2009-04-28,2900.0901,2959.95,2897.8,2959.95,443650.84,3661142.8,1.5034,0.36935082
905,2009-04-29,2963.21,3043.4099,2954.8601,3040.04,561998.75,4607269.5,2.7058001,0.34323233
905,2009-04-30,3051.1399,3096.76,3040.75,3086.22,623204.0,5120110.0,1.5191,0.33683917
905,2009-05-04,3096.3899,3190.27,3096.3899,3190.25,691920.13,5723398.5,3.3708,0.29931512
905,2009-05-05,3208.27,3234.1299,3183.3899,3220.6201,729573.25,6110421.0,0.95200002,0.29670367
905,2009-05-06,3215.6001,3264.5801,3204.3101,3264.5801,729870.0,6213953.0,1.365,0.2812582
905,2009-05-07,3278.99,3285.77,3177.95,3242.6299,813739.0,6930382.5,-0.6724,0.2951061
905,2009-05-08,3227.22,3274.5701,3196.79,3257.5901,778625.5,6337519.0,0.4614,0.29336408
905,2009-05-11,3269.02,3275.1201,3134.4399,3134.5701,790663.38,6379259.0,-3.7764001,0.36127433
905,2009-05-12,3105.8601,3212.1799,3101.3201,3212.1399,508270.91,4120638.0,2.4747,0.35889792
905,2009-05-13,3215.97,3247.8401,3201.03,3234.1499,614482.5,4984204.0,0.68519998,0.35663155
905,2009-05-14,3211.21,3256.53,3200.1101,3246.5601,591239.13,4800741.0,0.38370001,0.35736892
905,2009-05-15,3255.45,3285.45,3238.6799,3270.74,589457.0,4846522.0,0.74479997,0.3685405
905,2009-05-18,3265.01,3297.54,3211.3899,3295.6499,563138.56,4677230.0,0.76160002,0.36795172
905,2009-05-19,3313.9099,3338.25,3302.75,3325.53,713905.81,6072117.5,0.9066,0.380634
905,2009-05-20,3328.1201,3343.6599,3302.74,3306.47,700028.25,5897094.5,-0.57309997,0.3148948
905,2009-05-21,3288.24,3309.3201,3225.55,3247.48,700628.81,5856555.0,-1.7841001,0.38940966
905,2009-05-22,3235.4099,3283.5,3227.1899,3254.53,496379.78,4217922.0,0.21709999,0.32996476
905,2009-05-25,3176.1599,3277.6899,3152.54,3271.5,566073.44,4854611.0,0.52139997,0.28850368
905,2009-05-26,3274.6299,3319.1201,3271.9099,3274.8501,610791.06,5466880.0,0.1024,0.34520054
905,2009-05-27,3287.99,3300.22,3241.22,3276.75,504924.69,4341959.0,0.057999998,0.38103
905,2009-06-01,3302.0,3335.0701,3296.1201,3332.3401,564323.88,4907039.5,1.6964999,0.37782452
905,2009-06-02,3346.0701,3366.74,3333.46,3353.9199,644218.06,5743778.5,0.6476,0.37807104
905,2009-06-03,3351.78,3380.3601,3346.97,3380.1899,651774.75,5809624.0,0.78329998,0.33308488
905,2009-06-04,3373.3799,3384.3601,3321.27,3375.8701,651310.56,5792420.0,-0.1278,0.35705465
905,2009-06-05,3379.9199,3393.0801,3352.6299,3355.78,581647.13,5154345.0,-0.59509999,0.36235386
905,2009-06-08,3355.9099,3380.71,3321.77,3350.24,527207.25,4746726.0,-0.16509999,0.34263512
905,2009-06-09,3347.8601,3366.9099,3282.0,3366.9099,563229.94,4803453.5,0.49759999,0.34739575
905,2009-06-10,3373.03,3403.28,3363.8799,3403.21,612036.75,5121480.0,1.0781,0.33249485
905,2009-06-11,3399.55,3422.1299,3363.97,3383.0,609641.13,5123249.5,-0.59390002,0.3341974
905,2009-06-12,3376.6001,3391.3701,3281.25,3309.5901,555393.06,4744432.5,-2.1700001,0.3667826
905,2009-06-15,3303.74,3356.71,3296.5801,3356.71,409441.44,3495870.0,1.4237,0.34239778
905,2009-06-16,3330.6299,3357.4399,3317.8301,3349.3501,407997.03,3543187.5,-0.2193,0.30321705
905,2009-06-17,3346.6499,3406.9099,3334.1699,3403.96,489825.66,4182082.5,1.6305,0.23487937
905,2009-06-18,3410.6299,3432.0901,3406.3301,3431.28,596308.69,5280918.0,0.80260003,0.24046715
905,2009-06-19,3433.2,3448.8401,3415.75,3434.0601,647372.5,5653002.0,0.081,0.20464398
905,2009-06-22,3451.8701,3454.8999,3393.3201,3405.1299,575312.56,4966198.0,-0.84240001,0.23641977
905,2009-06-23,3365.24,3421.24,3353.03,3392.1101,490531.97,4185643.0,-0.38240001,0.28100199
905,2009-06-24,3394.77,3431.4399,3384.48,3431.4399,497647.5,4339716.0,1.1595,0.27532175
905,2009-06-25,3435.0,3441.5801,3411.53,3427.47,513726.44,4420145.5,-0.1157,0.29751974
905,2009-06-26,3433.73,3453.6101,3419.3701,3448.46,501247.19,4424056.0,0.6124,0.2943749
905,2009-06-29,3451.78,3484.23,3444.98,3476.79,593465.75,5238361.0,0.8215,0.27878582
905,2009-06-30,3483.5801,3484.9399,3439.77,3452.26,534918.19,4723500.5,-0.70550001,0.29922423
905,2009-07-01,3446.45,3503.75,3444.47,3503.75,608486.0,5523986.0,1.4915,0.2873435
905,2009-07-02,3516.3101,3540.6399,3500.8899,3540.51,718376.5,6545712.5,1.0492001,0.28723827
905,2009-07-03,3519.7,3584.8601,3507.1799,3584.8601,751304.63,6974053.0,1.2526,0.2693047
905,2009-07-06,3593.6201,3601.9099,3557.6699,3592.6399,745140.63,7079747.0,0.21699999,0.24119319
905,2009-07-07,3588.6699,3616.1699,3563.27,3589.1899,713223.81,6579967.0,-0.096000001,0.25779083
905,2009-07-08,3567.5901,3640.3401,3560.1101,3633.4299,601480.44,5629403.5,1.2326,0.25032005
905,2009-07-09,3637.3899,3701.79,3631.3,3701.79,752396.5,7290066.0,1.8814,0.25334767
905,2009-07-10,3706.5601,3747.1201,3697.98,3719.97,778562.5,7430335.0,0.49110001,0.23415512
905,2009-07-13,3711.45,3782.1101,3705.4299,3754.3401,756725.19,7304344.0,0.92390001,0.25564012
905,2009-07-14,3762.3201,3813.8799,3762.3201,3813.8799,743695.94,7184267.0,1.5858999,0.24483466
905,2009-07-15,3824.3301,3850.96,3820.24,3848.6299,843608.38,8259912.5,0.91109997,0.25474784
905,2009-07-16,3860.6799,3873.3301,3821.24,3829.21,843486.19,8440570.0,-0.50459999,0.26136202
905,2009-07-17,3827.25,3862.29,3809.5,3852.8601,760851.69,7600666.0,0.61760002,0.20717329
905,2009-07-20,3863.47,3919.45,3855.77,3919.4299,901610.38,9272844.0,1.7278,0.19078797
905,2009-07-21,3922.1101,3922.5701,3814.9199,3824.29,893710.38,9011533.0,-2.4274001,0.18659408
905,2009-07-22,3817.8701,3894.6899,3817.8701,3894.5601,771738.38,7917638.5,1.8375,0.15062037
905,2009-07-23,3900.02,3933.1101,3892.6499,3933.1101,766144.0,7795961.0,0.98979998,0.09185347
905,2009-07-24,3945.24,3952.3201,3831.3999,3907.97,826257.56,8441975.0,-0.63919997,0.09189935
905,2009-07-27,3918.27,3972.6699,3914.3201,3972.6399,792838.69,8432913.0,1.6548001,0.09156128
905,2009-07-28,3974.01,4023.01,3936.21,4022.9099,882813.38,9201860.0,1.2654001,0.087434225
905,2009-07-29,4013.03,4019.2,3678.8899,3764.6399,946376.81,9481813.0,-6.4200001,0.15054035
905,2009-07-30,3773.1499,3830.3501,3670.9099,3803.1201,698369.69,6929763.0,1.0221,0.131116
905,2009-07-31,3826.1899,3933.3701,3816.47,3928.5801,752591.69,7681284.5,3.2988999,0.110599756
905,2009-08-03,3944.7,4020.6299,3928.9299,4020.27,851072.81,8774332.0,2.3339,0.09655319
905,2009-08-04,4024.6799,4071.1299,3975.51,4069.3501,936503.0,9805218.0,1.2208,0.059454188
905,2009-08-05,4065.4299,4099.5298,3993.1101,4069.3401,887933.5,9401666.0,-0.00019999999,0.05935852
905,2009-08-06,4040.22,4093.7,3946.5901,4015.4199,787296.75,8449568.0,-1.325,0.07383293
905,2009-08-07,4008.23,4036.2,3875.76,3893.1299,666950.06,7102508.0,-3.0455,0.12152693
905,2009-08-10,3935.05,3970.1799,3857.5,3933.05,538106.94,5723608.0,1.0254,0.10766962
905,2009-08-11,3946.1499,3964.4199,3900.0601,3953.29,446404.34,4767894.0,0.51459998,0.117099985
905,2009-08-12,3944.3401,3944.3401,3762.24,3770.1399,538330.19,5519968.5,-4.6329002,0.17225088
905,2009-08-13,3772.6699,3800.53,3705.3701,3778.1399,427099.25,4366001.5,0.2122,0.1802528
905,2009-08-14,3780.3899,3789.75,3609.6599,3609.7,507264.63,5046164.5,-4.4583001,0.26223227
905,2009-08-17,3558.3201,3571.8201,3356.2,3358.1001,482136.66,4505575.5,-6.9700999,0.37874693
905,2009-08-18,3326.8701,3436.48,3310.8999,3424.78,381262.25,3473501.5,1.9856,0.3532752
905,2009-08-19,3427.1001,3436.95,3215.55,3247.53,439059.19,3991016.3,-5.1754999,0.44302592
905,2009-08-20,3247.21,3378.8101,3239.8301,3374.3501,429608.38,3918978.0,3.9051001,0.3899832
905,2009-08-21,3366.46,3469.0701,3344.3101,3468.04,515804.88,4852363.0,2.7765,0.37208053
905,2009-08-24,3472.49,3556.71,3449.22,3541.8,546075.5,5333373.0,2.1268001,0.29496866
905,2009-08-25,3523.8201,3523.8201,3384.45,3485.9199,598254.5,5793844.0,-1.5777,0.32091096
905,2009-08-26,3466.22,3622.6699,3444.8201,3595.1201,596677.0,5869721.5,3.1326001,0.29469392
905,2009-08-27,3585.3701,3662.47,3557.77,3629.51,654260.56,6266647.0,0.95660001,0.28395566
905,2009-08-28,3615.0801,3627.3701,3512.4299,3531.4099,482762.06,4594518.5,-2.7028,0.30230993
905,2009-08-31,3477.1201,3477.1201,3276.1101,3278.0,473142.28,4325541.0,-7.1759,0.39196768
905,2009-09-01,3242.9299,3319.72,3207.27,3245.27,373928.75,3323462.3,-0.99849999,0.3844333
905,2009-09-02,3229.02,3279.1001,3195.8501,3265.0701,310584.97,2699881.0,0.61009997,0.3643688
905,2009-09-03,3266.1799,3437.1599,3262.97,3427.4399,479465.13,4351560.5,4.9728999,0.31044462
905,2009-09-04,3422.95,3509.28,3408.0801,3489.0601,538336.06,5078132.0,1.7977999,0.32300666
905,2009-09-07,3503.0,3564.6499,3487.49,3527.25,583201.19,5632221.0,1.0946,0.3129067
905,2009-09-08,3505.4399,3592.8101,3473.1799,3592.8101,557851.69,5598045.5,1.8587,0.29812035
905,2009-09-09,3598.01,3616.25,3556.3101,3613.4099,558791.63,5613711.0,0.57340002,0.29799837
905,2009-09-10,3598.27,3624.76,3558.6201,3581.6799,491930.22,4829407.5,-0.87809998,0.30068293
905,2009-09-11,3567.6201,3659.4399,3565.8701,3641.8201,535222.88,5203122.5,1.6791,0.28591466
905,2009-09-14,3653.47,3744.8301,3652.5801,3736.5801,699964.13,6926690.0,2.602,0.23662543
905,2009-09-15,3742.45,3791.8401,3718.8799,3775.21,713629.06,7090610.0,1.0338,0.24150185
905,2009-09-16,3764.5701,3808.8999,3706.3,3781.0601,722374.38,7150632.5,0.155,0.24928188
905,2009-09-17,3785.25,3881.8501,3785.25,3868.6699,776632.75,7654929.5,2.3171,0.2263698
905,2009-09-18,3879.1001,3892.1699,3707.02,3739.73,805158.75,7929255.0,-3.3329,0.2717924
905,2009-09-21,3704.1699,3805.04,3637.5,3804.3301,610944.19,6133133.0,1.7273999,0.26887253
905,2009-09-22,3793.79,3834.73,3708.2,3708.2,571929.75,5907244.5,-2.5269001,0.30607307
905,2009-09-23,3693.03,3733.6899,3572.6299,3595.71,499350.69,4954378.0,-3.0335,0.34963608
905,2009-09-24,3572.48,3620.3899,3477.4099,3568.6699,441182.25,4284410.0,-0.75199997,0.36287194
905,2009-09-25,3555.47,3583.6001,3516.3601,3536.8101,331515.03,3202696.3,-0.89279997,0.37551063
905,2009-09-28,3546.3401,3581.98,3418.46,3434.6599,322876.91,3078590.5,-2.8882,0.43804055
905,2009-09-29,3430.29,3449.1699,3306.3799,3372.0701,326392.25,2943687.5,-1.8223,0.47576407
905,2009-09-30,3396.9299,3444.77,3396.5601,3400.6201,288638.94,2669299.8,0.84670001,0.44675675
905,2009-10-09,3456.0801,3576.6399,3454.8,3576.4399,364369.31,3496590.8,5.1701999,0.3917499
905,2009-10-12,3586.04,3629.5801,3555.95,3597.8601,391997.06,3878630.8,0.59890002,0.36602032
905,2009-10-13,3591.6201,3659.0801,3583.8501,3659.0801,379322.88,3725129.8,1.7016,0.3387709
905,2009-10-14,3668.3701,3729.9399,3667.51,3692.6499,522560.31,5265150.5,0.9174,0.26977643
905,2009-10-15,3711.1001,3733.28,3677.1399,3704.3999,442529.53,4423088.0,0.31819999,0.28224012
905,2009-10-16,3712.9199,3725.3201,3654.7,3716.8999,429163.53,4361206.5,0.33739999,0.3166833
905,2009-10-19,3719.53,3808.1799,3714.49,3808.1799,565944.0,5786550.0,2.4558001,0.28733683
905,2009-10-20,3827.6299,3865.8301,3811.79,3865.8301,677250.88,7145400.0,1.5138,0.2582447
905,2009-10-21,3859.51,3887.8899,3836.8799,3839.95,654719.56,6697411.0,-0.66949999,0.2673472
905,2009-10-22,3827.1799,3880.29,3815.1699,3855.77,567522.81,5709732.0,0.412,0.22913711
905,2009-10-23,3858.45,3926.1899,3858.45,3908.4399,694400.69,6932692.5,1.3660001,0.20621791
905,2009-10-26,3914.6101,3925.4199,3869.1499,3911.6499,580618.38,5908251.5,0.082099997,0.16610637
905,2009-10-27,3884.5601,3887.4399,3807.98,3807.98,576228.38,5997784.0,-2.6503,0.16562593
905,2009-10-28,3794.99,3846.4199,3763.1699,3846.4199,500096.16,5217656.5,1.0095,0.15279403
905,2009-10-29,3786.73,3814.9199,3761.79,3777.51,479088.72,5108386.0,-1.7915,0.20841774
905,2009-10-30,3823.8,3872.23,3799.6599,3827.6799,517483.69,5561262.5,1.3281,0.15468898
905,2009-11-02,3754.9399,3955.78,3738.7,3955.78,659507.0,7011313.5,3.3467,0.09984878
905,2009-11-03,3970.45,4053.21,3967.0,4053.21,825900.19,8849844.0,2.4630001,0.0532664
905,2009-11-04,4057.02,4091.99,4040.3201,4083.48,779121.56,8424529.0,0.74680001,0.014906428
905,2009-11-05,4082.8701,4134.8501,4068.9399,4125.7798,708869.44,7384494.0,1.0359,-0.020180378
905,2009-11-06,4147.8301,4175.5,4130.6899,4145.1401,839456.94,8699153.0,0.46919999,0.0030637565
905,2009-11-09,4148.4302,4176.4302,4120.3901,4176.1899,683245.56,7182399.5,0.74910003,0.002071242
905,2009-11-10,4193.6602,4211.1499,4176.1299,4182.77,698025.81,7473089.5,0.1576,-0.06383808
905,2009-11-11,4172.6602,4209.25,4149.29,4199.5498,627838.0,6620512.0,0.4012,-0.054148637
905,2009-11-12,4203.6201,4251.6099,4197.7002,4213.25,668254.38,7070499.0,0.32620001,-0.055982936
905,2009-11-13,4200.6699,4267.0098,4166.1401,4267.0098,633092.88,6903791.0,1.276,-0.08571572
905,2009-11-16,4295.7202,4366.8501,4295.7202,4364.9702,883748.5,9902762.0,2.2958,-0.08764786
905,2009-11-17,4381.9902,4400.3901,4341.7798,4387.5498,788613.75,8786993.0,0.51730001,-0.05106946
905,2009-11-18,4386.1299,4413.6201,4363.8799,4406.7798,777714.63,8551580.0,0.43830001,-0.062047508
905,2009-11-19,4412.1001,4476.1401,4400.75,4476.1401,860562.25,9359394.0,1.5739,-0.07405485
905,2009-11-20,4462.5801,4541.27,4443.1401,4508.29,882712.0,9648418.0,0.71829998,-0.064248286
905,2009-11-23,4516.2798,4592.0098,4513.5601,4591.3398,828371.81,9424523.0,1.8422,-0.077541634
905,2009-11-24,4607.0298,4611.8901,4328.4399,4347.6602,1160868.3,13184881.0,-5.3074002,-0.055961203
905,2009-11-25,4333.7002,4512.6802,4317.8501,4512.0801,875960.5,9708260.0,3.7818,-0.107775144
905,2009-11-26,4519.1299,4541.9502,4304.1499,4328.4102,1037292.6,11521758.0,-4.0706,-0.056554276
905,2009-11-27,4262.5698,4355.23,4187.5898,4215.3398,708296.25,7581030.5,-2.6122999,-0.038276818
905,2009-11-30,4251.96,4405.6899,4251.96,4405.3301,629395.06,6959130.5,4.5071001,-0.07179714
905,2009-12-01,4405.73,4525.6499,4386.8301,4525.29,760896.63,8458273.0,2.7230999,-0.10004219
905,2009-12-02,4547.98,4605.8799,4534.4502,4591.3799,876278.75,9685771.0,1.4605,-0.10499242
905,2009-12-03,4582.2598,4625.6401,4555.4702,4621.9399,790418.25,8868004.0,0.6656,-0.08872032
905,2009-12-04,4614.6802,4651.1499,4403.1401,4506.0801,939853.56,10483743.0,-2.5067,-0.062695354
905,2009-12-07,4508.6299,4581.5801,4503.4902,4581.2402,604931.0,6853329.0,1.668,-0.08365425
905,2009-12-08,4584.1602,4598.1001,4520.9199,4571.7598,664036.38,7421140.5,-0.2069,-0.093294404
905,2009-12-09,4524.6201,4566.2402,4474.1001,4498.1499,553516.69,6124763.5,-1.6101,-0.116905816
905,2009-12-10,4517.7002,4553.8198,4485.8198,4536.5601,454178.19,5145752.5,0.85390002,-0.09909272
905,2009-12-11,4546.6099,4576.2202,4517.5298,4534.7598,471136.47,5322980.5,-0.039700001,-0.09152406
905,2009-12-14,4533.3599,4533.7998,4417.73,4513.5898,460931.44,5174165.0,-0.4668,-0.09283513
905,2009-12-15,4507.1602,4545.3501,4492.2402,4523.4902,465810.34,5357394.0,0.2193,-0.094659254
905,2009-12-16,4509.8198,4543.1001,4491.02,4506.04,434178.91,4988643.0,-0.3858,-0.10599331
905,2009-12-17,4506.3701,4518.9399,4362.8398,4364.9302,449270.97,5140303.5,-3.1315999,-0.09245286
905,2009-12-18,4318.0698,4318.9902,4194.9702,4203.48,429871.53,4712571.0,-3.6988001,-0.110979475
905,2009-12-21,4195.1201,4257.02,4185.1099,4256.3901,320997.19,3544456.8,1.2587,-0.13906857
905,2009-12-22,4260.7402,4263.3398,4124.0801,4136.8198,368489.66,4096691.5,-2.8092,-0.12817326
905,2009-12-23,4132.1602,4210.6699,4129.8901,4210.1699,328888.47,3692114.8,1.7731,-0.14835264
905,2009-12-24,4213.8198,4350.5298,4209.98,4345.2998,443600.81,5055440.5,3.2096,-0.17983107
905,2009-12-25,4342.3501,4398.46,4324.8599,4376.1899,427245.41,4852414.0,0.71090001,-0.16243806
905,2009-12-28,4388.7798,4447.7598,4388.27,4447.21,437497.38,5002743.0,1.6229,-0.16382183
905,2009-12-29,4451.9302,4465.46,4393.8999,4463.6001,452721.44,5211494.5,0.36849999,-0.17144457
905,2009-12-30,4459.7202,4470.3101,4408.3799,4446.0698,480896.03,5715564.0,-0.39269999,-0.14360316
905,2009-12-31,4444.25,4487.4502,4432.29,4485.2598,452928.0,5487509.0,0.88150001,-0.1417398
905,2010-01-04,4508.9302,4542.71,4487.3701,4510.5298,512567.34,6267185.0,0.56339997,-0.16002107
905,2010-01-05,4513.3999,4558.21,4480.1899,4557.48,570407.44,6844313.0,1.0409,-0.16092885
905,2010-01-06,4553.3701,4595.1001,4538.7202,4550.2798,578759.81,6961845.0,-0.15800001,-0.17908347
905,2010-01-07,4540.0098,4554.9302,4436.77,4459.1602,578734.38,6876144.0,-2.0025001,-0.15736826
905,2010-01-08,4439.21,4514.7202,4426.2402,4514.4502,465736.47,5489779.5,1.2399,-0.14888637
905,2010-01-11,4549.3198,4558.46,4502.9902,4542.9502,570897.31,7006639.5,0.63129997,-0.13022158
905,2010-01-12,4535.2998,4640.3501,4524.6802,4639.6299,620616.88,7627174.5,2.1280999,-0.14660652
905,2010-01-13,4544.4302,4650.0601,4526.8398,4591.02,678988.06,8345860.0,-1.0477,-0.124843694
905,2010-01-14,4598.4102,4714.8701,4598.4102,4714.1001,679184.81,8456129.0,2.6809001,-0.1482001
905,2010-01-15,4720.2202,4753.1899,4712.6201,4747.6499,585133.75,7307604.5,0.71170002,-0.14250414
905,2010-01-18,4744.3301,4829.3599,4738.9102,4829.0601,632843.56,7821137.0,1.7147,-0.15742193
905,2010-01-19,4835.8301,4852.3301,4791.9902,4830.02,661549.44,8083804.5,0.0199,-0.13823964
905,2010-01-20,4830.4199,4831.7002,4635.6699,4651.0698,780865.38,9432389.0,-3.7049999,-0.09826337
905,2010-01-21,4646.6201,4696.1602,4611.7598,4667.21,509366.75,6148644.0,0.347,-0.10200529
905,2010-01-22,4613.1899,4633.3901,4453.6899,4537.8799,601871.81,6998889.0,-2.7709999,-0.059494745
905,2010-01-25,4515.1299,4542.79,4477.1899,4481.1602,413950.84,4967109.0,-1.2499,-0.06416198
905,2010-01-26,4467.52,4492.6499,4254.3198,4294.3799,415202.81,4746784.5,-4.1680999,-0.010797857
905,2010-01-27,4290.7402,4344.1299,4229.52,4267.1099,329241.53,3793058.3,-0.63499999,0.0001992215
905,2010-01-28,4266.0601,4340.4102,4249.77,4336.3799,321273.31,3741368.8,1.6233,0.0045267944
905,2010-01-29,4316.2402,4418.3999,4298.6499,4374.6499,398880.66,4692087.0,0.88249999,0.008896689
905,2010-02-01,4366.4902,4372.5698,4269.3301,4331.3701,430950.28,5011915.5,-0.98930001,-0.01960352
905,2010-02-02,4344.04,4388.3501,4296.8799,4301.77,385325.06,4541943.0,-0.68339998,-0.00089965295
905,2010-02-03,4299.9702,4363.6699,4160.3501,4363.0801,485266.78,5536388.5,1.4252,-0.027845077
905,2010-02-04,4342.6802,4445.75,4316.8101,4408.4399,518737.81,6000918.0,1.0396,-0.019369686
905,2010-02-05,4312.5498,4382.3398,4270.71,4311.29,496704.06,5732945.5,-2.2037001,0.025985215
905,2010-02-08,4299.25,4330.2002,4279.6602,4310.8901,319460.75,3614091.8,-0.0093,0.03406946
905,2010-02-09,4300.3198,4334.3398,4284.52,4311.8901,298965.78,3305111.0,0.0232,0.033683557
905,2010-02-10,4333.8501,4366.5,4326.02,4366.25,258971.95,3036205.8,1.2607,0.021812813
905,2010-02-11,4367.7202,4385.2002,4352.1099,4356.52,244854.09,2856042.8,-0.2228,0.0023137964
905,2010-02-12,4365.6201,4418.54,4365.48,4416.2202,245113.8,2932101.8,1.3704,-0.0026040368
905,2010-02-22,4412.5498,4457.2202,4401.0601,4419.5498,314694.25,3694257.8,0.075400002,0.008360625
905,2010-02-23,4414.0601,4459.73,4352.4399,4459.1602,388421.09,4489564.5,0.8962,-0.020376123
905,2010-02-24,4438.3999,4556.7202,4419.4502,4556.2798,480245.69,5526625.0,2.178,-0.034457937
905,2010-02-25,4565.7402,4632.9702,4564.02,4629.9702,555194.13,6585735.0,1.6173,-0.04287939
905,2010-02-26,4618.6401,4656.9302,4602.02,4634.6699,495305.22,5890507.0,0.1015,-0.017617198
905,2010-03-01,4635.9502,4692.8301,4635.9502,4686.27,538624.38,6352264.0,1.1133,-0.020694496
905,2010-03-02,4692.6099,4705.1602,4660.1699,4690.29,566288.63,6769353.0,0.0858,-0.03412582
905,2010-03-03,4690.4399,4761.5801,4680.3101,4758.4302,635735.5,7687830.0,1.4528,-0.027956761
905,2010-03-04,4763.6401,4780.02,4572.0698,4586.52,684707.06,8155164.5,-3.6127,0.01666623
905,2010-03-05,4590.8901,4632.04,4550.1001,4604.5898,523714.75,5874852.0,0.39399999,0.010287605
905,2010-03-08,4618.8599,4665.0601,4612.2202,4654.5801,450394.69,5155532.5,1.0857,0.005448354
905,2010-03-09,4653.0601,4674.5098,4607.8599,4660.1299,472144.28,5450464.0,0.1192,0.012928824
905,2010-03-10,4659.5,4674.0601,4564.4302,4598.9902,447995.59,5194796.5,-1.312,0.012833165
905,2010-03-11,4594.5,4608.6401,4519.0298,4562.8701,375611.19,4358288.5,-0.78539997,0.031217193
905,2010-03-12,4561.6099,4576.0,4489.5298,4492.8599,354002.13,4096384.5,-1.5343,0.06606705
905,2010-03-15,4485.8799,4498.1001,4426.1899,4454.7598,299287.81,3531378.3,-0.84799999,0.07871582
905,2010-03-16,4453.8101,4492.04,4426.6099,4491.4702,276644.75,3193426.0,0.82410002,0.05313848
905,2010-03-17,4500.4302,4616.1099,4500.2598,4616.0498,443694.53,5235511.0,2.7737,-0.0011113181
905,2010-03-18,4628.0,4653.6802,4605.9102,4630.9502,497913.47,5849041.0,0.32280001,-0.0059296684
905,2010-03-19,4632.0498,4665.9102,4609.0098,4663.8999,464155.47,5439269.5,0.71149999,-0.023752611
905,2010-03-22,4669.4102,4695.0801,4649.5298,4690.2002,472003.19,5574663.5,0.56389999,-0.030591445
905,2010-03-23,4690.27,4697.73,4642.98,4658.6299,470486.66,5674774.0,-0.67309999,0.003213434
905,2010-03-24,4662.9902,4692.3198,4662.54,4683.0698,474427.66,5807020.5,0.52460003,-0.0061326656
905,2010-03-25,4675.2202,4675.2202,4609.1699,4620.75,489541.16,5884359.5,-1.3308001,-0.006585554
905,2010-03-26,4609.75,4693.7598,4601.6899,4686.9302,452192.81,5464870.5,1.4322,-0.00561568
905,2010-03-29,4701.79,4723.75,4682.4102,4723.6099,502832.38,6133370.0,0.78259999,0.009391186
905,2010-03-30,4720.5801,4748.9102,4708.4302,4744.4199,473437.22,5981449.5,0.44060001,0.009430089
905,2010-03-31,4744.3398,4757.3198,4726.52,4756.1602,491082.75,6172249.5,0.2474,0.010485265
905,2010-04-01,4756.2998,4828.1001,4755.9302,4827.21,618788.56,7773151.5,1.4938999,0.0019742667
905,2010-04-02,4833.8101,4851.9399,4820.0698,4843.1802,594319.44,7167314.0,0.3308,-0.033785734
905,2010-04-06,4853.3301,4862.1699,4814.25,4852.8999,573970.5,7080339.0,0.2007,-0.033268705
905,2010-04-07,4851.8301,4865.75,4829.02,4863.6401,532891.88,6607384.0,0.22130001,-0.046672862
905,2010-04-08,4856.4102,4881.9102,4845.6099,4864.9199,571755.13,7256849.5,0.0263,-0.0177413
905,2010-04-09,4866.52,4939.4102,4866.2402,4939.1802,584192.25,7619258.5,1.5264,-0.029355135
905,2010-04-12,4948.1001,4976.8301,4932.6299,4976.3799,722817.19,9347181.0,0.75319999,-0.02865137
905,2010-04-13,4977.7598,4993.3701,4793.2798,4919.8701,734694.44,9650326.0,-1.1356,-0.008524595
905,2010-04-14,4910.7002,4978.27,4896.5698,4977.5098,562022.94,7248587.0,1.1716,0.004217008
905,2010-04-15,4975.0801,4984.3599,4879.9102,4914.75,542511.25,7001667.0,-1.2609,0.026735825
905,2010-04-16,4900.6001,4936.8799,4852.4102,4898.6699,430457.38,5408601.0,-0.3272,0.019617591
905,2010-04-19,4850.8599,4880.54,4688.1201,4688.8398,582774.5,7079270.0,-4.2834001,0.06627439
905,2010-04-20,4680.2002,4750.4902,4607.2002,4749.9302,527190.75,6579854.0,1.3029,0.06432936
905,2010-04-21,4753.1201,4896.6602,4747.3901,4893.98,639533.88,8327371.5,3.0327001,0.062433805
905,2010-04-22,4881.2598,4950.4902,4849.5601,4902.4102,659952.06,8632459.0,0.1723,0.055209495
905,2010-04-23,4892.04,4936.73,4840.1699,4864.1602,557639.0,7305108.5,-0.7802,0.04818505
905,2010-04-26,4868.73,4904.9702,4847.9102,4866.5498,485104.5,6412711.0,0.0491,0.07433397
905,2010-04-27,4852.1899,4852.1899,4645.1602,4739.27,537158.69,6670470.0,-2.6154001,0.12079919
905,2010-04-28,4682.3301,4767.7998,4652.8701,4714.4302,443198.59,5591074.5,-0.52410001,0.15201405
905,2010-04-29,4730.4902,4758.7598,4560.1299,4561.3999,482934.0,6176862.5,-3.2460001,0.19871968
905,2010-04-30,4540.6499,4547.48,4350.1499,4438.6802,438196.53,5291475.5,-2.6903999,0.23566915
905,2010-05-04,4353.4502,4484.46,4324.5,4434.1299,318375.91,3834248.8,-0.1025,0.2268698
905,2010-05-05,4388.5,4565.2402,4377.3799,4564.8101,432984.97,5225338.0,2.9470999,0.119693875
905,2010-05-06,4557.4502,4583.1802,4418.7402,4419.7798,449835.0,5644015.5,-3.1770999,0.18903434
905,2010-05-07,4313.6499,4443.5298,4285.4702,4350.7598,422115.5,5118664.5,-1.5616,0.16496208
905,2010-05-10,4346.7002,4391.0298,4175.6699,4269.1099,401921.59,4863901.5,-1.8767,0.13743854
905,2010-05-11,4350.77,4366.6899,4134.6001,4144.3501,400258.13,4666357.5,-2.9224,0.1901504
905,2010-05-12,4100.6001,4154.48,3979.1299,4042.52,365718.34,4074138.5,-2.4570999,0.25689664
905,2010-05-13,4042.3201,4158.3501,3974.1001,4157.8398,365168.63,3949039.0,2.8527,0.23878507
905,2010-05-14,4129.8901,4217.6099,4107.1802,4184.8398,369424.41,4161010.3,0.6494,0.2099006
905,2010-05-17,4125.6602,4132.3799,3915.75,3915.75,376031.31,3960298.5,-6.4301,0.32954094
905,2010-05-18,3894.0901,3983.8799,3818.29,3972.1499,377129.84,3835495.5,1.4403,0.3241721
905,2010-05-19,3946.1499,4037.8501,3908.6399,3977.3799,349605.19,3890501.3,0.13169999,0.31434512
905,2010-05-20,3941.6101,4025.8,3890.3501,3901.26,334343.22,3623623.3,-1.9138,0.34539866
905,2010-05-21,3787.1499,3982.4099,3768.1001,3982.3899,402308.13,4275388.5,2.0796001,0.28337005
905,2010-05-24,4016.3501,4170.73,4016.3501,4163.48,544192.75,6075331.0,4.5472999,0.22898148
905,2010-05-25,4134.9302,4177.79,4087.1001,4133.3501,474510.19,5230401.5,-0.72369999,0.24317807
905,2010-05-26,4117.4902,4165.29,4097.2402,4144.6602,342297.09,3884148.5,0.27360001,0.23058824
905,2010-05-27,4133.3301,4228.4399,4083.6201,4218.6401,436523.59,4876206.5,1.7849,0.18913434
905,2010-05-28,4254.8501,4270.1699,4203.4902,4235.3198,453141.13,5226234.0,0.39539999,0.20051858
905,2010-05-31,4214.6201,4259.1602,4104.3599,4104.3599,414082.22,4720341.0,-3.0920999,0.23526452
905,2010-06-01,4059.4199,4091.4399,3933.3899,4025.79,387461.91,4257545.0,-1.9143,0.23327345
905,2010-06-02,4004.1299,4084.05,3960.3401,4083.6201,327088.0,3613046.3,1.4365,0.23399577
905,2010-06-03,4099.8599,4146.6602,4053.55,4053.99,375435.28,4272507.0,-0.7256,0.27751178
905,2010-06-04,4025.28,4095.49,4013.97,4089.04,314151.25,3389259.0,0.8646,0.2824624
905,2010-06-07,4000.6499,4082.3799,3985.1499,4072.5701,349703.63,3940070.8,-0.40279999,0.28436837
905,2010-06-08,4064.78,4122.3901,4047.8201,4109.3198,342395.97,3955367.0,0.90240002,0.2695167
905,2010-06-09,4124.8101,4212.1802,4110.4302,4211.8799,475582.72,5197122.5,2.4958,0.24133164
905,2010-06-10,4191.29,4261.1602,4176.4302,4223.5698,418861.72,4791215.0,0.2775,0.22255108
905,2010-06-11,4239.0601,4252.1001,4193.0801,4198.0,344180.06,3969357.8,-0.60540003,0.24411386
905,2010-06-17,4221.6001,4237.1001,4144.0698,4145.2402,289983.63,3331931.5,-1.2568001,0.24830884
905,2010-06-18,4131.6802,4131.6802,3945.73,3972.29,350426.22,3921016.3,-4.1722999,0.276221
905,2010-06-21,3960.25,4087.45,3924.4199,4087.02,350862.41,3597132.5,2.8882999,0.22131528
905,2010-06-22,4081.6399,4136.5898,4069.23,4119.7202,346165.38,3624160.8,0.80010003,0.17717458
905,2010-06-23,4098.2598,4138.7798,4039.9299,4094.5701,312679.78,3313383.8,-0.61049998,0.15531054
905,2010-06-24,4090.97,4120.8398,4070.49,4095.3,249707.88,2686263.5,0.0178,0.17513487
905,2010-06-25,4079.1899,4080.02,3992.3701,4028.4299,258017.16,2797297.5,-1.6328,0.19860351
905,2010-06-28,4023.1101,4036.4299,3944.47,3961.3799,211194.69,2285922.3,-1.6644,0.24621226
905,2010-06-29,3960.6799,3973.9299,3735.1201,3736.98,335756.44,3439765.3,-5.6647,0.34105614
905,2010-06-30,3699.1799,3701.3301,3620.27,3664.46,255373.41,2546450.3,-1.9406,0.3723086
905,2010-07-01,3657.96,3692.8999,3604.3601,3606.5901,224634.7,2287478.0,-1.5792,0.3867059
905,2010-07-02,3600.76,3609.0,3430.3601,3585.5801,308768.69,3048051.5,-0.58249998,0.3875412
905,2010-07-05,3535.74,3586.5801,3498.8999,3563.8799,224842.53,2155227.8,-0.60519999,0.3554217
905,2010-07-06,3556.1899,3665.3799,3554.0701,3665.3301,295920.13,2885780.0,2.8466001,0.31088325
905,2010-07-07,3672.1499,3718.9299,3656.3,3718.6599,289476.94,2831732.5,1.455,0.29981774
905,2010-07-08,3729.24,3736.51,3663.73,3698.3401,277924.72,2663909.5,-0.54640001,0.3051152
905,2010-07-09,3699.3101,3817.6699,3677.3401,3807.6001,407332.94,4014214.3,2.9542999,0.24052685
905,2010-07-12,3809.75,3866.78,3799.4299,3849.52,400144.38,3921078.5,1.101,0.17414904
905,2010-07-13,3816.46,3816.46,3747.3999,3788.75,344452.94,3435184.3,-1.5786,0.19748202
905,2010-07-14,3795.21,3862.3899,3795.1799,3824.05,354096.59,3548758.8,0.93169999,0.21496576
905,2010-07-15,3817.1799,3850.2,3735.29,3735.3999,327106.13,3229813.3,-2.3182001,0.19862933
905,2010-07-16,3713.6599,3764.8401,3672.02,3757.4299,279872.13,2760090.3,0.5898,0.19930908
905,2010-07-19,3718.1299,3848.6299,3701.9299,3842.3101,350742.38,3545037.0,2.2590001,0.14475404
905,2010-07-20,3849.04,3951.54,3848.74,3951.3601,526835.06,5356890.0,2.8381,0.09883941
905,2010-07-21,3953.77,4001.4299,3937.48,3959.4299,520424.88,5347658.0,0.2042,0.11755738
905,2010-07-22,3947.99,4018.0601,3940.46,4017.8601,461788.84,4710698.0,1.4757,0.12069858
905,2010-07-23,4020.9099,4028.51,3965.7,4015.47,447104.63,4630873.0,-0.059500001,0.1326719
905,2010-07-26,4023.0601,4071.47,4011.75,4071.0901,438578.72,4561682.5,1.3851,0.13258606
905,2010-07-27,4062.25,4091.3101,4041.8999,4068.8601,410662.84,4419672.5,-0.0548,0.1380534
905,2010-07-28,4061.02,4162.6602,4050.1899,4162.3198,579020.06,6059222.0,2.2969999,0.10748823
905,2010-07-29,4170.7598,4196.0298,4139.9399,4194.04,627490.38,6522733.5,0.76209998,0.1287375
905,2010-07-30,4181.2202,4203.6401,4137.2402,4191.1299,472982.88,5066763.0,-0.069399998,0.14212878
905,2010-08-02,4192.6602,4268.3999,4192.52,4267.8999,542731.38,5906248.0,1.8317,0.1416622
905,2010-08-03,4277.27,4289.46,4193.2998,4193.6401,594059.06,6472616.5,-1.74,0.16120835
905,2010-08-04,4178.1899,4248.23,4137.6499,4248.0098,546867.63,5864896.5,1.2965,0.16588005
905,2010-08-05,4247.0498,4306.6499,4231.4702,4267.96,584145.75,6344374.5,0.46959999,0.1685864
905,2010-08-06,4260.6299,4356.21,4228.6699,4356.0098,636962.75,7048031.5,2.063,0.13439372
905,2010-08-09,4357.1802,4414.5298,4352.9199,4413.5698,599911.06,6848521.5,1.3214,0.14260574
905,2010-08-10,4412.27,4417.2002,4246.46,4246.46,624855.13,7027630.5,-3.7862999,0.15619834
905,2010-08-11,4230.3501,4309.79,4230.3501,4297.8999,426388.47,4888524.5,1.2114,0.15848675
905,2010-08-12,4248.98,4317.9502,4228.5298,4241.5898,453266.53,5045283.0,-1.3102,0.18534093
905,2010-08-13,4240.5,4323.25,4212.21,4323.0498,418495.84,4722394.0,1.9205,0.16417807
905,2010-08-16,4322.02,4429.8999,4315.02,4423.3198,562525.94,6439729.5,2.3194001,0.15189727
905,2010-08-17,4436.3799,4470.46,4414.21,4457.7598,569117.0,6523393.0,0.77859998,0.14910631
905,2010-08-18,4462.5801,4475.9199,4409.5898,4457.1299,568972.06,6618652.5,-0.0141,0.14619504
905,2010-08-19,4456.27,4491.7402,4423.9902,4461.4902,593128.63,6945395.0,0.097800002,0.1227302
905,2010-08-20,4442.6899,4444.8501,4350.1602,4366.6001,582987.5,6740650.0,-2.1269,0.16054139
905,2010-08-23,4363.1699,4416.8301,4362.7202,4404.7202,485366.56,5753649.0,0.87300003,0.16653267
905,2010-08-24,4401.52,4476.2598,4370.5698,4456.5,546996.63,6186973.5,1.1756001,0.15914735
905,2010-08-25,4428.3599,4457.8398,4364.0601,4368.2998,542854.0,6124858.0,-1.9791,0.18612969
905,2010-08-26,4376.9199,4415.8398,4355.0298,4399.2798,424015.38,4938570.0,0.70920002,0.16914824
905,2010-08-27,4393.9902,4437.79,4375.3901,4431.4399,369498.88,4485046.0,0.73100001,0.15983745
905,2010-08-30,4453.0498,4553.3999,4453.0498,4553.02,554129.06,6858609.0,2.7435999,0.13991153
905,2010-08-31,4541.77,4605.1802,4529.7402,4589.29,590634.94,7499665.5,0.79659998,0.11810979
905,2010-09-01,4595.21,4613.0898,4473.5698,4530.23,646489.5,8100113.0,-1.2869,0.14770329
905,2010-09-02,4562.4302,4631.0,4545.79,4625.3999,651264.0,7950211.0,2.1008,0.10350024
905,2010-09-03,4632.2598,4671.3398,4596.1201,4662.96,675926.44,8382385.0,0.81199998,0.099501215
905,2010-09-06,4682.2598,4692.1099,4616.0698,4651.96,642439.56,7852535.5,-0.2359,0.09332623
905,2010-09-07,4650.9502,4680.3301,4613.3901,4679.9399,541678.63,6352439.0,0.60149997,0.08672552
905,2010-09-08,4660.8999,4723.8301,4644.3501,4720.3799,552265.06,6706207.5,0.86409998,0.09214511
905,2010-09-09,4730.8599,4746.0298,4649.04,4658.0098,702472.31,8574064.0,-1.3213,0.10975718
905,2010-09-10,4655.7002,4712.5601,4593.4502,4705.3101,623140.75,7677829.5,1.0154999,0.1077591
905,2010-09-13,4713.0601,4791.48,4707.3599,4789.6899,623546.0,7990597.0,1.7933,0.08557128
905,2010-09-14,4796.46,4821.5498,4770.3599,4805.4199,610498.13,7713551.0,0.32839999,0.06362191
905,2010-09-15,4802.6099,4802.6099,4712.5298,4730.1401,602562.88,7369400.5,-1.5666,0.07069763
905,2010-09-16,4721.5601,4739.4302,4558.3999,4610.9199,560162.31,6803179.0,-2.5204,0.08446904
905,2010-09-17,4616.5698,4646.2002,4575.79,4603.4902,420853.16,5228671.5,-0.1611,0.10026955
905,2010-09-20,4608.8501,4622.5098,4531.48,4553.1201,388063.91,4721710.0,-1.0942,0.11085139
905,2010-09-21,4561.6699,4576.04,4516.6099,4546.7202,285141.31,3458385.8,-0.1406,0.1194333
905,2010-09-27,4570.6099,4673.7598,4570.6099,4673.6001,364802.84,4520984.0,2.7906001,0.10167744
905,2010-09-28,4672.1499,4695.04,4643.1699,4654.3501,416780.13,5279571.5,-0.41190001,0.097283185
905,2010-09-29,4648.1602,4659.5601,4577.3999,4590.3198,399534.84,4944570.5,-1.3757,0.114183806
905,2010-09-30,4564.8101,4660.6099,4553.96,4660.6099,352890.19,4429360.5,1.5312999,0.10826911
905,2010-10-08,4696.3799,4787.4502,4691.6401,4767.9702,515514.88,6548795.5,2.3036001,0.08030669
905,2010-10-11,4784.6499,4825.3599,4746.54,4789.1602,765954.13,9804794.0,0.44440001,0.077938445
905,2010-10-12,4772.9102,4808.1299,4748.7402,4806.0298,678334.38,8528333.0,0.35229999,0.07758177
905,2010-10-13,4808.3901,4838.8599,4765.9399,4836.7402,773704.06,9713960.0,0.639,0.057766158
905,2010-10-14,4842.6899,4848.8599,4675.3799,4679.5498,757134.63,9604745.0,-3.2499001,0.10104606
905,2010-10-15,4654.27,4719.9302,4638.2402,4691.4502,718273.88,9254316.0,0.2543,0.10586485
905,2010-10-18,4699.0298,4701.1602,4545.0698,4636.6401,836745.63,10222600.0,-1.1683,0.11397909
905,2010-10-19,4637.96,4779.1099,4637.0498,4778.6099,651631.44,8030099.0,3.0618999,0.057790887
905,2010-10-20,4682.6499,4828.8999,4661.1899,4794.1899,766380.56,9710275.0,0.32600001,0.036790345
905,2010-10-21,4805.7002,4844.54,4771.6099,4833.7998,678994.13,8600562.0,0.82620001,0.016488105
905,2010-10-22,4837.3301,4892.6201,4826.8301,4877.9302,660719.25,8606967.0,0.91289997,-0.025115222
905,2010-10-25,4894.8501,4998.8901,4894.8101,4998.5,810292.5,10674710.0,2.4717,-0.03233568
905,2010-10-26,5010.02,5046.6499,4983.8398,5046.1499,891384.88,11751055.0,0.9533,-0.02488632
905,2010-10-27,5046.21,5088.8501,4976.71,4994.77,804916.75,10657823.0,-1.0182,-0.036035735
905,2010-10-28,4978.54,5020.0698,4952.71,4999.5898,617816.19,8093323.0,0.096500002,-0.034478787
905,2010-10-29,5005.6602,5068.7002,4992.8101,5055.4902,654718.75,8898293.0,1.1181,-0.040652834
905,2010-11-01,5072.7598,5199.8101,5072.7598,5199.5298,852383.75,11863483.0,2.8492,-0.059545748
905,2010-11-02,5211.4702,5272.4502,5171.5,5173.0698,968643.69,13619915.0,-0.50889999,-0.049177743
905,2010-11-03,5165.9102,5197.96,5096.46,5098.54,763171.25,10605636.0,-1.4407001,-0.03315651
905,2010-11-04,5104.7798,5228.9199,5104.7798,5228.2998,761260.06,10339823.0,2.5450001,-0.06971674
905,2010-11-05,5274.5698,5313.48,5244.3799,5311.77,895049.06,12108733.0,1.5965,-0.07703833
905,2010-11-08,5338.5098,5431.3901,5330.5098,5431.0898,950764.88,12610874.0,2.2463,-0.097656235
905,2010-11-09,5435.3599,5468.3599,5398.7002,5467.8398,927005.81,12520799.0,0.6767,-0.10861503
905,2010-11-10,5459.3999,5504.8799,5432.6299,5484.7402,885926.44,12346195.0,0.3091,-0.10548363
905,2010-11-11,5462.7598,5581.3501,5440.1001,5440.1001,987732.81,13899295.0,-0.81389999,-0.10297789
905,2010-11-12,5411.8701,5445.71,5094.7998,5111.1899,1051432.5,14177686.0,-6.046,-0.04852099
905,2010-11-15,5117.1602,5255.8501,5083.8501,5255.27,678503.38,9316207.0,2.8189001,-0.10955483
905,2010-11-16,5259.5098,5288.9702,5017.25,5068.4702,783621.5,10740572.0,-3.5545001,-0.07820705
905,2010-11-17,4989.7998,5039.0898,4830.5098,4855.8501,543078.88,7220055.0,-4.1950002,-0.048827723
905,2010-11-18,4885.9102,4941.2002,4814.4199,4932.3999,420245.06,5760306.0,1.5764,-0.0728773
905,2010-11-19,4959.0601,5081.0298,4919.2798,5081.0298,542105.75,7549255.5,3.0132999,-0.12834793
905,2010-11-22,5049.46,5190.6099,5036.3198,5150.6699,608676.5,8712585.0,1.3706,-0.15641074
905,2010-11-23,5129.3701,5129.3701,4970.4902,5063.2402,537722.75,7500585.5,-1.6974,-0.12224591
905,2010-11-24,5022.1299,5206.4199,5017.9302,5206.1499,540862.0,7789565.5,2.8225,-0.13738748
905,2010-11-25,5228.27,5278.3198,5226.98,5259.8101,607865.56,8417662.0,1.0307,-0.15776427
905,2010-11-26,5255.2598,5256.3999,5169.0298,5227.6499,540723.5,7389545.5,-0.61140001,-0.13800651
905,2010-11-29,5214.4502,5273.79,5180.6602,5248.75,500710.0,7108092.5,0.40360001,-0.13364138
905,2010-11-30,5238.5,5257.1001,4960.71,5110.8799,646001.25,8746228.0,-2.6266999,-0.10720457
905,2010-12-01,5090.3999,5139.96,5071.3501,5116.8398,408212.38,5614096.0,0.1166,-0.12900732
905,2010-12-02,5175.2598,5192.6299,5135.6699,5138.4902,477467.16,6551711.5,0.42309999,-0.13027959
905,2010-12-03,5135.8301,5145.8101,5052.4302,5100.3701,376379.75,5183713.0,-0.74190003,-0.12383025
905,2010-12-06,5103.8599,5114.0698,4989.2798,5016.5298,341356.78,4818826.0,-1.6438,-0.09480456
905,2010-12-07,4999.5898,5088.7598,4931.8799,5084.5801,336815.97,4699728.5,1.3565,-0.11503215
905,2010-12-08,5077.5498,5133.25,5059.5801,5069.9702,330161.78,4692805.5,-0.28729999,-0.13172269
905,2010-12-09,5047.04,5047.04,4964.25,4964.8999,350360.69,4698551.5,-2.0724001,-0.12639324
905,2010-12-10,4944.9302,5045.9502,4935.2798,5039.1699,304125.28,4216139.0,1.4959,-0.15090182
905,2010-12-13,5063.0098,5179.52,5063.0098,5179.02,455635.5,6388449.5,2.7753,-0.16230872
905,2010-12-14,5194.9399,5244.5298,5181.2002,5244.04,493632.84,6998325.5,1.2553999,-0.17597498
905,2010-12-15,5244.7998,5276.1401,5211.7002,5230.6802,467957.22,6748384.5,-0.25479999,-0.15824716
905,2010-12-16,5219.0801,5250.3901,5200.8799,5216.8501,355204.38,4976603.0,-0.26440001,-0.1356508
905,2010-12-17,5212.1401,5230.3301,5187.3999,5228.3398,304121.44,4302544.0,0.2202,-0.12626377
905,2010-12-20,5246.4199,5264.21,5043.6602,5163.5298,455877.56,6557150.0,-1.2395999,-0.1140789
905,2010-12-21,5166.3398,5223.3999,5123.27,5222.79,403884.06,5580100.0,1.1477,-0.13618013
905,2010-12-22,5225.77,5226.1802,5157.3198,5174.54,407791.34,5695814.0,-0.92379999,-0.11502663
905,2010-12-23,5161.2598,5170.1802,5060.5298,5069.52,346081.34,4784289.5,-2.0295999,-0.09167929
905,2010-12-24,5046.9399,5046.9399,4947.2202,4991.54,309507.88,4044407.3,-1.5382,-0.05452223
905,2010-12-27,4993.3799,5048.6001,4832.5298,4849.6299,341553.38,4545838.0,-2.8429999,-0.020663433
905,2010-12-28,4820.8198,4827.3501,4700.5601,4730.5,295542.47,3749820.3,-2.4565001,0.0064305887
905,2010-12-29,4730.6299,4813.2402,4723.29,4812.5298,214768.38,2958171.3,1.7341,-0.010613877
905,2010-12-30,4810.4399,4846.6499,4777.8398,4828.4902,235322.41,3316430.5,0.33160001,-0.014886703
905,2010-12-31,4833.8901,4936.7202,4833.8901,4936.7202,276546.13,4114045.8,2.2414999,-0.027812049
905,2011-01-04,4964.21,5012.0601,4938.9399,5011.5,369956.44,5414880.0,1.5148,-0.0559473
905,2011-01-05,4989.1099,5038.8701,4964.8701,5028.77,347522.19,5201662.0,0.34459999,-0.040437344
905,2011-01-06,5026.3301,5047.2598,4992.1699,5001.2798,312387.44,4588713.0,-0.5467,-0.027015066
905,2011-01-07,4990.7002,5028.27,4945.7798,4975.1401,349962.34,4722722.5,-0.52270001,-0.01589907
905,2011-01-10,4966.5601,4970.4199,4816.5801,4830.5601,311378.63,4383317.5,-2.9059999,0.01339383
905,2011-01-11,4811.1602,4815.5,4747.4902,4804.8198,275060.88,3668061.8,-0.53289998,0.008093998
905,2011-01-12,4813.4902,4846.9502,4764.4702,4833.5801,269143.97,3384236.8,0.59859997,0.003202595
905,2011-01-13,4851.6802,4859.5298,4810.9102,4826.7598,254437.73,3245320.5,-0.1411,-0.008778083
905,2011-01-14,4816.6602,4816.6602,4719.1499,4723.4302,278117.75,3653176.8,-2.1408,0.01640962
905,2011-01-17,4690.8799,4691.5698,4507.5698,4519.9102,306775.09,3854084.8,-4.3087001,0.020757005
905,2011-01-18,4502.0601,4550.29,4483.5,4536.96,194428.66,2423141.0,0.37720001,0.021249933
905,2011-01-19,4538.9902,4646.0898,4530.6099,4646.0898,243609.38,3199937.3,2.4054,0.013837464
905,2011-01-20,4637.77,4637.77,4476.5601,4477.3599,286524.63,3621479.8,-3.6317,0.045459826
905,2011-01-21,4459.9902,4549.5898,4445.23,4506.3198,270950.41,3338690.0,0.64679998,0.027073089
905,2011-01-24,4506.6099,4521.1299,4397.02,4398.5,252206.81,3207448.0,-2.3926001,0.055919062
905,2011-01-25,4390.1602,4392.2202,4307.9102,4341.9102,213361.69,2664903.5,-1.2866,0.061924264
905,2011-01-26,4339.8599,4426.25,4339.8599,4424.8901,197431.23,2523524.0,1.9111,0.045262095
905,2011-01-27,4397.9302,4514.4302,4369.8701,4502.8101,279648.16,3560894.0,1.7609,0.03256191
905,2011-01-28,4497.8301,4559.3599,4493.8398,4548.21,258176.66,3323124.8,1.0082999,0.0023767592
905,2011-01-31,4544.3301,4611.0,4536.1899,4610.8599,264063.22,3406511.5,1.3775001,-0.060745697
905,2011-02-01,4612.3999,4638.6099,4604.9102,4630.5801,239466.95,3185185.0,0.42770001,-0.06769566
905,2011-02-09,4597.54,4654.5898,4584.8999,4609.7202,275420.84,3587408.3,-0.45050001,-0.05011584
905,2011-02-10,4604.8398,4734.0601,4602.3301,4733.9702,345782.5,4358305.5,2.6954,-0.05905827
905,2011-02-11,4736.27,4803.1001,4729.3901,4786.8101,399159.84,5182610.0,1.1162,-0.058686264
905,2011-02-14,4792.8501,4884.9902,4792.8501,4872.5,478151.34,6250292.0,1.7901,-0.061730076
905,2011-02-15,4878.6802,4932.3301,4862.77,4869.6899,515570.41,6805457.0,-0.057700001,-0.069074236
905,2011-02-16,4860.8901,4952.9502,4855.9502,4952.6699,446713.66,6101568.0,1.704,-0.08867534
905,2011-02-17,4962.1299,4990.75,4917.9502,4987.48,504453.28,6850679.5,0.70289999,-0.1105528
905,2011-02-18,4977.2202,4984.1802,4915.6699,4941.4302,429067.19,5843657.0,-0.92330003,-0.11057734
905,2011-02-21,4911.8101,5043.25,4905.3599,5042.9702,473702.19,6404048.0,2.0548999,-0.1346449
905,2011-02-22,5052.3599,5058.75,4908.25,4909.75,573819.63,7949029.5,-2.6417,-0.096711665
905,2011-02-23,4891.25,4983.23,4891.25,4979.0601,448300.63,6161431.5,1.4117,-0.110679545
905,2011-02-24,4976.3398,5033.1001,4963.7598,5027.73,500906.84,6519094.5,0.97750002,-0.10095214
905,2011-02-25,5019.5,5039.79,4964.3501,5032.7998,444554.5,5764132.0,0.1008,-0.09982116
905,2011-02-28,5040.2202,5095.5698,5007.6499,5095.21,512427.88,6662773.0,1.2401,-0.11874875
905,2011-03-01,5099.7002,5143.77,5082.04,5122.4399,577984.19,7745678.5,0.53439999,-0.13093562
905,2011-03-02,5099.48,5120.4102,5024.8599,5108.7402,531427.88,7089320.0,-0.26750001,-0.13275293
905,2011-03-03,5106.3901,5124.6099,5000.54,5009.0498,517103.88,6745357.5,-1.9514,-0.12257414
905,2011-03-04,5005.5601,5067.9199,4989.6499,5067.6201,425596.03,5457010.5,1.1693,-0.14259951
905,2011-03-07,5085.46,5138.6499,5085.46,5138.25,574785.88,7716591.0,1.3938,-0.17519198
905,2011-03-08,5135.3599,5166.3599,5113.0898,5165.7402,531400.81,7145616.0,0.53500003,-0.18600045
905,2011-03-09,5168.1299,5186.0298,5147.8701,5181.3701,511461.97,6909675.0,0.3026,-0.16887622
905,2011-03-10,5174.0298,5174.0298,5139.7798,5143.4102,523198.88,7205575.0,-0.73259997,-0.17172459
905,2011-03-11,5118.0698,5200.7002,5113.48,5139.75,517193.34,7088665.5,-0.071199998,-0.17627317
905,2011-03-14,5127.1401,5190.73,5111.0098,5190.04,534101.31,7555312.5,0.97850001,-0.19763817
905,2011-03-15,5178.0898,5178.0898,5016.8799,5131.3301,633360.63,8531731.0,-1.1312,-0.17913488
905,2011-03-16,5122.27,5200.0698,5119.1899,5199.3599,555613.19,7578151.5,1.3257999,-0.18922712
905,2011-03-17,5151.6401,5185.4199,5080.5298,5104.1299,567407.75,7499967.5,-1.8316,-0.17423344
905,2011-03-18,5133.77,5160.7998,5105.0601,5126.9302,426768.34,5709441.0,0.44670001,-0.19408107
905,2011-03-21,5120.6699,5130.9302,5062.79,5086.1099,419196.75,5509379.5,-0.79619998,-0.18368848
905,2011-03-22,5093.4102,5102.4302,5020.7598,5085.8101,391070.0,5359528.5,-0.0059000002,-0.15940829
905,2011-03-23,5084.77,5155.5898,5076.7202,5155.3398,463735.59,6069017.0,1.3671,-0.1946603
905,2011-03-24,5159.2002,5185.5,5149.6602,5169.2598,489966.91,6382767.0,0.27000001,-0.20341782
905,2011-03-25,5164.8198,5218.0601,5164.7798,5212.3501,585774.0,7504777.0,0.83359998,-0.22272491
905,2011-03-28,5223.0698,5231.73,5187.4502,5199.5498,691230.31,8929233.0,-0.2456,-0.21758033
905,2011-03-29,5185.6802,5191.54,5105.0298,5111.1499,703333.25,8727461.0,-1.7000999,-0.21744029
905,2011-03-30,5101.1099,5117.2202,5036.29,5064.5498,536286.0,6625611.5,-0.91170001,-0.23565564
905,2011-03-31,5065.1201,5079.23,4985.02,5000.3999,457934.03,5620100.0,-1.2666,-0.22869568
905,2011-04-01,4999.7598,5065.0801,4991.79,5065.0801,391173.03,4861844.5,1.2934999,-0.24333277
905,2011-04-06,5046.8999,5070.3398,5019.4902,5057.8398,457147.63,5841705.0,-0.1429,-0.24514614
905,2011-04-07,5056.0898,5090.02,5045.1899,5089.75,449688.88,5768381.0,0.63090003,-0.2238008
905,2011-04-08,5087.3101,5149.0498,5079.6499,5148.7998,453716.03,5837469.5,1.1602,-0.22276059
905,2011-04-11,5157.0698,5162.4902,5102.71,5107.1401,526175.5,6693336.0,-0.80909997,-0.21968268
905,2011-04-12,5096.5698,5139.0298,5083.3901,5114.46,527143.63,6312823.5,0.1433,-0.21846683
905,2011-04-13,5098.6401,5165.4902,5069.3901,5165.21,488713.28,5801466.0,0.99229997,-0.24939741
905,2011-04-14,5162.3101,5175.2402,5140.0,5150.8701,489131.19,5927561.5,-0.27759999,-0.2517439
905,2011-04-15,5143.2998,5162.4199,5103.0898,5162.4199,527941.13,6328701.5,0.2242,-0.2754425
905,2011-04-18,5149.3398,5179.4502,5140.4102,5178.8901,564602.31,6901403.0,0.31900001,-0.2910257
905,2011-04-19,5149.6602,5153.5601,5095.6001,5116.1401,640179.75,7717717.5,-1.2115999,-0.26961148
905,2011-04-20,5116.1099,5154.7402,5116.1099,5152.3999,508767.16,6337201.0,0.7087,-0.25413787
905,2011-04-21,5169.6201,5191.0098,5159.96,5188.1099,538307.06,6722599.5,0.69309998,-0.25128996
905,2011-04-22,5187.7598,5193.21,5150.4199,5165.1201,549876.69,6581851.5,-0.44310001,-0.24706689
905,2011-04-25,5152.0698,5152.0698,5054.77,5054.77,501140.44,6059839.5,-2.1364,-0.21286231
905,2011-04-26,5033.79,5047.3398,4943.0601,4970.5698,392577.19,4673146.5,-1.6658,-0.19539203
905,2011-04-27,4977.9502,5003.8599,4872.5098,4913.5,411282.59,4787425.0,-1.1482,-0.18595093
905,2011-04-28,4920.9399,4937.1099,4752.4102,4755.4199,407756.03,4669645.5,-3.2172999,-0.14354987
905,2011-04-29,4749.5298,4837.0,4738.4502,4836.8701,301103.09,3495231.0,1.7128,-0.15283644
905,2011-05-03,4836.8599,4920.71,4816.02,4920.5698,354605.34,4233703.0,1.7305,-0.16043669
905,2011-05-04,4900.4399,4900.4399,4798.4102,4814.7798,406279.16,4850142.5,-2.1500001,-0.14538771
905,2011-05-05,4792.1299,4842.3701,4784.7002,4827.21,347000.31,3994859.0,0.25819999,-0.1594399
905,2011-05-06,4787.52,4874.98,4764.8398,4849.9702,369057.72,4348235.0,0.47150001,-0.14927313
905,2011-05-09,4855.8398,4897.7598,4855.8398,4889.9199,345625.09,4194870.5,0.82370001,-0.16882685
905,2011-05-10,4893.9502,4918.8701,4871.4502,4918.6699,352245.44,4159009.5,0.58789998,-0.17413855
905,2011-05-11,4919.2402,4949.02,4880.3101,4929.4902,423749.25,4975915.5,0.22,-0.15618661
905,2011-05-12,4896.3398,4940.8198,4863.1201,4863.7998,473555.72,5436410.5,-1.3326,-0.1379847
905,2011-05-13,4860.0298,4903.1099,4817.8301,4902.5601,424640.84,4920104.5,0.79689997,-0.16608465
905,2011-05-16,4900.0,4931.1299,4892.2402,4900.71,409953.44,4718572.0,-0.037700001,-0.16756144
905,2011-05-17,4892.29,4912.71,4823.0698,4873.9502,468605.94,5337598.0,-0.546,-0.18684848
905,2011-05-18,4859.3198,4907.75,4850.4502,4906.1899,360807.5,4025834.0,0.66149998,-0.19150299
905,2011-05-19,4912.8101,4929.21,4875.7998,4879.8901,346826.56,4065680.8,-0.53609997,-0.18893053
905,2011-05-20,4875.0801,4886.5898,4837.98,4863.1899,302199.63,3614881.5,-0.34220001,-0.18927698
905,2011-05-23,4853.8999,4853.9199,4677.46,4679.5298,428526.22,4685485.0,-3.7765,-0.15904585
905,2011-05-24,4656.0098,4676.8398,4590.1299,4672.0801,328719.81,3693812.0,-0.1592,-0.16282254
905,2011-05-25,4667.6401,4689.6899,4613.6802,4618.75,341816.91,3735537.0,-1.1415,-0.15230311
905,2011-05-26,4635.9502,4662.29,4572.3198,4572.9399,357018.38,4035480.5,-0.99180001,-0.12952714
905,2011-05-27,4561.77,4567.23,4425.7598,4428.8901,339023.88,3704876.5,-3.1501,-0.137495
905,2011-05-30,4403.0,4427.0,4339.0801,4345.0498,265925.75,2805272.0,-1.893,-0.1031127
905,2011-05-31,4347.9902,4444.5898,4339.6299,4444.2798,264723.84,2852437.3,2.2837,-0.14113419
905,2011-06-01,4439.3901,4494.0,4424.2002,4490.8901,274672.94,2974570.0,1.0488,-0.17784004
905,2011-06-02,4434.8599,4452.5298,4363.8999,4430.0,303859.88,3279787.5,-1.3559,-0.16663657
905,2011-06-03,4425.4902,4514.3101,4424.2002,4506.2002,267196.91,2989491.5,1.7201,-0.17844304
905,2011-06-07,4496.96,4548.2202,4490.6201,4547.2998,253524.27,2919230.8,0.91210002,-0.1863105
905,2011-06-08,4542.7002,4568.29,4486.6499,4562.9702,296937.03,3339843.8,0.34459999,-0.1970493
905,2011-06-09,4552.0698,4553.71,4456.5898,4456.73,301274.53,3350249.0,-2.3283,-0.18862258
905,2011-06-10,4442.5098,4469.5801,4383.2002,4469.0498,271627.28,2945667.5,0.2764,-0.21898389
905,2011-06-13,4439.8701,4475.6899,4408.0601,4468.79,229029.73,2559424.5,-0.0057999999,-0.23391567
905,2011-06-14,4466.9902,4546.73,4461.5298,4540.9399,299555.84,3390398.0,1.6145,-0.2667641
905,2011-06-15,4531.3599,4562.04,4498.7798,4499.6899,295478.13,3351828.3,-0.9084,-0.2383453
905,2011-06-16,4461.2598,4466.7798,4396.21,4402.1401,279060.69,3066343.0,-2.1679001,-0.21973176
905,2011-06-17,4392.98,4415.1602,4332.4902,4337.3701,228268.97,2519162.8,-1.4713,-0.2104778
905,2011-06-20,4325.6001,4333.5698,4251.1099,4278.75,215885.05,2348156.0,-1.3515,-0.2188373
905,2011-06-21,4286.3599,4338.8501,4269.9199,4338.4199,244486.56,2682392.5,1.3946,-0.23964944
905,2011-06-22,4341.3599,4350.9199,4300.6401,4321.2202,222808.8,2449608.5,-0.39649999,-0.22998835
905,2011-06-23,4307.8101,4411.8599,4276.73,4402.9399,292773.75,3304075.5,1.8911,-0.2486679
905,2011-06-24,4390.0898,4533.71,4381.7998,4509.1802,459292.84,5314187.0,2.4129,-0.28498092
905,2011-06-27,4511.7598,4578.3198,4510.7202,4568.1899,391646.03,4710299.5,1.3087,-0.29788384
905,2011-06-28,4569.7598,4582.6201,4529.1802,4574.48,323100.13,4011520.8,0.13770001,-0.2988974
905,2011-06-29,4570.8398,4583.4902,4511.2798,4511.5498,339637.03,4133768.0,-1.3757,-0.27590737
905,2011-06-30,4506.75,4585.2598,4506.7402,4579.3301,327379.5,3954527.5,1.5024,-0.30290458
905,2011-07-01,4589.1802,4635.25,4582.3301,4604.75,388202.03,4485087.5,0.55510002,-0.3323481
905,2011-07-04,4617.9502,4719.5698,4617.9502,4719.3901,503147.94,5989275.0,2.4895999,-0.34577352
905,2011-07-05,4722.3301,4758.0801,4711.1699,4749.4199,460685.09,5695611.0,0.63630003,-0.3235174
905,2011-07-06,4742.1699,4763.2402,4705.3901,4760.9199,433043.41,5436284.0,0.2421,-0.29732278
905,2011-07-07,4757.0698,4813.3398,4742.3701,4761.4502,485031.59,6155073.5,0.0111,-0.2971175
905,2011-07-08,4755.75,4769.5498,4720.23,4756.6099,364105.97,4615025.5,-0.1016,-0.29659775
905,2011-07-11,4741.98,4802.4502,4728.4902,4799.4199,372521.94,4748294.5,0.89999998,-0.32623106
905,2011-07-12,4762.0898,4771.5898,4727.6699,4731.1201,414208.03,5123181.5,-1.4231,-0.33830467
905,2011-07-13,4729.2002,4825.5,4729.2002,4825.4199,402352.66,5215771.0,1.9931999,-0.31511042
905,2011-07-14,4833.75,4866.2402,4813.4902,4866.1699,461307.81,5986815.5,0.84450001,-0.33462042
905,2011-07-15,4853.7598,4896.1001,4842.79,4896.04,478193.03,6011347.0,0.61379999,-0.33195603
905,2011-07-18,4902.2202,4919.1401,4876.48,4895.2598,484366.66,6101303.0,-0.015900001,-0.3226917
905,2011-07-19,4871.6802,4871.9302,4822.4502,4843.71,415060.75,5247913.0,-1.0531,-0.32027104
905,2011-07-20,4864.2798,4881.46,4801.6099,4849.0601,394511.13,4923121.0,0.1105,-0.32059205
905,2011-07-21,4846.3398,4850.5498,4782.3999,4784.3901,387989.72,4831527.5,-1.3336999,-0.31731528
905,2011-07-22,4791.46,4822.8101,4781.4102,4800.9399,331605.78,4120847.8,0.3459,-0.3067712
905,2011-07-25,4784.9702,4784.9702,4597.7402,4613.73,435041.31,5303311.5,-3.8994,-0.26674297
905,2011-07-26,4604.9902,4634.3198,4576.9302,4633.3701,284126.06,3552479.3,0.42570001,-0.2635145
905,2011-07-27,4621.5,4716.2998,4596.4302,4710.3799,322123.88,4117721.3,1.6621,-0.28735256
905,2011-07-28,4670.9199,4685.46,4633.6699,4680.8999,319140.5,3943827.8,-0.62589997,-0.26391932
905,2011-07-29,4678.7798,4694.0601,4611.8999,4628.3198,293985.72,3574976.8,-1.1233,-0.25030026
905,2011-08-01,4622.7002,4665.1802,4607.5601,4644.46,249827.81,3091195.0,0.34869999,-0.24894822
905,2011-08-02,4627.3799,4627.3799,4539.4302,4610.7798,305862.91,3641129.0,-0.7252,-0.2365977
905,2011-08-03,4565.7598,4638.6401,4551.48,4625.1699,274390.78,3375367.0,0.31209999,-0.23794585
905,2011-08-04,4631.4199,4671.0,4631.2798,4649.4302,259134.41,3233677.0,0.52450001,-0.2304111
905,2011-08-05,4504.0801,4589.0801,4472.6201,4559.02,307314.09,3705106.0,-1.9445,-0.21535769
905,2011-08-08,4494.3799,4514.6201,4242.8701,4330.77,417175.03,4767123.5,-5.0065999,-0.17674914
905,2011-08-09,4199.1299,4347.3101,4113.0098,4317.1099,380044.97,4240759.0,-0.3154,-0.17202479
905,2011-08-10,4389.1499,4433.0898,4372.6401,4378.7002,382685.44,4461139.0,1.4266,-0.17365889
905,2011-08-11,4283.2402,4454.48,4270.6201,4454.3901,375462.19,4411240.5,1.7286,-0.17182826
905,2011-08-12,4483.8501,4526.5,4480.1201,4505.8901,403827.94,4558269.5,1.1562001,-0.17865509
905,2011-08-15,4514.6499,4571.7202,4509.6299,4571.7202,361691.84,4158267.3,1.461,-0.17824584
905,2011-08-16,4578.3501,4587.1401,4520.9399,4533.3198,348035.16,3967812.0,-0.83990002,-0.16963059
905,2011-08-17,4520.6899,4543.8799,4499.1602,4513.4902,281019.41,3157473.3,-0.43740001,-0.17013665
905,2011-08-18,4510.1401,4516.04,4434.9902,4436.1001,295256.09,3401187.3,-1.7146,-0.16680421
905,2011-08-19,4341.1899,4395.6001,4325.04,4395.02,274293.91,3132376.3,-0.926,-0.1545727
905,2011-08-22,4395.0298,4435.2998,4348.6699,4363.96,244768.33,2847638.3,-0.70670003,-0.13050993
905,2011-08-23,4376.2598,4435.21,4365.8398,4434.9199,255951.53,2877880.0,1.626,-0.14352909
905,2011-08-24,4453.4302,4474.1001,4420.29,4427.98,277839.47,3205586.5,-0.1565,-0.15072107
905,2011-08-25,4432.4102,4520.1699,4421.6001,4520.1699,341141.22,3799616.0,2.082,-0.17421025
905,2011-08-26,4506.0898,4541.4702,4496.1802,4530.4199,307092.53,3553632.3,0.22679999,-0.163029
905,2011-08-29,4509.8901,4512.6499,4481.29,4490.1602,302203.44,3606381.5,-0.88870001,-0.14299047
905,2011-08-30,4511.25,4541.5601,4450.73,4451.73,313781.53,3556619.5,-0.85589999,-0.13042343
905,2011-08-31,4449.6802,4468.1401,4386.6299,4430.54,244212.84,2825228.8,-0.47600001,-0.1174755
905,2011-09-01,4435.3301,4457.0498,4379.1001,4395.0698,228010.94,2531542.5,-0.80059999,-0.15033884
905,2011-09-02,4387.2998,4399.8501,4317.6401,4344.98,209687.7,2359498.3,-1.1397001,-0.15097192
905,2011-09-05,4305.4399,4305.4399,4237.4399,4238.0698,210134.31,2358146.8,-2.4605,-0.10652248
905,2011-09-06,4205.0898,4238.29,4185.7998,4204.9102,172859.59,1947218.0,-0.78240001,-0.08923144
905,2011-09-07,4221.9902,4306.46,4219.8501,4306.3599,234864.28,2674345.5,2.4126999,-0.13005878
905,2011-09-08,4320.5298,4328.21,4260.1401,4260.1602,223233.66,2630939.8,-1.0728,-0.117392346
905,2011-09-09,4256.48,4295.1001,4216.4199,4233.75,181823.59,2125233.5,-0.61989999,-0.116057895
905,2011-09-13,4176.2998,4176.8799,4136.9702,4164.29,180623.06,2077303.1,-1.6406,-0.11866611
905,2011-09-14,4176.04,4212.29,4111.1201,4212.1299,190062.69,2149519.5,1.1488,-0.12958999
905,2011-09-15,4215.3701,4249.54,4206.8799,4215.5,203812.23,2228538.3,0.079999998,-0.13346462
905,2011-09-16,4229.0,4249.1802,4212.29,4214.8198,176542.78,1937809.6,-0.016100001,-0.17196766
905,2011-09-19,4200.48,4200.48,4131.3198,4131.8901,177902.52,1882280.0,-1.9676,-0.17091165
905,2011-09-20,4121.04,4168.2402,4101.7002,4151.8501,177120.33,1940248.3,0.4831,-0.17702809
905,2011-09-21,4150.8198,4279.1201,4140.3398,4275.0898,302121.16,3346730.3,2.9683001,-0.173924
905,2011-09-22,4241.4199,4258.6099,4151.1201,4151.7998,274916.13,3042989.0,-2.8838999,-0.14397918
905,2011-09-23,4079.0601,4134.2202,4061.8301,4117.7402,232457.36,2522645.0,-0.8204,-0.14688301
905,2011-09-26,4102.6099,4138.3501,4039.55,4051.4299,197448.02,2113270.5,-1.6102999,-0.122769445
905,2011-09-27,4077.23,4098.02,4027.71,4068.23,192741.27,2086105.9,0.4147,-0.12333469
905,2011-09-28,4088.78,4099.3398,3987.27,3999.78,202920.3,2154114.8,-1.6825,-0.08984819
905,2011-09-29,3977.1399,3977.1399,3868.9399,3871.0601,220616.17,2204263.5,-3.2182,-0.050640393
905,2011-09-30,3875.02,3892.3799,3818.25,3856.8301,167569.73,1665913.6,-0.36759999,-0.044427443
905,2011-10-10,3866.8601,3882.78,3822.28,3832.5801,137531.69,1372953.9,-0.62879997,-0.052451402
905,2011-10-11,3919.4399,3942.05,3778.52,3817.9299,200191.56,2035700.4,-0.3822,-0.027216293
905,2011-10-12,3803.96,3953.1399,3768.1101,3950.6599,270020.31,2670492.8,3.4765,-0.062256638
905,2011-10-13,3943.1599,4009.78,3929.8301,4001.8501,287528.78,2897399.3,1.2957,-0.06634059
905,2011-10-14,3994.73,4004.9299,3948.4399,3985.1899,221004.36,2276526.5,-0.4163,-0.073676765
905,2011-10-17,3993.75,4024.24,3974.3799,3997.1201,218150.66,2317907.5,0.2994,-0.08274084
905,2011-10-18,3974.46,3974.8899,3873.3701,3877.02,244538.69,2548403.5,-3.0046999,-0.04078109
905,2011-10-19,3882.02,3898.8101,3837.24,3854.1699,197018.16,2064676.5,-0.58939999,-0.039993513
905,2011-10-20,3841.26,3841.26,3710.95,3740.47,226011.44,2225140.5,-2.9500999,-0.020273415
905,2011-10-21,3733.7,3743.3401,3669.6899,3671.7,172100.84,1746844.8,-1.8385,0.012680503
905,2011-10-24,3675.72,3736.77,3605.9399,3736.77,230287.22,2251738.0,1.7722,-0.00079054903
905,2011-10-25,3735.6299,3850.0801,3726.25,3842.98,326386.38,3256191.3,2.8422999,-0.022112032
905,2011-10-26,3818.24,3921.25,3808.3,3884.3899,388902.13,4000364.5,1.0775,-0.025701333
905,2011-10-27,3890.26,3927.4399,3872.8999,3888.99,330114.78,3238318.0,0.1184,-0.02713252
905,2011-10-28,3932.8501,3978.8,3918.3601,3978.8,431810.69,4249333.5,2.3092999,-0.06568061
905,2011-10-31,3975.0701,4004.3899,3963.27,3999.3601,361826.16,3793090.5,0.51670003,-0.06706798
905,2011-11-01,3963.3701,4020.46,3950.74,3999.8301,339169.84,3546216.5,0.0118,-0.071114294
905,2011-11-02,3937.8999,4073.1201,3919.6899,4072.78,429738.78,4542344.0,1.8238,-0.0890505
905,2011-11-03,4085.5,4150.04,4085.3101,4097.6201,575864.5,6219888.0,0.6099,-0.095601104
905,2011-11-04,4115.1001,4140.6299,4093.9199,4131.1299,421179.78,4400659.0,0.81779999,-0.11396831
905,2011-11-07,4125.02,4159.9702,4107.5601,4114.77,324775.13,3398513.0,-0.396,-0.097352706
905,2011-11-08,4115.77,4125.0898,4049.8101,4057.5601,305704.56,3144082.8,-1.3904001,-0.09900092
905,2011-11-09,4065.2,4126.0,4025.72,4126.0,321842.25,3522676.3,1.6867,-0.114506565
905,2011-11-10,4080.3601,4112.3701,4063.75,4064.3701,345236.81,3744070.5,-1.4937,-0.08692988
905,2011-11-11,4069.3999,4096.5698,4043.76,4062.1399,291888.0,3069608.8,-0.054900002,-0.086954415
905,2011-11-14,4092.0601,4159.7002,4092.0601,4159.5698,351270.16,3819017.5,2.3985,-0.11575159
905,2011-11-15,4159.1602,4192.77,4153.3301,4192.6699,351614.38,3755778.8,0.79579997,-0.13288759
905,2011-11-16,4194.3799,4195.29,4070.8999,4088.3201,383566.78,3941569.5,-2.4888999,-0.09805127
905,2011-11-17,4086.51,4125.8501,4066.1201,4079.54,292478.53,2995411.8,-0.2148,-0.081838146
905,2011-11-18,4054.46,4054.46,3955.0601,3963.26,299671.78,3008506.5,-2.8503001,-0.053249344
905,2011-11-21,3956.3899,3966.8101,3917.03,3966.6399,204832.02,2072921.9,0.085299999,-0.053709663
905,2011-11-22,3932.5,3960.55,3902.1299,3957.9299,201753.23,2055229.6,-0.21960001,-0.053940546
905,2011-11-23,3964.1399,3978.47,3932.4399,3942.7,204358.17,2124254.0,-0.38479999,-0.08138887
905,2011-11-24,3909.3899,3957.8799,3880.5801,3935.27,211091.44,2160641.8,-0.1884,-0.08072025
905,2011-11-25,3931.1001,3960.8501,3899.0601,3911.3601,191414.73,2003639.9,-0.60759997,-0.07956235
905,2011-11-28,3916.0,3932.3999,3885.6899,3915.3,185010.73,1972850.4,0.1007,-0.085347995
905,2011-11-29,3945.3601,3980.6201,3929.02,3980.6201,227524.72,2515075.8,1.6683,-0.104622416
905,2011-11-30,3974.73,3974.73,3776.5901,3819.9399,301163.75,3050377.8,-4.0366001,-0.04964107
905,2011-12-01,3923.1699,3960.3401,3885.8701,3897.02,349418.84,3601245.0,2.0178001,-0.074064
905,2011-12-02,3878.01,3878.01,3797.28,3817.04,232101.91,2412157.0,-2.0523,-0.03724483
905,2011-12-05,3806.47,3807.05,3682.0601,3692.23,201621.13,2027206.0,-3.2697999,-0.010704885
905,2011-12-06,3679.74,3704.3401,3646.0701,3691.8,170388.92,1730346.5,-0.0116,-0.011594913
905,2011-12-07,3689.05,3718.71,3674.53,3702.1001,153265.73,1583282.3,0.27900001,-0.0046927417
905,2011-12-08,3695.8701,3732.22,3635.55,3700.0901,194942.63,2002352.8,-0.054299999,-0.011386776
905,2011-12-09,3672.5901,3706.25,3651.7,3663.8401,153583.66,1548330.0,-0.97970003,-0.0075740204
905,2011-12-12,3663.5601,3675.95,3612.6399,3616.0901,140945.03,1435280.4,-1.3033,-0.0069835647
905,2011-12-13,3597.0901,3597.0901,3482.23,3490.3999,203526.48,1922883.1,-3.4758999,0.00077816297
905,2011-12-14,3477.05,3505.8799,3416.71,3423.47,154523.34,1469483.6,-1.9175,0.019425292
905,2011-12-15,3401.5,3401.5,3324.8799,3329.5801,198682.16,1729258.0,-2.7425001,0.04409655
905,2011-12-16,3328.21,3427.3401,3324.5901,3427.21,192256.58,1745138.1,2.9322,0.00017772474
905,2011-12-19,3408.5601,3436.6299,3348.26,3434.8501,193812.66,1859968.8,0.2229,0.010514287
905,2011-12-20,3422.76,3474.0901,3415.3501,3424.45,199558.86,1894975.6,-0.3028,0.024836952
905,2011-12-21,3449.3701,3463.3201,3340.3301,3342.3999,177505.0,1697451.8,-2.3959999,0.05187237
905,2011-12-22,3315.8401,3331.4199,3196.8401,3298.72,219162.7,1924555.3,-1.3068,0.060334917
905,2011-12-23,3286.45,3357.4299,3271.4399,3327.3899,189961.77,1719487.0,0.86909997,0.027292263
905,2011-12-26,3321.98,3357.3601,3307.29,3308.0701,154768.38,1411622.3,-0.58060002,0.05395164
905,2011-12-27,3297.4099,3297.4099,3218.54,3224.1499,158740.97,1440642.9,-2.5367999,0.05417087
905,2011-12-28,3201.3101,3208.9099,3128.1499,3207.3999,174406.48,1568187.5,-0.51950002,0.04934374
905,2011-12-29,3190.1899,3225.0,3180.0601,3207.1799,152209.27,1370089.8,-0.0068999999,0.061401013
905,2011-12-30,3214.2,3267.6499,3214.2,3266.78,177842.66,1622711.3,1.8583,0.056178257
905,2012-01-04,3290.8201,3300.01,3191.99,3192.23,183428.39,1655847.9,-2.2821,0.0760766
905,2012-01-05,3173.01,3173.01,3070.45,3074.3701,199657.0,1760563.3,-3.6921,0.07699756
905,2012-01-06,3060.45,3087.55,3002.98,3087.55,178181.23,1541128.3,0.4287,0.07991317
905,2012-01-09,3089.45,3213.0601,3056.1899,3212.8999,256164.08,2183647.8,4.0598998,0.043558158
905,2012-01-10,3211.5701,3345.4199,3202.97,3345.3899,393875.19,3377038.5,4.1237001,0.014128727
905,2012-01-11,3342.55,3367.3999,3315.6699,3346.74,339017.09,2946937.8,0.040399998,0.006924081
905,2012-01-12,3330.8999,3388.3899,3323.1399,3345.8101,290698.78,2576906.0,-0.027799999,-0.0023773315
905,2012-01-13,3343.53,3349.6799,3210.3201,3233.7,281086.56,2541815.5,-3.3508,0.03939453
905,2012-01-16,3201.01,3217.3701,3130.3201,3130.5601,187754.66,1667344.4,-3.1895001,0.06437343
905,2012-01-17,3128.51,3305.0,3110.3601,3304.8799,301485.03,2673097.0,5.5682998,-0.00076977076
905,2012-01-18,3310.04,3342.3701,3223.99,3237.8501,308255.16,2881147.5,-2.0281999,0.014127244
905,2012-01-19,3230.8799,3288.2,3208.05,3270.77,229740.27,2125756.3,1.0167,-0.016301392
905,2012-01-20,3276.48,3323.1201,3267.03,3315.6001,220673.48,2062224.3,1.3706,-0.04717342
905,2012-01-30,3326.6101,3337.0601,3290.54,3292.4099,187543.84,1740393.1,-0.69940001,-0.023151977
905,2012-01-31,3284.8999,3297.1899,3251.4199,3294.49,182907.2,1695057.1,0.063199997,-0.029936956
905,2012-02-01,3287.22,3318.3701,3255.6299,3266.23,182364.0,1701687.9,-0.85780001,-0.0019514854
905,2012-02-02,3271.5901,3328.25,3266.96,3328.1499,217879.03,2047769.4,1.8958,0.00273942
905,2012-02-03,3324.3999,3390.3301,3315.6899,3383.05,321683.13,2917436.0,1.6496,-0.0043741595
905,2012-02-06,3387.22,3420.0,3381.76,3412.4099,312492.03,2869654.0,0.86790001,-0.016388653
905,2012-02-07,3397.77,3397.77,3333.6399,3356.8401,268157.78,2439887.8,-1.6285,0.014364104
905,2012-02-08,3351.04,3445.52,3341.71,3445.52,335219.47,3090093.3,2.6417999,-0.014416083
905,2012-02-09,3441.79,3501.3999,3434.8101,3469.8501,438982.13,3856820.0,0.70609999,-0.043733876
905,2012-02-10,3463.97,3506.3401,3459.1299,3488.23,397831.91,3378998.5,0.52969998,-0.03974652
905,2012-02-13,3458.8101,3535.52,3441.3301,3519.8799,382380.75,3418145.5,0.9073,-0.05938862
905,2012-02-14,3516.6101,3529.49,3493.9099,3524.6299,359048.25,3204224.8,0.1349,-0.06746864
905,2012-02-15,3518.79,3580.28,3505.3601,3578.1499,436257.31,3870670.3,1.5185,-0.08143085
905,2012-02-16,3572.3201,3607.75,3540.8501,3577.2,437779.66,3846384.5,-0.0266,-0.080443084
905,2012-02-17,3582.51,3596.8701,3530.96,3565.3101,328080.53,2974917.5,-0.33239999,-0.06438632
905,2012-02-20,3610.74,3618.6799,3573.23,3574.46,403925.97,3748862.3,0.25659999,-0.07507397
905,2012-02-21,3569.23,3618.3301,3533.1101,3618.3,368037.75,3527479.8,1.2265,-0.08023381
905,2012-02-22,3617.1799,3689.1299,3616.1101,3689.0,517916.72,4909736.5,1.954,-0.114733264
905,2012-02-23,3686.73,3711.1201,3662.4199,3700.8899,469486.88,4473628.0,0.32229999,-0.13957691
905,2012-02-24,3698.6799,3757.52,3689.3601,3756.8301,565894.25,5049032.0,1.5115,-0.14795378
905,2012-02-27,3767.6001,3822.26,3764.1699,3764.3301,657495.13,6025094.0,0.1996,-0.15535037
905,2012-02-28,3748.3401,3761.73,3696.21,3745.5801,490086.63,4578633.0,-0.49810001,-0.1644832
905,2012-02-29,3733.6299,3750.46,3691.98,3696.1399,404151.59,3865406.8,-1.3200001,-0.15060033
905,2012-03-01,3679.04,3737.72,3675.28,3715.6699,356368.09,3519321.0,0.5284,-0.13870016
905,2012-03-02,3719.96,3794.5801,3719.96,3794.4199,462346.28,4332079.5,2.1194,-0.16592629
905,2012-03-05,3805.6799,3825.72,3793.6899,3798.3799,491045.16,4930863.0,0.1044,-0.16232708
905,2012-03-06,3786.1599,3786.1599,3729.6001,3760.5901,456392.38,4444168.5,-0.99489999,-0.14430025
905,2012-03-07,3718.77,3780.48,3707.79,3732.71,421038.41,4074034.3,-0.7414,-0.106638364
905,2012-03-08,3741.48,3803.3701,3741.48,3791.8301,432000.53,4166557.3,1.5838,-0.11293362
905,2012-03-09,3802.0901,3848.1101,3787.9099,3848.1101,440034.19,4526703.0,1.4842,-0.12941995
905,2012-03-12,3852.6101,3876.1699,3839.4299,3871.1201,470784.38,4888918.0,0.59799999,-0.12786946
905,2012-03-13,3867.97,3910.0601,3856.4099,3910.0601,474963.69,4817380.0,1.0059,-0.14852995
905,2012-03-14,3924.49,3945.3101,3709.0901,3734.3201,765907.75,7573536.0,-4.4945998,-0.10611892
905,2012-03-15,3726.3701,3754.73,3635.6799,3689.01,508939.38,4966228.5,-1.2133,-0.122337945
905,2012-03-16,3693.3201,3786.6201,3687.8101,3786.6201,455352.25,4647680.5,2.6459999,-0.14851268
905,2012-03-19,3788.3899,3830.02,3762.3,3829.7,454009.84,4605157.0,1.1377,-0.14983785
905,2012-03-20,3819.72,3819.72,3744.8101,3746.28,414148.41,4015069.0,-2.1782,-0.156026
905,2012-03-21,3757.0,3782.4099,3700.49,3760.05,402818.31,4058002.5,0.36759999,-0.16391803
905,2012-03-22,3754.8701,3769.3701,3720.6899,3742.3899,336533.38,3238603.5,-0.46970001,-0.15370633
905,2012-03-23,3727.1499,3728.6201,3652.23,3670.1299,328697.94,3276056.3,-1.9309,-0.1432434
905,2012-03-26,3661.3899,3680.29,3635.6699,3666.28,248848.16,2438977.8,-0.1049,-0.16209646
905,2012-03-27,3681.74,3699.1599,3648.75,3652.8799,261091.03,2628939.5,-0.3655,-0.14010805
905,2012-03-28,3638.7671,3638.7671,3483.584,3490.0071,362701.34,3371685.5,-4.4587998,-0.08316748
905,2012-03-29,3471.3569,3482.3259,3391.7949,3425.7019,308014.66,2753307.8,-1.8425,-0.070740804
905,2012-03-30,3422.812,3445.469,3383.531,3416.856,248260.17,2239117.3,-0.25819999,-0.04426265
905,2012-04-05,3420.0259,3532.0759,3412.4409,3531.5491,293524.47,2786314.3,3.3566999,-0.06643713
905,2012-04-06,3530.6299,3570.5891,3520.8889,3554.0271,300654.66,2882306.8,0.6365,-0.086094506
905,2012-04-09,3544.01,3563.3359,3512.365,3512.9141,258200.27,2412954.5,-1.1568,-0.07757525
905,2012-04-10,3496.125,3554.218,3432.3589,3554.0381,288262.22,2687028.5,1.1707,-0.09309104
905,2012-04-11,3513.498,3582.95,3497.9431,3566.4761,327214.5,2885909.3,0.34999999,-0.09343876
905,2012-04-12,3568.8149,3640.407,3561.05,3640.407,417973.34,3666980.0,2.0729001,-0.109775886
905,2012-04-13,3653.604,3695.1331,3643.4719,3675.0281,482222.56,4309084.0,0.95099998,-0.103453115
905,2012-04-16,3644.666,3702.415,3632.8459,3685.481,442258.16,3696459.8,0.28439999,-0.10854374
905,2012-04-17,3679.9199,3702.842,3629.8181,3631.5559,428543.31,3690370.8,-1.4632,-0.09171493
905,2012-04-18,3637.5491,3717.54,3632.6741,3714.02,442544.5,4007827.0,2.2708001,-0.122496136
905,2012-04-19,3712.5291,3728.865,3684.855,3704.7051,403620.22,3717964.0,-0.25080001,-0.12059913
905,2012-04-20,3696.658,3743.4851,3684.2271,3736.365,458303.59,4081694.8,0.85460001,-0.13654792
905,2012-04-23,3731.5491,3739.1499,3673.311,3691.574,531674.13,4870648.0,-1.1988,-0.14310403
905,2012-04-24,3658.615,3709.3679,3557.7839,3666.395,557318.13,4797146.5,-0.6821,-0.13840623
905,2012-04-25,3654.749,3728.551,3645.0659,3718.9109,629104.56,5123397.5,1.4324,-0.15010414
905,2012-04-26,3720.7419,3729.907,3683.4341,3700.0281,534588.19,4554380.5,-0.50779998,-0.1437641
905,2012-04-27,3690.1589,3699.0979,3659.1111,3664.6379,388470.16,3365058.3,-0.95649999,-0.119097166
905,2012-05-02,3707.8159,3735.896,3674.957,3718.259,476564.03,4366479.5,1.4632,-0.1260555
905,2012-05-03,3707.5049,3735.325,3701.1951,3733.8159,416131.19,3933040.5,0.41839999,-0.13349983
905,2012-05-04,3730.7229,3761.9741,3713.988,3758.0039,406714.5,3835351.3,0.64780003,-0.14495565
905,2012-05-07,3741.6631,3784.5701,3733.8379,3784.5559,423127.56,4185741.5,0.70649999,-0.15204288
905,2012-05-08,3783.083,3798.054,3752.3879,3783.4719,407965.63,4067949.3,-0.0286,-0.17283168
905,2012-05-09,3759.3899,3759.3899,3716.134,3717.47,393311.06,3860194.5,-1.7445,-0.16153245
905,2012-05-10,3713.4021,3744.5181,3713.3081,3731.1311,323911.81,3298798.3,0.36750001,-0.15942162
905,2012-05-11,3727.5869,3753.8149,3715.061,3715.385,323601.59,3314792.3,-0.42199999,-0.17313519
905,2012-05-14,3745.8291,3760.884,3706.158,3710.0969,379736.75,3755432.8,-0.14229999,-0.16949503
905,2012-05-15,3679.3411,3705.897,3652.874,3705.8831,331103.81,3303011.0,-0.1136,-0.18323274
905,2012-05-16,3696.613,3707.8101,3660.031,3660.312,325943.25,3249977.8,-1.2297,-0.1778971
905,2012-05-17,3656.825,3716.707,3643.7881,3714.186,366748.69,3394367.8,1.4718,-0.18793541
905,2012-05-18,3691.6431,3710.4121,3645.9089,3655.8579,377515.69,3355130.0,-1.5704,-0.17825496
905,2012-05-21,3650.9231,3676.97,3616.9089,3653.5459,314962.0,2939075.3,-0.063199997,-0.16922297
905,2012-05-22,3666.136,3711.0549,3666.136,3711.0549,345311.91,3382417.0,1.5741,-0.1929268
905,2012-05-23,3702.814,3723.189,3670.0291,3708.9189,400137.25,4125920.8,-0.057599999,-0.1896671
905,2012-05-24,3697.916,3720.438,3668.2749,3678.093,374828.94,3685759.8,-0.83109999,-0.19242853
905,2012-05-25,3675.51,3683.6299,3622.0969,3635.5161,356944.38,3261880.8,-1.1576,-0.21216993
905,2012-05-28,3622.1289,3687.5161,3568.031,3687.4551,419654.84,3703455.3,1.4287,-0.24052307
905,2012-05-29,3686.575,3748.4419,3683.519,3745.678,476105.94,4732215.0,1.5789,-0.25936612
905,2012-05-30,3739.0391,3764.6379,3734.2461,3752.219,396197.19,3820141.0,0.17460001,-0.24934445
905,2012-05-31,3732.467,3775.373,3722.0391,3753.593,367843.78,3661847.3,0.036600001,-0.26759934
905,2012-06-01,3752.019,3769.5161,3725.282,3744.437,349514.0,3409158.5,-0.2439,-0.25665405
905,2012-06-04,3684.0371,3707.314,3621.8081,3621.8081,371400.63,3561334.5,-3.2750001,-0.20310907
905,2012-06-05,3625.1421,3646.5071,3603.374,3617.614,277921.84,2715939.8,-0.1158,-0.2026933
905,2012-06-06,3621.636,3638.564,3585.5271,3600.1631,254054.98,2436724.0,-0.4824,-0.18053904
905,2012-06-07,3635.572,3647.282,3572.4939,3581.137,256295.38,2405975.5,-0.52850002,-0.16165425
905,2012-06-08,3615.1121,3618.7749,3557.04,3564.158,261825.39,2463233.0,-0.47409999,-0.16332915
905,2012-06-11,3565.335,3630.958,3554.188,3630.314,267831.44,2639540.0,1.8561,-0.17833968
905,2012-06-12,3611.9199,3628.239,3594.614,3608.3911,253188.75,2344226.3,-0.60390002,-0.18432459
905,2012-06-13,3615.7119,3674.875,3610.636,3674.875,317099.91,2946885.5,1.8425,-0.16562305
905,2012-06-14,3669.0359,3693.9041,3650.031,3652.7051,305699.88,3095332.3,-0.60329998,-0.15353829
905,2012-06-15,3657.7881,3674.449,3604.0901,3648.9939,278210.19,2769067.3,-0.1016,-0.15412739
905,2012-06-18,3663.1379,3691.926,3662.2241,3684.7271,262030.09,2626967.5,0.97930002,-0.15893582
905,2012-06-19,3681.6841,3685.9299,3652.9719,3657.958,301359.69,2930958.3,-0.72649997,-0.1501105
905,2012-06-20,3663.9861,3671.408,3630.176,3636.0901,257780.44,2366526.8,-0.59780002,-0.1471405
905,2012-06-21,3628.2161,3628.2161,3569.4861,3590.8369,246728.48,2363918.8,-1.2446001,-0.13176285
905,2012-06-25,3576.366,3576.366,3491.8569,3493.116,244815.3,2253221.5,-2.7214,-0.08703636
905,2012-06-26,3474.1641,3500.76,3433.5649,3489.9719,246323.81,2148335.3,-0.090000004,-0.07487077
905,2012-06-27,3486.5149,3518.752,3474.769,3476.4031,232332.73,2163940.0,-0.3888,-0.07965765
905,2012-06-28,3484.2271,3495.8459,3427.657,3427.8191,246476.09,2260243.8,-1.3975,-0.05619433
905,2012-06-29,3413.3291,3471.7041,3392.751,3470.9651,252543.19,2330639.0,1.2587,-0.056210592
905,2012-07-02,3491.7529,3528.1221,3484.144,3509.5029,261873.41,2747845.5,1.1102999,-0.07159188
905,2012-07-03,3507.6299,3542.511,3498.073,3515.7781,281021.56,2846737.0,0.1788,-0.06468247
905,2012-07-04,3519.5081,3525.1599,3484.8411,3497.748,232347.8,2443810.5,-0.51279998,-0.048805118
905,2012-07-05,3486.8091,3486.8091,3407.5979,3418.2019,249765.16,2414780.5,-2.2742,-0.024344612
905,2012-07-06,3436.3059,3487.6721,3397.8711,3486.5459,296582.13,2920564.8,1.9994,-0.037342343
905,2012-07-09,3464.0181,3478.1179,3398.5171,3398.8049,292674.97,3022896.8,-2.5165999,-0.03755023
905,2012-07-10,3386.6289,3400.637,3351.5559,3365.665,232230.52,2321294.5,-0.97500002,0.005669043
905,2012-07-11,3358.562,3404.594,3352.5281,3404.104,212544.67,2284772.5,1.1421,0.0136828665
905,2012-07-12,3398.6201,3462.2151,3381.8301,3450.302,317110.97,3353418.3,1.3571,7.4805044e-05
905,2012-07-13,3435.1731,3463.217,3422.335,3435.084,243120.7,2575977.3,-0.4411,-0.007878119
905,2012-07-16,3434.5081,3434.5959,3308.644,3311.0891,291462.03,3033860.0,-3.6097,0.04637625
905,2012-07-17,3297.1521,3335.532,3282.2251,3334.2859,231223.59,2332761.0,0.70060003,0.04703742
905,2012-07-18,3328.123,3352.9661,3276.3169,3352.8479,277068.06,2547842.0,0.55669999,0.024631657
905,2012-07-19,3343.238,3414.2271,3335.332,3392.656,331963.97,2939347.3,1.1873,0.014469224
905,2012-07-20,3382.823,3407.406,3362.377,3369.9131,274711.53,2468154.8,-0.67040002,-5.3769934e-05
905,2012-07-23,3347.8701,3357.2429,3310.8,3337.856,231731.11,2069213.0,-0.95130002,0.007850848
905,2012-07-24,3317.219,3381.3491,3310.948,3361.0901,219417.05,2030240.1,0.6961,0.026391378
905,2012-07-25,3350.9031,3365.2051,3324.5371,3332.085,228035.52,1988397.0,-0.86299998,0.045147106
905,2012-07-26,3329.011,3357.7871,3301.665,3302.3359,233681.52,2060889.6,-0.89279997,0.06003084
905,2012-07-27,3312.3799,3323.0,3269.2251,3283.592,205667.95,1906304.5,-0.56760001,0.059704706
905,2012-07-30,3280.104,3294.6479,3205.762,3217.4519,212706.91,1753514.1,-2.0143001,0.09021334
905,2012-07-31,3211.103,3214.1709,3152.417,3159.1919,203784.13,1696118.0,-1.8107001,0.10292828
905,2012-08-01,3152.73,3232.9719,3152.314,3216.1841,198908.94,1775753.3,1.804,0.09466557
905,2012-08-02,3212.0481,3231.8301,3178.9971,3195.863,205293.09,1777509.4,-0.6318,0.10905411
905,2012-08-03,3203.114,3259.856,3193.6831,3259.856,218568.91,1887476.1,2.0023999,0.091357104
905,2012-08-06,3250.7849,3338.623,3244.981,3337.2671,300512.88,2576744.8,2.3747001,0.08130065
905,2012-08-07,3336.22,3368.5259,3331.5029,3368.252,340123.19,2796042.5,0.9285,0.07705002
905,2012-08-08,3363.7571,3374.0791,3335.9661,3356.4851,303006.94,2531183.3,-0.34940001,0.0610376
905,2012-08-09,3351.448,3405.252,3335.1331,3405.0581,336317.81,2890601.8,1.4471,0.06763964
905,2012-08-10,3400.9331,3405.0491,3378.5359,3395.8491,311247.81,2589723.0,-0.2705,0.04843201
905,2012-08-13,3386.033,3386.033,3317.0439,3318.1001,277371.44,2439685.0,-2.2895,0.06939447
905,2012-08-14,3312.8101,3349.822,3263.4951,3349.585,270851.97,2398906.5,0.94889998,0.071054146
905,2012-08-15,3340.876,3344.104,3308.489,3310.8391,211601.38,1826108.8,-1.1567,0.06716273
905,2012-08-16,3301.74,3316.96,3278.542,3286.8279,176598.91,1605725.6,-0.7252,0.07577765
905,2012-08-17,3283.2581,3293.25,3252.7949,3286.7781,166918.81,1542921.9,-0.0015,0.09779209
905,2012-08-20,3270.9861,3296.363,3247.5759,3289.439,168601.88,1461175.6,0.081,0.109132014
905,2012-08-21,3287.7339,3347.281,3284.0581,3335.7529,227975.92,2040541.9,1.408,0.054849416
905,2012-08-22,3338.0801,3338.7361,3292.429,3306.1111,219173.03,1962432.9,-0.88859999,0.08826412
905,2012-08-23,3303.697,3329.978,3289.553,3327.99,220429.45,1965523.0,0.66180003,0.09794023
905,2012-08-24,3318.853,3321.916,3265.5979,3265.749,236372.02,2004193.3,-1.8702,0.105302304
905,2012-08-27,3250.6931,3250.6931,3184.105,3184.3311,219903.61,1878111.4,-2.4930999,0.12123387
905,2012-08-28,3179.7749,3221.8831,3173.7539,3200.9929,204863.34,1693990.8,0.52319998,0.11562415
905,2012-08-29,3197.343,3221.231,3179.54,3179.54,208950.31,1703613.3,-0.67019999,0.0948675
905,2012-08-30,3174.3049,3188.7629,3083.3689,3129.4951,260698.92,2163327.8,-1.574,0.10220658
905,2012-08-31,3122.5281,3148.5061,3115.6221,3139.5,177671.83,1441485.1,0.3197,0.10363243
905,2012-09-03,3135.23,3203.8459,3131.1599,3200.3059,225834.08,1895312.4,1.9368,0.08465072
905,2012-09-04,3202.488,3209.8789,3160.698,3164.8259,211031.23,1745087.3,-1.1086,0.08287793
905,2012-09-05,3158.0129,3193.7649,3150.7891,3181.8,209516.81,1678101.0,0.5363,0.080543086
905,2012-09-06,3187.1101,3218.282,3187.1101,3217.936,217767.95,1747499.1,1.1357,0.09628408
905,2012-09-07,3240.6521,3365.658,3240.6521,3334.6599,503496.88,4103432.0,3.6273,0.06908054
905,2012-09-10,3343.8059,3376.7739,3330.9351,3363.605,427176.19,3561370.8,0.86799997,0.06431043
905,2012-09-11,3352.624,3352.624,3324.4939,3350.0879,334537.38,2868371.5,-0.40189999,0.065202765
905,2012-09-12,3360.26,3376.3259,3339.7119,3376.1221,337962.13,2953414.0,0.77710003,0.04966938
905,2012-09-13,3374.7849,3385.7209,3329.2991,3329.2991,339382.41,3000857.3,-1.3868999,0.06696845
905,2012-09-14,3356.238,3369.7671,3308.0071,3338.0381,349154.56,3045788.3,0.26249999,0.03323479
905,2012-09-17,3334.707,3334.991,3237.7041,3237.7041,294016.38,2500190.3,-3.0058,0.0647313
905,2012-09-18,3222.978,3247.6689,3210.094,3224.259,206399.31,1823471.6,-0.41530001,0.07651401
905,2012-09-19,3227.3589,3257.0161,3224.075,3255.866,196317.72,1750578.6,0.98030001,0.05302245
905,2012-09-20,3253.531,3253.531,3160.676,3161.7629,267941.5,2268364.0,-2.8903,0.07447396
905,2012-09-21,3153.605,3181.2681,3137.3931,3143.71,237523.66,2058954.5,-0.57099998,0.08506507
905,2012-09-24,3129.5359,3177.3301,3107.3669,3167.1609,221235.59,1907662.8,0.74599999,0.0875264
905,2012-09-25,3159.127,3179.374,3137.8379,3144.408,197358.75,1711606.1,-0.7184,0.09313648
905,2012-09-26,3138.7991,3149.0259,3067.3811,3071.989,208604.36,1705732.1,-2.3031001,0.11433244
905,2012-09-27,3065.584,3159.071,3062.696,3141.082,269456.22,2231313.3,2.2491,0.08068401
905,2012-09-28,3129.7671,3200.0791,3121.5779,3199.752,266924.03,2366835.0,1.8678,0.04597203
905,2012-10-08,3198.8789,3214.147,3167.677,3183.365,194853.27,1682648.5,-0.51209998,0.06273742
905,2012-10-09,3185.21,3265.636,3185.21,3265.6169,298781.97,2567093.3,2.5838001,0.044952948
905,2012-10-10,3257.448,3296.9231,3248.8269,3296.9231,332917.88,2665532.5,0.9587,0.038244415
905,2012-10-11,3288.052,3296.7229,3247.5959,3248.0449,291918.19,2435736.5,-1.4825,0.0761064
905,2012-10-12,3256.97,3282.9099,3210.6021,3240.3989,282138.28,2201618.8,-0.23540001,0.08370115
905,2012-10-15,3237.2891,3238.4221,3193.991,3223.189,235398.77,1946131.6,-0.53109998,0.05995925
905,2012-10-16,3219.4189,3256.4819,3211.304,3233.229,224897.2,2000000.0,0.31150001,0.07773625
905,2012-10-17,3237.636,3249.3921,3205.533,3240.7781,224994.3,1901954.1,0.2335,0.058820073
905,2012-10-18,3241.2681,3301.135,3241.1431,3294.835,346011.22,2677215.0,1.668,0.022134978
905,2012-10-19,3292.9529,3305.532,3279.248,3285.4451,279759.09,2176265.0,-0.285,0.029814165
905,2012-10-22,3269.0381,3301.365,3260.165,3298.488,245273.44,1963517.8,0.39700001,0.045521434
905,2012-10-23,3298.446,3303.2361,3255.4929,3259.0669,289523.47,2295242.5,-1.1950999,0.07836295
905,2012-10-24,3242.875,3273.3779,3237.741,3257.9209,296396.69,2088480.5,-0.0352,0.080897056
905,2012-10-25,3257.7251,3282.0869,3222.4829,3226.1721,333619.63,2359233.3,-0.9745,0.10156798
905,2012-10-26,3221.0681,3225.397,3142.2781,3163.2949,297174.78,2219475.0,-1.949,0.1240713
905,2012-10-29,3158.1111,3172.542,3141.355,3158.9431,207276.59,1562312.0,-0.1376,0.13244423
905,2012-10-30,3156.74,3189.5291,3154.165,3160.687,226087.38,1694006.3,0.055199999,0.13606887
905,2012-10-31,3159.217,3168.281,3141.1389,3168.0969,209776.77,1634103.6,0.2344,0.12032653
905,2012-11-01,3169.7949,3235.011,3169.7949,3228.1899,331363.97,2439386.8,1.8968,0.11427955
905,2012-11-02,3229.9551,3251.7739,3217.0779,3249.552,331390.25,2424793.5,0.66170001,0.11884804
905,2012-11-05,3244.303,3258.988,3226.5029,3235.3521,291174.16,2269483.0,-0.43700001,0.1409574
905,2012-11-06,3233.4231,3234.9819,3170.624,3213.26,297074.13,2267425.0,-0.68279999,0.16322613
905,2012-11-07,3210.845,3223.5901,3192.658,3209.1411,244743.36,1972967.8,-0.12819999,0.18008494
905,2012-11-08,3183.0791,3189.4651,3129.3879,3129.5681,276088.78,2122372.0,-2.4796,0.20012535
905,2012-11-09,3123.0859,3139.676,3103.845,3116.978,202901.98,1627600.9,-0.4023,0.19482043
905,2012-11-12,3118.1079,3139.3779,3108.5471,3136.3081,214075.0,1717455.4,0.62019998,0.20589906
905,2012-11-13,3136.9541,3136.9541,3066.634,3072.1211,229467.55,1773547.8,-2.0466001,0.24357955
905,2012-11-14,3069.3821,3084.3821,3048.24,3081.2539,196577.88,1523418.8,0.29730001,0.24228062
905,2012-11-15,3066.894,3080.688,3025.2971,3026.844,202620.92,1544039.6,-1.7658,0.2740396
905,2012-11-16,3021.2949,3021.7881,2987.6951,3009.1531,189238.73,1464192.9,-0.58450001,0.28445908
905,2012-11-19,3007.6809,3016.478,2974.1389,3016.1589,167237.83,1321246.0,0.23280001,0.2735463
905,2012-11-20,3023.0759,3031.2859,3003.1279,3004.1831,163325.5,1233975.0,-0.3971,0.26973286
905,2012-11-21,3000.937,3035.282,2963.865,3035.282,206699.16,1514444.3,1.0352,0.23208456
905,2012-11-22,3021.3049,3021.3049,2989.3779,2995.093,171252.88,1267868.1,-1.3241,0.25376672
905,2012-11-23,2993.168,3019.7939,2990.064,3005.459,171078.09,1288634.8,0.3461,0.22734535
905,2012-11-26,3004.1709,3006.7871,2966.875,2970.323,147758.91,1150002.0,-1.1691,0.21744673
905,2012-11-27,2960.614,2960.614,2862.4709,2864.1689,207390.78,1469322.0,-3.5738001,0.22724955
905,2012-11-28,2854.0769,2854.0769,2791.2939,2800.5371,183011.48,1369396.0,-2.2217,0.28010374
905,2012-11-29,2799.959,2822.332,2768.353,2774.176,175447.88,1329112.4,-0.94129997,0.29529312
905,2012-11-30,2773.2329,2818.042,2765.793,2816.624,189803.56,1334070.4,1.5301,0.2801702
905,2012-12-03,2816.303,2829.835,2746.491,2749.134,211150.16,1508919.8,-2.3961,0.30342796
905,2012-12-04,2739.499,2786.1299,2704.373,2783.4121,227403.95,1658853.3,1.2469,0.24487635
905,2012-12-05,2775.4109,2904.6531,2767.051,2886.186,379879.34,2729762.0,3.6924,0.19413055
905,2012-12-06,2884.8069,2902.072,2866.885,2884.3479,283870.31,2068690.5,-0.063699998,0.12086406
905,2012-12-07,2883.1641,2954.689,2875.8401,2950.1931,391936.31,2773075.5,2.2828,0.09116044
905,2012-12-10,2950.998,3004.542,2942.4919,3002.231,404505.31,2973212.5,1.7639,0.09445879
905,2012-12-11,2993.3789,3014.0659,2978.739,2982.0271,351194.69,2593855.8,-0.67299998,0.08423626
905,2012-12-12,2978.718,2997.9231,2952.386,2982.885,273880.06,2040366.4,0.0288,0.0848484
905,2012-12-13,2976.5759,2989.1509,2941.552,2943.2759,267770.78,1910318.5,-1.3279001,0.12275954
905,2012-12-14,2939.3101,3069.061,2939.1479,3066.231,525403.38,3811189.0,4.1774998,0.095499
905,2012-12-17,3073.9231,3098.605,3063.4861,3091.875,526063.94,4035774.8,0.83630002,0.08807248
905,2012-12-18,3087.3181,3124.564,3067.8621,3086.584,469930.56,3597722.5,-0.17110001,0.09845965
905,2012-12-19,3082.3789,3109.937,3074.949,3099.092,368761.84,2857341.0,0.4052,0.087908685
905,2012-12-20,3092.925,3111.1951,3063.324,3108.8601,369113.66,2858313.5,0.3152,0.042336095
905,2012-12-21,3110.8169,3144.261,3089.0859,3101.074,391412.59,3232627.3,-0.25040001,0.051219966
905,2012-12-24,3093.9729,3120.73,3090.415,3117.698,290838.84,2476470.5,0.53609997,0.07816569
905,2012-12-25,3110.969,3197.717,3102.6089,3189.0879,528628.5,4103177.8,2.2897999,0.08365906
905,2012-12-26,3187.199,3228.802,3183.9529,3228.675,468000.03,3719863.3,1.2413,0.06084849
905,2012-12-27,3232.7891,3244.9441,3198.9099,3199.481,472237.25,3834671.5,-0.90420002,0.09187737
905,2012-12-28,3195.2041,3235.5869,3187.094,3235.1951,413162.31,3339366.0,1.1162,0.093075655
905,2012-12-31,3242.9609,3275.8601,3236.6331,3275.8601,474158.47,3836638.5,1.257,0.063865334
905,2013-01-04,3297.043,3304.759,3226.949,3258.251,461708.53,3834898.0,-0.53750002,0.06842625
905,2013-01-07,3253.6741,3288.6531,3245.4629,3288.3689,427311.22,3630373.3,0.92439997,0.032215666
905,2013-01-08,3288.125,3331.667,3270.7649,3327.04,519638.28,4451941.5,1.176,0.040348478
905,2013-01-09,3321.7649,3359.075,3303.7991,3334.9871,509273.97,4356805.5,0.23890001,0.062962465
905,2013-01-10,3335.0879,3368.0049,3329.927,3356.3501,479019.59,3940845.8,0.64060003,0.062547676
905,2013-01-11,3357.47,3360.4131,3262.8311,3271.179,513005.34,4262927.5,-2.5376,0.06941317
905,2013-01-14,3264.1521,3387.5,3262.575,3384.7451,567532.31,4929249.0,3.4717,0.032325566
905,2013-01-15,3390.3291,3463.2629,3389.783,3450.6819,693689.69,6117758.0,1.9481,-0.00698091
905,2013-01-16,3448.2781,3462.5869,3393.7141,3450.5601,629084.81,5578655.5,-0.0035000001,-0.011401366
905,2013-01-17,3444.468,3452.374,3399.6631,3408.022,474155.41,4161211.3,-1.2328,0.0066668876
905,2013-01-18,3416.449,3466.5339,3406.604,3464.645,511186.13,4433989.0,1.6615,0.016309636
905,2013-01-21,3475.198,3492.217,3458.873,3491.1221,537895.31,4581988.0,0.76419997,0.012169955
905,2013-01-22,3487.571,3487.571,3409.843,3435.4341,534741.25,4724716.0,-1.5951,0.045730464
905,2013-01-23,3422.7681,3451.259,3393.0471,3441.7451,433573.72,3805125.3,0.1837,0.05502409
905,2013-01-24,3442.6179,3473.978,3344.981,3369.7319,571749.69,4952034.0,-2.0922999,0.06724161
905,2013-01-25,3363.429,3382.7671,3346.2361,3364.061,370991.88,3339850.8,-0.1683,0.07187417
905,2013-01-28,3362.4741,3449.95,3362.2161,3449.7939,454221.22,4168478.5,2.5485001,0.04897394
905,2013-01-29,3451.6631,3489.8579,3447.821,3482.519,492803.75,4518702.0,0.94859999,0.055613797
905,2013-01-30,3482.5669,3502.719,3462.3679,3500.5779,542189.31,4699070.5,0.51859999,0.05569769
905,2013-01-31,3497.28,3499.1479,3463.2019,3479.6379,485912.53,4309244.0,-0.59820002,0.05789226
905,2013-02-01,3471.269,3507.833,3462.676,3507.709,479254.88,4218512.0,0.80669999,0.035240095
905,2013-02-04,3517.4609,3524.041,3467.0181,3484.3621,559374.44,5038799.0,-0.6656,0.020085685
905,2013-02-05,3466.5911,3520.9851,3457.429,3520.646,477111.34,4130130.0,1.0413001,0.025103943
905,2013-02-06,3521.6599,3555.9399,3521.6421,3544.385,423087.06,3801062.8,0.67430001,0.0155886
905,2013-02-07,3539.4751,3565.3811,3526.032,3557.667,387048.34,3659918.0,0.37470001,0.019629156
905,2013-02-08,3554.1489,3618.8401,3553.7959,3608.5891,379283.03,3645588.0,1.4313,0.0077259834
905,2013-02-18,3625.0339,3639.364,3604.0129,3627.7759,450992.78,4144824.3,0.53170002,5.3503856e-05
905,2013-02-19,3624.9399,3630.6531,3546.7229,3561.3569,484209.91,4269860.5,-1.8308001,0.039938737
905,2013-02-20,3555.594,3635.375,3553.489,3635.375,442523.09,4121671.0,2.0783999,0.02660603
905,2013-02-21,3612.72,3612.72,3531.1299,3560.3169,544116.25,5056519.5,-2.0646999,0.040334333
905,2013-02-22,3552.6689,3587.7129,3543.022,3548.3579,415854.38,3975623.0,-0.33590001,0.043041065
905,2013-02-25,3551.5969,3595.6001,3551.3701,3587.5869,376771.03,3566183.3,1.1056,0.021340529
905,2013-02-26,3573.9541,3600.46,3532.271,3533.2041,433867.59,4150413.3,-1.5159,0.04436622
905,2013-02-27,3538.937,3568.6851,3506.762,3535.896,382349.75,3661545.3,0.076200001,0.05910103
905,2013-02-28,3544.064,3608.199,3531.895,3608.199,460620.88,4270345.0,2.0448,0.040751632
905,2013-03-01,3608.6179,3648.688,3603.978,3648.4221,501732.81,4791379.0,1.1148,0.031286675
905,2013-03-04,3614.5581,3614.5581,3496.0491,3518.717,645880.88,5862453.5,-3.5551,0.077901974
905,2013-03-05,3516.5259,3598.0129,3507.03,3597.9221,503802.16,4767903.0,2.2509999,0.065038905
905,2013-03-06,3605.363,3654.1079,3605.363,3653.9341,582463.81,5548283.5,1.5568,0.059385035
905,2013-03-07,3648.28,3651.741,3575.9761,3609.6399,549414.56,5349672.5,-1.2122,0.062227316
905,2013-03-08,3608.896,3626.9199,3564.2251,3570.3799,396492.38,3838107.0,-1.0876,0.076935284
905,2013-03-11,3568.6221,3588.7051,3543.7649,3571.105,327336.66,3101043.5,0.020300001,0.0780473
905,2013-03-12,3570.469,3589.72,3438.1909,3481.175,440692.84,4071983.5,-2.5183001,0.107156925
905,2013-03-13,3473.2649,3477.0979,3413.179,3449.3501,314155.13,2882763.5,-0.91420001,0.09768272
905,2013-03-14,3443.7759,3482.3689,3440.0229,3464.854,277566.31,2591522.0,0.44949999,0.10311228
905,2013-03-15,3466.8921,3525.532,3431.573,3471.2141,380030.56,3602972.3,0.18359999,0.123418175
905,2013-03-18,3461.873,3477.929,3423.52,3427.1201,361573.66,3416231.3,-1.2703,0.13900825
905,2013-03-19,3421.7371,3442.0559,3378.9121,3438.072,346320.34,3125090.5,0.31959999,0.13122149
905,2013-03-20,3436.845,3527.8301,3432.582,3527.772,453086.19,3976786.5,2.609,0.07949609
905,2013-03-21,3527.762,3575.8369,3522.1431,3565.02,485044.41,4525050.5,1.0559,0.072296396
905,2013-03-22,3561.1221,3586.092,3549.074,3579.9199,428113.69,3873728.3,0.4179,0.08183792
905,2013-03-25,3581.311,3590.8149,3550.1851,3568.5229,397848.25,3732361.3,-0.3184,0.10355691
905,2013-03-26,3556.3,3557.791,3504.5659,3543.812,381355.5,3574332.5,-0.6925,0.123382986
905,2013-03-27,3541.376,3579.3911,3528.3091,3552.2571,368940.03,3543008.3,0.2383,0.114679985
905,2013-03-28,3526.5391,3526.5391,3448.665,3448.9771,412527.41,3704915.8,-2.9073999,0.1675682
905,2013-03-29,3449.2771,3470.481,3434.5691,3447.2849,315555.19,2862955.0,-0.0491,0.18015198
905,2013-04-01,3449.54,3489.1431,3448.2891,3470.96,329538.22,3016740.0,0.6868,0.17376259
905,2013-04-02,3471.6909,3504.2781,3419.738,3428.5,378636.75,3518273.8,-1.2233,0.15596089
905,2013-04-03,3429.887,3438.5859,3382.2251,3397.2319,367210.19,3256082.5,-0.912,0.16476156
905,2013-04-08,3354.4441,3411.375,3315.332,3411.1299,362208.28,3225284.0,0.4091,0.16402519
905,2013-04-09,3411.4041,3449.9241,3411.4041,3444.3711,341833.97,3087849.3,0.9745,0.18135731
905,2013-04-10,3444.459,3455.6931,3410.0291,3437.2671,355517.09,3310360.5,-0.2062,0.1714295
905,2013-04-11,3442.9319,3453.531,3420.7581,3423.217,319255.69,2864237.0,-0.40880001,0.14635414
905,2013-04-12,3418.2959,3434.666,3391.0129,3394.5171,292949.88,2619890.5,-0.83840001,0.14836834
905,2013-04-15,3382.0,3382.0,3336.415,3346.8511,293081.06,2558017.8,-1.4042,0.14190294
905,2013-04-16,3313.5081,3383.314,3302.2439,3383.0811,298938.88,2581222.8,1.0825,0.12580892
905,2013-04-17,3381.606,3412.521,3373.0249,3412.416,287934.59,2672703.0,0.8671,0.08540697
905,2013-04-18,3396.0139,3434.0449,3383.9651,3423.012,323467.28,2986535.5,0.3105,0.09974867
905,2013-04-19,3423.4431,3498.572,3422.9709,3495.2419,433378.91,3985924.5,2.1101,0.062538505
905,2013-04-22,3478.0439,3511.7151,3475.863,3511.624,438096.94,4127381.0,0.46869999,0.054339845
905,2013-04-23,3509.196,3509.7429,3412.2119,3416.449,436164.5,3977006.3,-2.7103,0.09124649
905,2013-04-24,3417.4009,3489.5239,3411.8149,3484.5681,424492.13,4052412.3,1.9938999,0.08403796
905,2013-04-25,3473.0149,3494.5349,3431.1489,3431.4009,488364.44,4695303.0,-1.5258,0.08909047
905,2013-04-26,3427.146,3438.3181,3360.7451,3367.7661,374029.13,3480165.8,-1.8545001,0.09420901
905,2013-05-02,3354.4719,3386.2791,3345.4409,3383.3979,294385.34,2807710.5,0.46419999,0.07286817
905,2013-05-03,3391.218,3459.981,3391.218,3448.6399,372443.38,3565963.3,1.9283,0.05718202
905,2013-05-06,3456.283,3516.8721,3456.283,3514.457,442493.13,4247658.5,1.9085,0.047255922
905,2013-05-07,3511.2141,3531.5481,3495.801,3521.4771,412013.97,4009991.3,0.1997,0.025637792
905,2013-05-08,3524.7871,3554.1489,3517.9419,3553.8479,423072.94,4130743.3,0.9192,0.029821817
905,2013-05-09,3551.8989,3557.019,3517.594,3555.769,493017.25,4915102.5,0.054099999,0.050814014
905,2013-05-10,3550.0259,3577.3269,3536.1721,3577.3269,446667.09,4481788.0,0.6063,0.07003979
905,2013-05-13,3577.2949,3591.0911,3565.4871,3590.7581,394657.81,3893204.3,0.37540001,0.06951371
905,2013-05-14,3586.324,3586.324,3524.5769,3549.303,380836.59,3683508.3,-1.1545,0.09277342
905,2013-05-15,3549.7451,3597.2361,3548.5481,3597.106,364874.19,3703774.3,1.3468,0.07458882
905,2013-05-16,3594.3,3647.4851,3578.094,3635.7549,523935.66,5060254.0,1.0743999,0.05693486
905,2013-05-17,3632.6121,3695.2439,3631.259,3691.3989,593985.06,5499764.0,1.5305001,0.040148247
905,2013-05-20,3700.0901,3740.583,3686.7571,3737.748,667988.25,6673855.0,1.2556,0.02887514
905,2013-05-21,3733.6731,3787.103,3727.667,3787.0591,676901.19,6634795.5,1.3193001,0.02711756
905,2013-05-22,3782.969,3795.168,3740.2241,3755.874,653132.75,6303751.5,-0.82349998,0.044408306
905,2013-05-23,3740.439,3783.9719,3716.291,3724.229,578130.94,5447310.0,-0.84249997,0.059651032
905,2013-05-24,3723.6211,3782.1699,3723.6211,3782.071,502389.38,4892706.5,1.5531,-0.0029629269
905,2013-05-27,3784.468,3820.5869,3782.2661,3820.427,555293.56,5550875.5,1.0142,0.010346513
905,2013-05-28,3820.2429,3829.9719,3770.6499,3827.782,600715.69,5886107.0,0.1925,0.027487459
905,2013-05-29,3830.2241,3858.9241,3828.2859,3856.3191,583190.94,5709610.5,0.74550003,0.018775677
905,2013-05-30,3843.1621,3872.26,3835.2219,3865.134,544548.06,5548391.0,0.2286,0.0138802435
905,2013-05-31,3867.5901,3884.675,3840.699,3841.218,550679.38,5620761.0,-0.61879998,0.027721962
905,2013-06-03,3836.7671,3855.7881,3803.363,3814.51,483877.53,4939159.0,-0.69529998,0.03564707
905,2013-06-04,3809.5549,3811.6531,3707.561,3739.7241,492497.06,4861052.0,-1.9606,0.04467065
905,2013-06-05,3733.948,3759.519,3718.123,3755.1479,366161.72,3701010.8,0.41240001,0.043091245
905,2013-06-06,3742.5039,3742.5039,3686.2529,3688.7361,388137.63,3801394.3,-1.7686,0.064167775
905,2013-06-07,3690.957,3701.2209,3593.968,3616.21,407086.53,3955866.5,-1.9661,0.06678404
905,2013-06-13,3573.896,3573.896,3446.25,3515.05,372416.81,3426450.0,-2.7974,0.090746105
905,2013-06-14,3519.3679,3591.248,3519.3259,3584.978,346438.41,3526595.5,1.9894,0.06947515
905,2013-06-17,3593.51,3620.9541,3565.2771,3593.3711,356459.69,3732897.5,0.2341,0.05611772
905,2013-06-18,3594.9041,3613.0259,3557.4561,3605.7581,313329.09,3136948.8,0.34470001,0.039171763
905,2013-06-19,3588.7661,3588.7661,3525.448,3583.2981,328954.16,3210753.8,-0.62290001,0.044495292
905,2013-06-20,3562.1279,3566.3611,3463.1331,3465.0039,330240.25,3256365.0,-3.3013,0.08764752
905,2013-06-21,3401.4709,3464.592,3347.7571,3446.4829,322898.41,3075654.0,-0.5345,0.10502591
905,2013-06-24,3439.866,3439.866,3200.6699,3232.9619,405365.41,3650660.5,-6.1953001,0.15780273
905,2013-06-25,3202.6589,3243.4009,2981.6909,3219.134,515543.91,4425033.0,-0.42770001,0.18068211
905,2013-06-26,3222.6799,3285.8181,3200.158,3285.8181,399005.88,3822484.8,2.0715001,0.16044247
905,2013-06-27,3293.0779,3339.8601,3231.146,3233.2219,449686.91,4251743.0,-1.6007,0.18429728
905,2013-06-28,3212.2539,3292.9099,3176.2419,3235.978,386405.97,3497963.5,0.085199997,0.18909304
905,2013-07-01,3226.624,3304.5911,3210.6621,3304.5911,353266.28,3360871.0,2.1203001,0.15485269
905,2013-07-02,3304.9871,3359.123,3295.3269,3359.053,403850.75,3956344.8,1.6481,0.10474527
905,2013-07-03,3346.1069,3372.6311,3288.019,3364.1841,443106.56,4255635.0,0.15279999,0.10982693
905,2013-07-04,3342.011,3427.3779,3325.2681,3390.488,469389.56,4434711.5,0.78189999,0.10255665
905,2013-07-05,3392.584,3427.9839,3371.3149,3371.5291,439528.31,4066974.8,-0.55919999,0.09624529
905,2013-07-08,3322.135,3322.135,3240.105,3240.4771,399524.69,3628424.0,-3.8870001,0.11978387
905,2013-07-09,3231.699,3263.3911,3210.731,3259.9109,300946.34,2815038.3,0.59969997,0.10801188
905,2013-07-10,3259.845,3361.395,3257.9041,3361.395,418641.25,3871169.0,3.1131001,0.09583488
905,2013-07-11,3364.8411,3484.7871,3364.229,3455.884,633235.19,5689856.0,2.8110001,0.0729938
905,2013-07-12,3453.4409,3490.4971,3424.2771,3425.135,518082.13,5005630.5,-0.88980001,0.0844285
905,2013-07-15,3432.2571,3493.7209,3431.4971,3493.4409,465858.88,4560910.0,1.9943,0.05108834
905,2013-07-16,3496.728,3536.313,3474.3611,3536.313,493147.25,4830841.5,1.2272,0.03048712
905,2013-07-17,3529.7141,3552.3679,3474.363,3485.074,500467.78,4905506.5,-1.4489,0.061701387
905,2013-07-18,3476.1809,3505.1851,3445.3259,3481.2009,459834.38,4574485.5,-0.1111,0.09130214
905,2013-07-19,3479.531,3510.1101,3394.3059,3394.3059,509865.94,4988975.0,-2.4960999,0.12703045
905,2013-07-22,3374.572,3461.699,3359.386,3461.281,419929.72,4178775.5,1.9732,0.121743076
905,2013-07-23,3470.5979,3545.054,3470.5979,3544.9661,535438.31,5332269.5,2.4177001,0.09505899
905,2013-07-24,3536.155,3575.0039,3500.0791,3566.282,565497.44,5631692.5,0.6013,0.08623213
905,2013-07-25,3561.5071,3572.5471,3496.311,3498.2419,508667.91,5156267.5,-1.9079,0.117261216
905,2013-07-26,3486.957,3520.4929,3449.6069,3494.1589,393584.31,3898141.3,-0.1167,0.11197462
905,2013-07-29,3477.2639,3484.6389,3423.772,3426.593,391910.53,3666878.8,-1.9337,0.15498716
905,2013-07-30,3426.9561,3449.5391,3349.551,3411.219,365927.28,3495344.8,-0.44870001,0.19447912
905,2013-07-31,3428.134,3462.095,3418.7151,3430.7429,358256.63,3339308.5,0.57230002,0.18935695
905,2013-08-01,3435.084,3521.156,3429.7161,3521.1521,442259.63,4226987.0,2.6352999,0.17160861
905,2013-08-02,3535.887,3563.186,3528.6411,3533.6089,472640.22,4442990.0,0.3538,0.15021873
905,2013-08-05,3531.6521,3592.8721,3528.8501,3592.5381,417218.5,4011530.3,1.6677001,0.15076308
905,2013-08-06,3589.52,3638.7051,3581.5259,3631.124,497960.69,4733557.5,1.0741,0.1601766
905,2013-08-07,3628.0039,3644.2119,3589.3391,3596.3181,526165.19,4997641.5,-0.95850003,0.17000195
905,2013-08-08,3589.1621,3627.2471,3577.5801,3605.8501,424499.69,4118509.8,0.26499999,0.16699086
905,2013-08-09,3611.7759,3637.908,3570.78,3618.7439,443576.91,4382152.5,0.3576,0.14655
905,2013-08-12,3629.509,3676.197,3628.9451,3676.1951,564926.88,5321449.0,1.5876,0.121245444
905,2013-08-13,3677.115,3695.5601,3669.491,3695.552,526494.81,4569816.5,0.52649999,0.11100913
905,2013-08-14,3694.6799,3706.771,3662.041,3681.082,529832.88,4703333.5,-0.39160001,0.07616157
905,2013-08-15,3674.6531,3686.261,3629.3369,3631.321,437397.38,4162624.8,-1.3518,0.09807973
905,2013-08-16,3611.2839,3688.689,3550.8181,3554.3479,536356.0,4914854.0,-2.1197,0.107018
905,2013-08-19,3528.908,3609.167,3522.1521,3609.0281,384695.94,3541700.8,1.5384001,0.101661965
905,2013-08-20,3606.614,3634.0481,3580.1941,3599.637,431598.19,4094268.8,-0.26019999,0.12755789
905,2013-08-21,3596.9331,3627.9141,3577.8181,3627.501,426198.84,3900216.0,0.77410001,0.119108416
905,2013-08-22,3621.886,3650.114,3615.7061,3636.469,461325.34,4326663.5,0.2472,0.1103584
905,2013-08-23,3644.676,3654.729,3560.1331,3627.97,548372.31,5253856.5,-0.23370001,0.11157372
905,2013-08-26,3629.3569,3703.7939,3627.311,3703.593,535225.88,5084850.0,2.0843999,0.083393075
905,2013-08-27,3702.582,3732.219,3691.1609,3732.0979,574679.06,5158300.5,0.76969999,0.034336183
905,2013-08-28,3707.533,3740.1289,3680.4961,3703.9199,702059.31,6358575.0,-0.755,0.0432893
905,2013-08-29,3703.0459,3715.8459,3679.0801,3701.083,629366.88,5334596.5,-0.0766,0.04446782
905,2013-08-30,3702.8469,3727.3,3645.3621,3664.1479,770691.94,6402844.5,-0.99800003,0.06631777
905,2013-09-02,3674.6841,3695.0869,3633.4609,3689.959,628609.44,5281847.0,0.7044,0.053934503
905,2013-09-03,3685.3369,3745.2351,3680.147,3744.8711,596266.44,5010869.0,1.4881001,0.059355527
905,2013-09-04,3747.2271,3766.4141,3734.7781,3755.239,623638.5,5448635.5,0.27689999,0.062302798
905,2013-09-05,3749.938,3776.0039,3741.457,3762.5691,606811.06,5468716.5,0.1952,0.057966776
905,2013-09-06,3758.905,3799.071,3754.6399,3792.832,606031.19,5698930.0,0.80430001,0.022080045
905,2013-09-09,3799.4509,3835.48,3793.114,3831.927,729322.19,6725350.5,1.0308,0.03143721
905,2013-09-10,3836.4709,3871.187,3832.3201,3870.9231,810634.5,7177071.0,1.0177,0.02969266
905,2013-09-11,3876.5859,3876.7729,3814.2771,3834.2581,880262.69,7601625.0,-0.9472,0.040916886
905,2013-09-12,3824.7539,3857.5181,3815.741,3845.0681,672734.38,5744864.0,0.28189999,0.040684298
905,2013-09-13,3846.4519,3858.426,3825.178,3849.8201,648653.44,5640949.5,0.1236,0.024474857
905,2013-09-16,3852.3621,3870.7271,3836.406,3854.207,556823.13,5264403.0,0.114,0.0028768305
905,2013-09-17,3851.657,3851.657,3785.23,3786.292,575585.5,5308875.0,-1.7621,0.014326391
905,2013-09-18,3780.7019,3823.012,3776.7029,3822.123,444644.09,4366816.0,0.94630003,0.020241369
905,2013-09-23,3830.947,3899.8601,3830.947,3899.625,565271.38,5649089.5,2.0276999,0.0006200596
905,2013-09-24,3897.4089,3915.9829,3864.4399,3903.5181,650797.56,6394787.5,0.099799998,-0.0018542504
905,2013-09-25,3899.6121,3930.6021,3881.5991,3889.2209,701916.25,6788669.0,-0.36629999,0.012858128
905,2013-09-26,3879.4761,3883.3921,3806.6411,3808.2161,590275.75,5676348.5,-2.0827999,0.045535468
905,2013-09-27,3805.4971,3841.5439,3802.9009,3822.7581,435492.66,4402420.5,0.38190001,0.051216684
905,2013-09-30,3834.1699,3873.4929,3834.012,3872.8931,394545.81,4176348.8,1.3115,0.04284833
905,2013-10-08,3875.522,3938.0681,3866.677,3938.0681,551343.81,5549892.0,1.6829,0.02110832
905,2013-10-09,3928.3989,3981.446,3915.73,3981.0581,602140.13,5812606.0,1.0917,0.01765159
905,2013-10-10,3990.7791,4000.4861,3947.8411,3959.6299,698074.56,6629305.0,-0.53820002,0.015727758
905,2013-10-11,3975.1089,4027.3201,3975.1089,4026.916,720155.81,6867864.5,1.6993001,-0.001746473
905,2013-10-14,4034.189,4069.783,4024.5911,4068.3201,746922.88,7297105.5,1.0282,-0.013120944
905,2013-10-15,4074.8269,4080.1069,4043.793,4074.083,756717.81,7295026.0,0.1417,-0.011001494
905,2013-10-16,4063.823,4063.823,3941.5891,3963.2119,778379.5,7572234.0,-2.7214,0.00053618127
905,2013-10-17,3980.4661,4010.6221,3944.9741,3956.9651,663191.75,6320137.5,-0.1576,-0.0024756852
905,2013-10-18,3954.585,3978.342,3937.24,3970.6411,507796.0,4804687.5,0.34560001,-0.010444938
905,2013-10-21,3977.261,4069.2241,3968.3931,4069.033,660572.94,6477899.5,2.4779999,-0.045274146
905,2013-10-22,4070.665,4089.0959,4014.2649,4026.5161,736459.44,7463975.0,-1.0448999,-0.056087
905,2013-10-23,4026.563,4039.425,3906.509,3924.219,677084.19,6295119.5,-2.5406001,-0.06106336
905,2013-10-24,3914.239,3933.73,3889.3379,3898.156,449422.81,4276768.5,-0.66420001,-0.040847518
905,2013-10-25,3902.2261,3916.9241,3796.0691,3821.7791,499052.38,4938709.5,-1.9593,-0.014550606
905,2013-10-28,3820.6741,3828.7229,3785.9121,3808.7029,395698.44,3870876.3,-0.34209999,-0.0027344741
905,2013-10-29,3801.9341,3827.1189,3600.4341,3703.8601,557397.63,5144464.5,-2.7527001,0.030811071
905,2013-10-30,3694.312,3764.5991,3688.386,3764.4529,415492.81,3869649.3,1.6359,-0.0038485804
905,2013-10-31,3757.8059,3757.8059,3710.6899,3713.8291,417875.44,3803066.5,-1.3448,0.010819534
905,2013-11-01,3698.469,3720.436,3661.7361,3702.4451,333873.56,3091488.5,-0.30649999,0.003667009
905,2013-11-04,3705.449,3744.5879,3705.4319,3728.188,328521.53,3052202.0,0.69529998,0.022683969
905,2013-11-05,3719.9441,3777.626,3688.2129,3777.4041,394981.66,3635384.0,1.3200999,0.007805837
905,2013-11-06,3768.7319,3799.825,3737.106,3737.106,450972.53,4129845.0,-1.0668,0.017847233
905,2013-11-07,3722.241,3734.863,3677.5339,3685.04,348149.63,3308762.5,-1.3932,0.01283484
905,2013-11-08,3670.3521,3678.228,3618.926,3629.9399,349467.31,3262437.8,-1.4952,0.026643995
905,2013-11-11,3626.187,3659.655,3600.085,3645.8401,273575.0,2634025.0,0.43799999,0.016326524
905,2013-11-12,3645.373,3681.071,3634.8679,3680.5359,300549.81,2835183.8,0.95169997,0.009556788
905,2013-11-13,3677.353,3677.353,3611.76,3611.76,329572.88,3007479.8,-1.8686,0.037536826
905,2013-11-14,3602.8521,3660.041,3575.8369,3659.8301,331077.59,3163453.5,1.3309,0.023583008
905,2013-11-15,3661.282,3766.3589,3661.282,3736.4519,488269.09,4710781.0,2.0936,0.013411413
905,2013-11-18,3759.124,3828.0161,3755.499,3827.8821,562640.06,5355569.5,2.447,-0.00010319022
905,2013-11-19,3830.45,3851.5669,3814.5229,3840.365,508826.13,4908384.5,0.32609999,-0.005739819
905,2013-11-20,3842.25,3878.7041,3827.384,3878.584,485828.94,4667650.0,0.99519998,-0.0043820376
905,2013-11-21,3865.5691,3878.2361,3838.541,3865.4099,539868.75,4910639.0,-0.33970001,-0.011264782
905,2013-11-22,3868.4971,3880.717,3835.918,3842.7561,490239.78,4540428.5,-0.58609998,-0.0035178137
905,2013-11-25,3834.8081,3874.0979,3824.647,3839.6021,464348.88,4287001.0,-0.082099997,-0.0043978514
905,2013-11-26,3837.873,3855.9661,3822.1331,3845.676,429544.16,4046372.0,0.1582,-0.014661168
905,2013-11-27,3843.6509,3890.051,3837.1389,3889.7549,472210.59,4676126.0,1.1461999,-0.01483384
905,2013-11-28,3897.2549,3945.5339,3895.1101,3922.666,554479.63,5313033.5,0.84609997,-0.026597472
905,2013-11-29,3924.416,3947.9141,3919.7251,3946.3831,484732.47,4941128.5,0.60460001,-0.03774446
905,2013-12-02,3870.0291,3905.679,3737.3181,3770.865,667830.94,6479145.5,-4.4475999,0.018339029
905,2013-12-03,3755.186,3861.158,3750.9619,3859.9551,469420.59,4523870.5,2.3626001,-0.0004932959
905,2013-12-04,3856.3491,3959.1069,3852.4751,3932.998,641418.81,6160507.5,1.8923,-0.021074254
905,2013-12-05,3931.1421,3944.7019,3911.2661,3928.7241,495242.75,4848498.5,-0.1087,-0.009460374
905,2013-12-06,3924.6421,3941.5381,3906.7991,3918.783,428227.91,4172985.3,-0.25299999,-0.0009701992
905,2013-12-09,3928.1641,3948.0591,3924.813,3947.7041,401047.38,4076621.3,0.73799998,-0.01731642
905,2013-12-10,3948.571,3965.1631,3930.002,3950.4861,458842.53,4566998.0,0.070500001,-0.023386236
905,2013-12-11,3941.9041,3941.9041,3878.3269,3906.78,461880.47,4369903.0,-1.1063,-0.03867274
905,2013-12-12,3903.448,3943.0281,3900.9529,3916.9619,390906.75,3845452.8,0.2606,-0.032581348
905,2013-12-13,3901.988,3932.887,3886.969,3925.4341,358945.5,3520997.5,0.2163,-0.027909067
905,2013-12-16,3929.377,3932.5979,3854.468,3857.7151,410476.75,4016244.3,-1.7251,-0.004798747
905,2013-12-17,3854.7849,3867.7781,3824.9719,3834.0271,318753.13,3162862.5,-0.61400002,-0.005215691
905,2013-12-18,3836.0229,3855.3589,3819.0691,3834.0449,269832.16,2649772.0,0.00050000002,0.0072782403
905,2013-12-19,3840.28,3859.217,3793.3979,3795.0229,281834.88,2759402.8,-1.0178,0.02484836
905,2013-12-20,3792.676,3807.552,3736.3989,3747.002,292004.56,2858162.3,-1.2654001,0.04747825
905,2013-12-23,3745.9409,3757.3879,3687.397,3742.738,266901.31,2695000.8,-0.1138,0.055838294
905,2013-12-24,3746.646,3799.769,3738.7649,3768.7029,286101.47,2995805.8,0.69370002,0.055883206
905,2013-12-25,3766.2009,3808.46,3756.7129,3808.4529,269519.88,2951551.3,1.0547,0.05545404
905,2013-12-26,3809.5029,3809.5029,3741.6089,3743.1321,331160.47,3300078.0,-1.7151999,0.06984229
905,2013-12-27,3737.645,3809.467,3734.6541,3800.7739,322151.41,3163239.5,1.5398999,0.0562291
905,2013-12-30,3815.6819,3828.968,3803.793,3813.0029,316540.41,3093680.8,0.32179999,0.05945553
905,2013-12-31,3805.696,3829.802,3789.8169,3829.0959,292760.63,2931088.0,0.42210001,0.040037703
905,2014-01-02,3823.3159,3848.2529,3813.8059,3847.8789,308002.59,3141780.8,0.4905,0.03490731
905,2014-01-03,3841.219,3843.3601,3802.9919,3816.3159,348175.63,3585163.3,-0.82029998,0.055927
905,2014-01-06,3806.585,3806.585,3709.9089,3710.8979,345118.66,3308907.5,-2.7623,0.10237525
905,2014-01-07,3699.9009,3740.717,3688.4209,3733.6621,272086.22,2758759.0,0.61339998,0.09627301
905,2014-01-08,3735.5029,3768.5029,3726.114,3738.2051,319434.41,3258900.5,0.1217,0.08664955
905,2014-01-09,3732.8611,3768.6179,3693.6399,3696.0229,333541.34,3435202.3,-1.1284,0.09075079
905,2014-01-10,3685.019,3689.187,3619.679,3628.634,313933.03,2975986.0,-1.8233,0.11406138
905,2014-01-13,3628.533,3657.686,3588.7419,3612.02,278424.16,2765248.5,-0.45789999,0.11578615
905,2014-01-14,3610.6379,3683.5339,3601.9929,3683.5339,285651.03,2786493.5,1.9799,0.10852464
905,2014-01-15,3681.042,3708.542,3675.635,3708.1421,294791.94,3017856.0,0.6681,0.094109364
905,2014-01-16,3709.3831,3738.083,3703.1909,3714.314,295833.13,2967461.0,0.1664,0.09151324
905,2014-01-17,3704.356,3704.96,3669.5869,3671.915,253252.94,2583278.0,-1.1415,0.11380601
905,2014-01-20,3666.303,3680.01,3627.6499,3644.125,238057.47,2479185.5,-0.7568,0.14386114
905,2014-01-21,3645.344,3700.594,3645.344,3700.1079,284978.03,2921557.3,1.5362999,0.13722678
905,2014-01-22,3707.082,3799.0569,3707.033,3799.042,418490.47,4210224.5,2.6738,0.10944704
905,2014-01-23,3801.749,3841.0281,3795.4751,3825.4861,407058.03,4404332.0,0.6961,0.11281149
905,2014-01-24,3817.0779,3890.5281,3811.137,3882.668,457907.47,4882000.5,1.4948,0.0843624
905,2014-01-27,3867.5659,3916.666,3854.866,3881.947,426368.06,4598299.5,-0.0186,0.10224256
905,2014-01-28,3882.0061,3906.573,3847.0291,3873.8101,319465.34,3546833.3,-0.2096,0.11004928
905,2014-01-29,3878.314,3913.124,3878.314,3908.45,330083.81,3665382.8,0.89420003,0.10749814
905,2014-01-30,3900.0129,3908.605,3877.5701,3885.416,285499.41,3095212.8,-0.58929998,0.103122495
905,2014-02-07,3864.8911,3957.9331,3854.9819,3957.6709,340365.66,3758498.0,1.8595999,0.08945309
905,2014-02-10,3972.8569,4074.6299,3972.8569,4074.6299,577549.5,6283062.5,2.9552,0.07421243
905,2014-02-11,4081.5439,4099.7749,4031.9509,4080.3779,618768.19,6642760.5,0.1411,0.078284
905,2014-02-12,4083.8191,4125.709,4064.3459,4125.4121,590392.69,6018997.5,1.1037,0.06699864
905,2014-02-13,4123.2148,4137.5879,4064.4231,4064.4231,610515.0,6211013.5,-1.4784,0.07604543
905,2014-02-14,4063.791,4134.2261,4060.092,4134.1602,506311.59,5226541.0,1.7158,0.07002051
905,2014-02-17,4152.041,4213.1421,4152.041,4212.7451,624694.19,6559395.5,1.9009,0.06428084
905,2014-02-18,4216.606,4219.0342,4188.0688,4207.6992,639132.94,6676622.5,-0.1198,0.06874037
905,2014-02-19,4206.02,4232.877,4180.9141,4207.9941,612177.63,6315450.0,0.0070000002,0.068775
905,2014-02-20,4211.6958,4221.6299,4139.1992,4149.0708,625644.75,6230013.5,-1.4003,0.083481126
905,2014-02-21,4142.2998,4156.7939,4085.8169,4121.917,480178.84,4722892.5,-0.65450001,0.09700219
905,2014-02-24,4102.5591,4105.792,4043.5061,4105.792,512387.34,5282138.5,-0.39120001,0.09288101
905,2014-02-25,4109.4941,4141.2588,3937.1741,3961.439,656652.69,7006121.5,-3.5158,0.11262294
905,2014-02-26,3941.1179,3988.0591,3883.9629,3987.48,488567.38,4976484.5,0.65740001,0.10877343
905,2014-02-27,3992.7161,4053.854,3932.311,3934.7271,545109.25,5731627.0,-1.323,0.1135446
905,2014-02-28,3926.772,3976.1279,3874.7219,3975.929,466012.0,4825451.0,1.0470999,0.11367152
905,2014-03-03,3975.5359,4059.187,3969.2991,4058.7991,512902.56,5349570.0,2.0843,0.110535845
905,2014-03-04,4045.2009,4067.425,4016.0271,4059.5669,536556.06,5460242.5,0.0189,0.12724343
905,2014-03-05,4064.9629,4075.7529,4031.916,4037.7839,531436.31,5192840.0,-0.53659999,0.14135803
905,2014-03-06,4030.6509,4042.2141,3980.2791,4032.7561,481899.03,4661462.0,-0.1245,0.15253343
905,2014-03-07,4032.1379,4051.032,3992.9399,4012.447,456863.19,4559634.5,-0.5036,0.16299956
905,2014-03-10,3981.5129,3981.5129,3856.103,3860.2439,496655.53,4734854.5,-3.7932999,0.21797983
905,2014-03-11,3848.1699,3889.238,3826.928,3864.26,399396.78,3745024.5,0.104,0.21883859
905,2014-03-12,3857.5769,3894.063,3803.7319,3865.6621,412211.59,3697669.5,0.0363,0.21711153
905,2014-03-13,3865.916,3907.8511,3861.7061,3907.146,370646.59,3413759.0,1.0731,0.21749973
905,2014-03-14,3891.196,3913.5029,3860.3169,3888.9751,351408.34,3340619.3,-0.46509999,0.23620108
905,2014-03-17,3889.9041,3967.854,3889.9041,3967.1499,392881.72,3877443.5,2.0102,0.17100337
905,2014-03-18,3970.6641,4009.3459,3968.8889,3989.2009,442708.41,4408043.5,0.55580002,0.17468311
905,2014-03-19,3979.2461,3980.7429,3944.0911,3980.6731,426689.59,3924888.8,-0.2138,0.18548012
905,2014-03-20,3973.1499,4000.3689,3876.428,3876.5779,498630.56,4482961.0,-2.615,0.22755875
905,2014-03-21,3857.823,3954.2581,3828.9199,3952.3921,523627.22,4526960.0,1.9557,0.18769315
905,2014-03-24,3954.054,3995.865,3944.6919,3985.8611,542029.75,4581678.5,0.84680003,0.19283439
905,2014-03-25,3977.8779,4007.9351,3967.6211,3991.144,536670.25,4524407.5,0.13249999,0.20659891
905,2014-03-26,3997.1741,4009.884,3987.1919,4001.502,462775.03,3974713.0,0.2595,0.20323192
905,2014-03-27,3994.8169,3996.252,3943.792,3944.0439,494598.72,4158128.8,-1.4359,0.22461495
905,2014-03-28,3935.198,3951.7261,3855.478,3865.2949,534582.63,4384489.0,-1.9967,0.2618533
905,2014-03-31,3865.0039,3878.0,3815.739,3840.5359,383377.78,3109709.5,-0.64050001,0.2800607
905,2014-04-01,3836.502,3899.658,3835.2271,3899.488,346552.19,2933250.5,1.535,0.2805606
905,2014-04-02,3901.1899,3922.0791,3891.554,3902.043,439819.44,3420747.8,0.065499999,0.2824054
905,2014-04-03,3902.0669,3919.1689,3880.4041,3896.28,423427.13,3395864.8,-0.1477,0.2786178
905,2014-04-04,3888.729,3939.613,3881.9641,3939.229,382032.19,3245279.0,1.1023,0.26488742
905,2014-04-08,3927.5061,3981.625,3918.9761,3981.625,426182.09,3771292.5,1.0763,0.2472503
905,2014-04-09,3987.425,4019.085,3987.425,4018.5471,436850.34,3998031.3,0.92729998,0.24117172
905,2014-04-10,4022.0481,4052.844,4012.6589,4038.8401,511741.81,4675270.5,0.505,0.21476562
905,2014-04-11,4021.9641,4031.208,4001.7971,4021.1941,432473.94,3956685.8,-0.43689999,0.20877823
905,2014-04-14,4019.5049,4051.49,4018.7361,4051.3301,415717.41,3782028.5,0.74940002,0.21667701
905,2014-04-15,4050.333,4050.333,4015.0891,4021.906,454568.69,4171377.3,-0.7263,0.21435556
905,2014-04-16,4010.3579,4026.7639,3992.4961,4019.8831,381051.16,3475989.5,-0.050299998,0.20043513
905,2014-04-17,4025.377,4035.366,4012.71,4014.9399,387183.91,3558763.3,-0.123,0.18438411
905,2014-04-18,4006.875,4029.762,3995.5491,4029.262,347364.78,3224762.0,0.3567,0.18499765
905,2014-04-21,4004.614,4032.8459,3962.2859,3965.3369,402539.5,3825341.0,-1.5865,0.21289016
905,2014-04-22,3957.22,3974.6279,3889.7771,3947.1689,419348.19,3921830.3,-0.45820001,0.24771836
905,2014-04-23,3942.498,3956.408,3913.175,3929.168,307419.13,2937431.8,-0.456,0.2704356
905,2014-04-24,3924.4541,3931.512,3884.5911,3884.811,323457.19,2978161.8,-1.1289001,0.28516674
905,2014-04-25,3879.448,3886.7629,3797.4709,3800.6809,360006.19,3176396.3,-2.1656001,0.31197965
905,2014-04-28,3785.957,3785.957,3679.958,3684.593,366703.31,3149524.8,-3.0544,0.36479068
905,2014-04-29,3678.6211,3739.249,3678.0071,3738.926,282974.19,2475744.8,1.4746,0.33821055
905,2014-04-30,3734.7991,3770.7271,3728.4109,3766.1699,265928.28,2345015.5,0.72869998,0.3263987
905,2014-05-05,3761.23,3798.3589,3746.1931,3798.2881,286154.22,2473903.8,0.85280001,0.32292444
905,2014-05-06,3795.3601,3831.4131,3790.5049,3817.98,306003.84,2805098.0,0.51840001,0.30363566
905,2014-05-07,3806.8379,3806.8379,3747.7849,3749.9651,293636.31,2631537.8,-1.7814,0.34161276
905,2014-05-08,3740.2539,3798.2151,3733.75,3754.011,305159.53,2622656.8,0.1079,0.30033717
905,2014-05-09,3748.4861,3752.4551,3688.0449,3716.022,294888.34,2574320.3,-1.012,0.33620948
905,2014-05-12,3738.667,3812.8269,3730.9541,3812.7581,424548.09,3684065.3,2.6032,0.29084268
905,2014-05-13,3810.491,3819.7529,3788.4561,3806.8899,358149.81,3173640.5,-0.1539,0.289664
905,2014-05-14,3805.147,3816.405,3796.1069,3803.803,283075.56,2492168.5,-0.081100002,0.30355483
905,2014-05-15,3797.1201,3799.0791,3728.3181,3732.3369,307711.81,2778683.0,-1.8788,0.330976
905,2014-05-16,3722.5559,3733.28,3685.074,3726.656,267133.47,2372798.0,-0.1522,0.3376875
905,2014-05-19,3722.3911,3722.3911,3679.637,3705.364,242035.91,2174859.8,-0.57130003,0.34254718
905,2014-05-20,3720.2261,3748.7529,3708.1411,3715.71,248460.22,2317028.8,0.27919999,0.35365054
905,2014-05-21,3708.1211,3747.551,3680.886,3747.334,240468.91,2170564.3,0.85110003,0.3642016
905,2014-05-22,3748.9299,3788.0559,3744.604,3746.1399,309609.84,2818721.3,-0.0319,0.38515943
905,2014-05-23,3742.991,3786.563,3742.98,3786.563,288772.34,2692728.8,1.0791,0.37702978
905,2014-05-26,3798.73,3827.5901,3798.73,3827.4871,333963.72,3359179.3,1.0808001,0.3720201
905,2014-05-27,3825.373,3834.4209,3812.886,3818.322,327427.59,3196232.5,-0.2395,0.37371
905,2014-05-28,3818.354,3862.104,3812.9971,3861.5879,367747.66,3578256.0,1.1331,0.34870404
905,2014-05-29,3862.2981,3874.1021,3821.4241,3821.8669,373646.75,3796702.3,-1.0286,0.38091078
905,2014-05-30,3818.47,3840.864,3798.8049,3829.238,344798.13,3384705.3,0.1929,0.39427346
905,2014-06-03,3833.1201,3845.481,3821.428,3822.7161,301549.91,2929559.3,-0.17030001,0.4262011
905,2014-06-04,3820.5,3820.762,3760.291,3789.2939,302404.06,2898444.8,-0.8743,0.40762165
905,2014-06-05,3783.8831,3832.384,3779.9919,3832.0549,295807.28,2807955.8,1.1285,0.41247293
905,2014-06-06,3833.3779,3837.4009,3800.0859,3818.333,299263.22,2879645.0,-0.3581,0.36064765
905,2014-06-09,3809.585,3830.604,3795.1731,3797.429,268195.22,2643400.8,-0.54750001,0.4151936
905,2014-06-10,3801.509,3840.2429,3784.053,3840.019,302973.88,3034446.0,1.1215,0.4204208
905,2014-06-11,3838.668,3859.0339,3832.5339,3858.051,319152.94,3229165.3,0.46959999,0.4238278
905,2014-06-12,3851.2329,3857.908,3832.9441,3850.113,351349.19,3417592.8,-0.2058,0.45024243
905,2014-06-13,3846.6221,3894.543,3843.623,3891.5569,398407.97,4032219.8,1.0764,0.4407326
905,2014-06-16,3893.918,3915.2151,3893.166,3914.981,392947.59,4102514.0,0.60189998,0.41949248
905,2014-06-17,3909.6179,3909.6179,3876.23,3879.344,398607.53,3900492.3,-0.91030002,0.43272802
905,2014-06-18,3878.6941,3881.3921,3855.231,3858.0991,406886.72,3942119.8,-0.54759997,0.43182483
905,2014-06-19,3853.5901,3860.303,3739.4121,3755.6941,433514.91,4022689.3,-2.6543,0.4125775
905,2014-06-20,3751.179,3789.4099,3751.0811,3789.342,293316.31,2725032.3,0.89590001,0.37061322
905,2014-06-23,3790.844,3827.8279,3790.8391,3815.8789,322003.5,3081152.0,0.70029998,0.37907028
905,2014-06-24,3814.5271,3839.594,3812.7529,3839.2029,341496.94,3339677.3,0.61119998,0.39731166
905,2014-06-25,3835.5901,3835.5901,3803.292,3814.03,304198.94,2976918.8,-0.65570003,0.42179033
905,2014-06-26,3812.907,3863.095,3812.907,3861.95,405507.0,3836305.5,1.2564,0.38987744
905,2014-06-27,3861.0969,3905.543,3853.75,3889.323,484761.19,4425652.5,0.70880002,0.356299
905,2014-06-30,3895.1489,3925.4419,3889.645,3924.9031,492096.63,4585276.5,0.91479999,0.35613894
905,2014-07-01,3927.4829,3951.9189,3917.53,3951.7261,488139.84,4678025.5,0.68339998,0.37079772
905,2014-07-02,3950.4729,3979.3711,3937.239,3979.3101,529663.56,4925853.0,0.69800001,0.3770889
905,2014-07-03,3978.8159,4026.0649,3972.1169,4019.647,611840.94,5506789.0,1.0137,0.36535427
905,2014-07-04,4018.3899,4022.217,3997.76,4004.561,551663.88,4999747.5,-0.37529999,0.35945916
905,2014-07-07,4004.0969,4024.3679,3992.281,4014.488,511971.53,4812908.5,0.24789999,0.3473843
905,2014-07-08,4012.551,4039.9221,3982.332,4039.707,501807.44,5011433.0,0.62819999,0.31995246
905,2014-07-09,4033.8191,4047.3821,3981.252,3982.4041,569446.44,5678529.0,-1.4184999,0.35724318
905,2014-07-10,3980.501,4008.126,3975.7041,3982.198,487084.84,4969396.5,-0.0052,0.35094684
905,2014-07-11,3979.73,4033.885,3978.1001,4029.751,530746.88,5224133.5,1.1941,0.35220218
905,2014-07-14,4033.708,4090.802,4033.6951,4090.802,605924.81,5809542.5,1.515,0.34939873
905,2014-07-15,4089.3459,4098.2798,4063.6021,4093.113,668340.0,6077369.0,0.056499999,0.2904347
905,2014-07-16,4089.6489,4105.0151,4046.5491,4062.1189,594144.19,5418889.5,-0.7572,0.3472068
905,2014-07-17,4055.906,4055.906,4006.283,4031.4399,499883.59,4453189.0,-0.75520003,0.3919825
905,2014-07-18,4018.3579,4066.176,4012.5081,4042.521,495825.88,4468425.0,0.27489999,0.40757605
905,2014-07-21,4038.741,4048.938,4017.4529,4030.2419,441860.94,4078309.0,-0.3037,0.39775458
905,2014-07-22,4024.4209,4086.1111,4023.0161,4083.2881,546730.19,5030858.5,1.3162,0.41037783
905,2014-07-23,4083.0801,4094.6489,4042.041,4057.113,585182.75,5266794.5,-0.64099997,0.42313412
905,2014-07-24,4055.145,4073.863,4013.5549,4054.2229,627382.88,5448518.0,-0.071199998,0.4157877
905,2014-07-25,4052.032,4089.801,4047.873,4089.801,550434.06,4902236.0,0.87760001,0.3940055
905,2014-07-28,4106.9922,4168.3931,4106.9922,4168.373,795283.5,7042885.5,1.9212,0.35130134
905,2014-07-29,4173.1699,4221.5752,4167.2729,4207.8618,807608.31,7553899.5,0.94730002,0.33307353
905,2014-07-30,4198.4102,4220.2139,4184.354,4214.8359,691466.75,6838061.0,0.1657,0.35413957
905,2014-07-31,4211.0669,4257.4141,4208.5698,4257.0449,657110.38,6534746.0,1.0014,0.3350855
905,2014-08-01,4242.2988,4268.4341,4201.9238,4210.2192,781718.94,7445150.0,-1.1,0.34297445
905,2014-08-04,4213.1138,4278.8472,4213.1138,4278.8472,660831.5,6171297.5,1.63,0.2935225
905,2014-08-05,4284.145,4300.5049,4262.7642,4300.1201,743796.19,6840809.0,0.49720001,0.28019077
905,2014-08-06,4291.6299,4336.7568,4276.6758,4328.6011,745072.5,7010552.5,0.66229999,0.28926274
905,2014-08-07,4329.3008,4348.1938,4284.2212,4286.0898,711357.38,6709678.0,-0.98210001,0.31630144
905,2014-08-08,4287.9409,4317.9312,4283.606,4311.6968,573977.19,5664109.0,0.59740001,0.31765777
905,2014-08-11,4317.3472,4377.2441,4317.3472,4377.0181,647985.94,6378288.5,1.515,0.31808275
905,2014-08-12,4378.2471,4400.002,4370.2261,4399.8062,672629.31,6697660.0,0.52060002,0.33408442
905,2014-08-13,4399.4028,4410.4619,4347.3682,4401.8091,731106.0,7242503.0,0.045499999,0.34287924
905,2014-08-14,4397.207,4426.4702,4368.707,4373.5039,746178.81,7165979.5,-0.64300001,0.35052767
905,2014-08-15,4372.771,4428.9731,4368.3369,4423.6362,649722.88,6488797.5,1.1463,0.34946835
905,2014-08-18,4434.1748,4483.5679,4434.1748,4483.5439,715262.63,7248715.0,1.3543,0.34234503
905,2014-08-19,4491.1689,4500.8018,4461.981,4496.938,775214.94,8082471.0,0.2987,0.36532724
905,2014-08-20,4495.8232,4521.25,4481.9199,4497.3989,763686.94,7459233.5,0.0103,0.36048767
905,2014-08-21,4498.4932,4501.6611,4442.644,4495.4399,722570.56,7226755.5,-0.0436,0.38149348
905,2014-08-22,4491.6279,4526.2388,4478.7939,4521.752,720347.56,7198985.0,0.58530003,0.37313762
905,2014-08-25,4521.8091,4522.7041,4476.1982,4487.1421,679754.69,6917550.0,-0.76539999,0.3668
905,2014-08-26,4474.4541,4490.9019,4390.1108,4407.5879,696069.13,6880172.0,-1.7729,0.40944117
905,2014-08-27,4401.876,4432.1509,4401.668,4421.2119,543597.38,5705686.5,0.3091,0.41962996
905,2014-08-28,4423.7642,4431.5771,4368.6689,4381.4941,543559.81,5570909.5,-0.89840001,0.42939645
905,2014-08-29,4378.624,4427.8789,4370.853,4427.8789,437228.13,4596209.0,1.0587,0.41380045
905,2014-09-01,4436.5459,4507.4858,4436.1079,4507.4419,576854.19,6259438.0,1.7969,0.4042502
905,2014-09-02,4519.2422,4576.1201,4514.7329,4576.1201,841538.38,8729095.0,1.5237,0.42408088
905,2014-09-03,4582.479,4612.334,4571.9458,4608.5571,879271.31,9111414.0,0.70880002,0.43603605
905,2014-09-04,4611.562,4648.2222,4598.8638,4647.8862,943181.0,9529422.0,0.85339999,0.44755435
905,2014-09-05,4654.5151,4666.918,4629.1758,4666.4741,908266.19,9152780.0,0.39989999,0.45344487
905,2014-09-09,4672.1089,4701.9438,4643.3809,4701.6992,892843.06,9054143.0,0.75489998,0.45711088
905,2014-09-10,4686.1172,4713.959,4662.1812,4709.9092,861873.44,8662622.0,0.17460001,0.48987028
905,2014-09-11,4707.0449,4762.1318,4670.6431,4704.9419,976697.06,9954894.0,-0.1055,0.49760044
905,2014-09-12,4698.1089,4757.04,4689.627,4756.9492,785500.25,7810171.5,1.1054,0.49778184
905,2014-09-15,4759.7729,4810.0698,4752.853,4807.5552,928730.63,9372709.0,1.0638,0.47152486
905,2014-09-16,4809.437,4816.3242,4643.8618,4645.5459,1173102.3,11574694.0,-3.3699,0.54038835
905,2014-09-17,4649.6089,4686.3921,4604.6709,4686.0469,862761.31,8073993.0,0.87180001,0.5461854
905,2014-09-18,4679.1108,4719.584,4663.147,4719.0088,779130.56,7004153.0,0.70340002,0.5369973
905,2014-09-19,4718.7798,4762.1709,4705.0879,4758.7271,738914.25,7150870.0,0.84170002,0.5604452
905,2014-09-22,4753.7949,4753.7949,4682.6162,4694.229,776670.75,7502883.5,-1.3554,0.61062616
905,2014-09-23,4693.3672,4754.4722,4692.8989,4754.4722,716791.25,7212282.0,1.2833,0.61511296
905,2014-09-24,4746.6211,4816.1841,4733.5562,4815.71,848901.44,8579543.0,1.288,0.63284004
905,2014-09-25,4826.9849,4861.7969,4797.271,4814.7349,923393.94,9284941.0,-0.020199999,0.6216878
905,2014-09-26,4803.4429,4833.8018,4787.3091,4829.9351,729685.25,7521479.5,0.31569999,0.6037795
905,2014-09-29,4847.8159,4880.1548,4847.8159,4877.4351,809180.94,8237393.5,0.9835,0.6304039
905,2014-09-30,4886.5562,4921.0762,4877.8828,4916.1191,817550.5,8426688.0,0.7931,0.65229785
905,2014-10-08,4935.0479,4993.6138,4913.6792,4993.5308,903585.13,9269766.0,1.5747,0.6260957
905,2014-10-09,4996.6621,5010.8252,4936.729,5004.001,1043032.8,10697082.0,0.2097,0.5593017
905,2014-10-10,4987.042,5007.125,4952.1909,4981.853,961239.25,9866373.0,-0.44260001,0.58818173
905,2014-10-13,4964.2329,4982.6812,4906.1582,4982.6812,831345.44,8636292.0,0.0166,0.6016999
905,2014-10-14,4978.896,5013.9502,4933.5952,4966.083,822921.88,8560076.0,-0.33309999,0.57868904
905,2014-10-15,4967.229,4988.1782,4922.4819,4987.707,819857.5,8428975.0,0.43540001,0.6265364
905,2014-10-16,4962.5811,5007.2749,4906.2441,4906.2441,957531.75,9760021.0,-1.6332999,0.69649667
905,2014-10-17,4894.5928,4914.6602,4771.7671,4860.7319,852298.19,8458344.0,-0.92760003,0.7303368
905,2014-10-20,4873.4551,4929.4731,4869.877,4929.1602,645966.0,6736583.0,1.4078,0.70801806
905,2014-10-21,4929.23,4942.459,4878.1802,4884.0239,678131.81,6927641.0,-0.91570002,0.7430332
905,2014-10-22,4881.5122,4902.7769,4821.1938,4825.6089,613608.06,6401360.0,-1.196,0.71304464
905,2014-10-23,4815.123,4832.4268,4732.7622,4755.231,650124.0,6554561.0,-1.4584,0.77241737
905,2014-10-24,4757.0879,4800.3608,4754.8862,4774.666,563338.94,5533113.5,0.40869999,0.77387756
905,2014-10-27,4762.5171,4809.9419,4739.3301,4809.5181,560035.88,5526877.5,0.7299,0.7695081
905,2014-10-28,4819.5498,4925.085,4819.5498,4924.9551,751130.13,7649554.5,2.4001999,0.66485655
905,2014-10-29,4938.7148,4999.958,4923.5151,4991.7549,1056086.8,10641599.0,1.3564,0.61927
905,2014-10-30,4988.9722,5021.1899,4975.7861,4992.6299,991686.06,9848613.0,0.0175,0.58302903
905,2014-10-31,4999.0029,5012.2598,4945.2891,4986.416,916690.56,9218221.0,-0.1245,0.644727
905,2014-11-03,4993.1709,5028.7568,4992.5288,5028.6982,921974.38,9156010.0,0.84789997,0.7018754
905,2014-11-04,5028.54,5036.0962,4983.0518,5003.4702,938076.5,9117686.0,-0.50169998,0.7479224
905,2014-11-05,5004.8911,5013.6138,4976.1309,4995.4429,846785.75,8115227.5,-0.1604,0.76659584
905,2014-11-06,4992.7231,5025.2261,4959.7319,5024.8481,796507.44,8022718.0,0.58859998,0.753962
905,2014-11-07,5029.7969,5049.2842,4956.8682,4977.2549,962012.88,9718774.0,-0.9472,0.7565676
905,2014-11-10,4989.439,5031.1968,4973.3169,5031.001,852429.19,8530361.0,1.0798,0.7697462
905,2014-11-11,5038.6841,5041.332,4842.4971,4881.48,1065066.0,10490884.0,-2.9719999,0.8692759
905,2014-11-12,4866.4248,4965.3838,4855.6338,4965.3838,728607.31,7205652.0,1.7187999,0.8684016
905,2014-11-13,4963.7319,4967.2109,4889.373,4921.6709,870635.0,8898296.0,-0.8804,0.9544628
905,2014-11-14,4901.1392,4920.0942,4862.3921,4909.6089,657538.06,6586866.0,-0.24510001,0.9916395
905,2014-11-17,4925.4722,4982.52,4894.6489,4958.4658,684392.25,7005672.5,0.99510002,1.024838
905,2014-11-18,4951.585,4973.855,4947.022,4967.6509,634905.0,6265236.5,0.18520001,1.0882264
905,2014-11-19,4967.6362,5002.437,4959.4951,4985.1011,681647.13,6884244.0,0.3513,1.1057427
905,2014-11-20,4972.7412,4990.9351,4961.604,4974.626,596767.56,6057257.0,-0.2101,0.9837519
905,2014-11-21,4975.5352,5029.7769,4975.4438,5029.7729,728667.63,7466684.5,1.1086,0.9815695
905,2014-11-24,5088.2261,5130.0278,5065.1919,5112.1191,1185156.0,11860731.0,1.6372,1.051656
905,2014-11-25,5118.689,5189.4292,5106.5161,5189.001,1077700.1,11319846.0,1.5039001,1.0979761
905,2014-11-26,5198.127,5215.6431,5168.1748,5214.21,1098801.0,11742750.0,0.4858,1.105782
905,2014-11-27,5229.3999,5251.6992,5202.7642,5251.3892,1205873.6,12543295.0,0.713,1.088097
905,2014-11-28,5249.665,5261.1641,5193.353,5245.2671,1253617.5,13049284.0,-0.1166,1.1246811
905,2014-12-01,5246.4282,5247.0068,5181.1001,5208.1392,1159233.9,12086930.0,-0.70779997,1.1180155
905,2014-12-02,5201.3701,5278.6479,5196.0928,5277.6572,1094070.0,11762777.0,1.3348,1.0868616
905,2014-12-03,5284.5732,5339.248,5245.3579,5339.0049,1529469.9,16412965.0,1.1624,1.0992788
905,2014-12-04,5345.0068,5452.335,5343.125,5451.9619,1521219.8,16898538.0,2.1157,1.0848073
905,2014-12-05,5462.7568,5464.2261,5185.355,5333.8921,1724369.9,19282240.0,-2.1656001,1.1646276
905,2014-12-08,5310.5669,5435.7891,5266.021,5412.6738,1524020.0,17305298.0,1.477,1.0937693
905,2014-12-09,5392.9468,5465.0859,5181.5171,5195.4058,1976086.6,21857064.0,-4.0141001,1.094127
905,2014-12-10,5184.0171,5374.2271,5150.9951,5374.0972,1313116.8,14355342.0,3.4394,1.0655656
905,2014-12-11,5366.208,5454.918,5341.8628,5454.4429,1398696.3,15223924.0,1.4951,0.96745664
905,2014-12-12,5457.228,5498.9502,5437.6548,5493.2002,1165628.3,12846148.0,0.71060002,0.81814003
905,2014-12-15,5485.1299,5588.853,5466.79,5583.5972,1296810.4,14882493.0,1.6456,0.79935616
905,2014-12-16,5590.2661,5609.6812,5548.9629,5606.6929,1251168.3,14413095.0,0.4136,0.83131665
905,2014-12-17,5597.8799,5597.8799,5488.7959,5557.2861,1331345.1,15057786.0,-0.88120002,0.78254336
905,2014-12-18,5551.0381,5598.9849,5543.4009,5558.0449,1071390.0,12327237.0,0.0137,0.6333199
905,2014-12-19,5554.665,5558.1758,5423.7529,5524.1221,1333871.5,14895581.0,-0.6103,0.535926
905,2014-12-22,5523.6611,5523.9629,5279.96,5305.209,1513275.4,16163456.0,-3.9628999,0.67873114
905,2014-12-23,5273.9902,5316.7168,5187.6318,5193.7222,952825.88,10444239.0,-2.1015,0.6196304
905,2014-12-24,5212.0688,5263.2012,5197.7212,5262.3652,861457.5,9531671.0,1.3217,0.48889402
905,2014-12-25,5279.2969,5365.0742,5272.3188,5364.563,897666.25,10009460.0,1.9421,0.37112588
905,2014-12-26,5370.332,5423.3462,5359.5332,5422.751,1057867.1,11912059.0,1.0847,0.33437788
905,2014-12-29,5436.4878,5436.4878,5330.3271,5367.6372,1206962.4,13605691.0,-1.0163,0.26005647
905,2014-12-30,5357.3882,5366.1602,5261.6152,5275.085,989103.25,11420766.0,-1.7243,0.25161472
905,2014-12-31,5274.6509,5322.7139,5241.3618,5322.7139,936829.0,10448603.0,0.90289998,0.29564583
905,2015-01-05,5338.752,5427.231,5314.3389,5417.0171,1287876.0,13934303.0,1.7717,0.3374121
905,2015-01-06,5389.9028,5482.124,5354.3379,5479.8638,1237545.0,14032810.0,1.1602,0.40434784
905,2015-01-07,5471.4019,5492.8252,5436.918,5488.2422,960504.94,11178708.0,0.1529,0.43198073
905,2015-01-08,5482.394,5497.7441,5418.0112,5444.0371,956346.19,10852098.0,-0.80540001,0.36025798
905,2015-01-09,5424.501,5497.689,5409.0581,5409.0581,906408.06,10539025.0,-0.64249998,0.40112358
905,2015-01-12,5386.584,5386.584,5303.7319,5332.2212,780264.31,8936351.0,-1.4205,0.4993183
905,2015-01-13,5333.9678,5407.6289,5333.9678,5405.0908,686937.69,8471107.0,1.3666,0.5016392
905,2015-01-14,5404.374,5417.8018,5350.165,5379.7378,670865.0,8321591.5,-0.4691,0.52804154
905,2015-01-15,5380.4468,5449.2549,5380.3359,5449.0381,678855.13,8158060.0,1.2882,0.52691835
905,2015-01-16,5459.1851,5520.7852,5454.2388,5520.123,845068.44,10467160.0,1.3045,0.5492392
905,2015-01-19,5359.4702,5475.6602,5222.04,5281.895,1053362.8,12191833.0,-4.3155999,0.5950855
905,2015-01-20,5303.1812,5472.7358,5303.1812,5472.5142,919379.5,11383715.0,3.6089001,0.4242414
905,2015-01-21,5490.8398,5611.9819,5490.5259,5611.6938,1101674.3,13779497.0,2.5432999,0.36319265
905,2015-01-22,5617.6089,5690.4302,5610.0898,5690.1558,1054126.3,13477839.0,1.3982,0.4099431
905,2015-01-23,5697.8369,5699.7261,5611.0659,5633.2891,994403.38,12408791.0,-0.99940002,0.38472924
905,2015-01-26,5644.0308,5759.3672,5636.2041,5758.979,1012987.9,12601565.0,2.2312,0.34174147
905,2015-01-27,5767.7368,5783.9902,5670.4312,5773.8159,1143179.9,13960630.0,0.25760001,0.305931
905,2015-01-28,5756.6821,5798.5708,5722.4941,5739.9189,1023864.1,12383350.0,-0.58710003,0.38365984
905,2015-01-29,5692.3872,5739.4858,5670.5049,5701.2051,845385.81,10290462.0,-0.67449999,0.37503174
905,2015-01-30,5708.2842,5735.9321,5631.5649,5632.728,805932.75,10002060.0,-1.2011,0.38334885
905,2015-02-02,5568.4351,5652.667,5539.5229,5609.3892,718718.63,8782891.0,-0.41429999,0.42855462
905,2015-02-03,5627.3989,5708.2808,5627.3989,5707.4761,754325.56,9856593.0,1.7486,0.47071767
905,2015-02-04,5720.9751,5734.3281,5680.833,5683.519,809267.19,10484686.0,-0.4197,0.4841733
905,2015-02-05,5741.1929,5745.1362,5654.2168,5654.2168,883243.56,11497682.0,-0.51560003,0.4743575
905,2015-02-06,5640.0249,5657.6621,5510.7632,5534.7852,762776.13,9559715.0,-2.1122999,0.541962
905,2015-02-09,5526.144,5551.8979,5492.5459,5504.9741,558734.38,7125854.0,-0.53860003,0.5668089
905,2015-02-10,5502.7251,5581.3408,5500.5352,5580.7041,549737.69,7286417.0,1.3757,0.5805276
905,2015-02-11,5587.6392,5642.2969,5587.4399,5641.7861,580595.69,7847844.0,1.0944999,0.4465754
905,2015-02-12,5647.5459,5689.7432,5640.8579,5681.3408,626917.75,8626085.0,0.70109999,0.46813643
905,2015-02-13,5709.1558,5789.3818,5709.1558,5769.272,823063.69,11077739.0,1.5477,0.39523882
905,2015-02-16,5786.1528,5870.082,5786.0381,5869.7129,823055.75,11300919.0,1.7410001,0.2969803
905,2015-02-17,5888.8711,5914.2852,5877.9482,5911.0981,809388.75,10730205.0,0.7051,0.18526015
905,2015-02-25,5926.2339,5952.709,5887.3662,5906.5381,835506.13,10996583.0,-0.077100001,0.09732842
905,2015-02-26,5903.2622,5970.0601,5897.7148,5969.5571,909207.44,11371118.0,1.0669,0.04505674
905,2015-02-27,5974.3589,6025.1152,5970.6812,6018.4629,965606.81,12533725.0,0.8193,0.072708316
905,2015-03-02,6064.8208,6139.792,6039.2539,6139.792,1272353.3,16861502.0,2.0158999,0.1145156
905,2015-03-03,6124.2759,6199.4971,6099.1309,6118.6558,1469532.6,19186924.0,-0.34419999,0.07561419
905,2015-03-04,6114.6938,6211.0889,6114.2139,6210.4209,1192263.4,15943239.0,1.4998,-0.006636249
905,2015-03-05,6212.6602,6217.7881,6161.377,6208.9878,1209590.9,16006924.0,-0.0231,-0.013920885
905,2015-03-06,6214.332,6234.1138,6129.6221,6133.0259,1093137.3,14337639.0,-1.2234,0.0017171296
905,2015-03-09,6113.5811,6212.5698,6080.543,6212.2358,987022.13,12780103.0,1.2915,0.026177242
905,2015-03-10,6214.519,6299.2808,6205.9238,6276.4849,1029150.6,13564766.0,1.0342,0.04373816
905,2015-03-11,6275.1729,6281.1909,6236.793,6262.8921,994624.5,13149519.0,-0.2166,0.028328286
905,2015-03-12,6273.6919,6288.5171,6220.6309,6260.1372,1018214.8,13532267.0,-0.044,0.03724864
905,2015-03-13,6271.8179,6329.7012,6271.8179,6329.5762,952298.25,12728015.0,1.1092,-0.04420299
905,2015-03-16,6369.1968,6517.0308,6369.1968,6516.7651,1370583.3,18942384.0,2.9574001,-0.12410073
905,2015-03-17,6547.3901,6635.0962,6525.8291,6618.0542,1725833.4,23549644.0,1.5543,-0.0805701
905,2015-03-18,6624.3882,6728.5059,6612.457,6728.0679,1646163.5,22126520.0,1.6623,-0.11335479
905,2015-03-19,6733.1201,6783.1401,6687.4419,6782.4629,1668729.9,22609898.0,0.80849999,-0.109927915
905,2015-03-20,6789.0581,6862.375,6786.335,6850.897,1521623.3,21847706.0,1.0089999,-0.087646626
905,2015-03-23,6891.9219,7017.481,6891.9219,7017.1538,1717781.3,24956070.0,2.4268,-0.1027807
905,2015-03-24,7042.9258,7055.1001,6801.5449,7046.123,1970668.8,28724122.0,0.41280001,-0.11659205
905,2015-03-25,7051.8208,7170.8262,7001.5142,7124.8721,1695754.5,25569844.0,1.1176,-0.11365288
905,2015-03-26,7104.0361,7171.6211,6995.645,7074.437,1639263.8,24653840.0,-0.70789999,-0.1365566
905,2015-03-27,7076.4878,7167.3701,7060.4321,7155.9448,1264609.9,18986414.0,1.1521,-0.13083568
905,2015-03-30,7180.063,7259.541,7180.063,7245.4971,1632195.5,23831222.0,1.2514,-0.1576001
905,2015-03-31,7280.1499,7328.8511,7214.481,7253.104,1699060.0,25329332.0,0.105,-0.15570946
905,2015-04-01,7258.8311,7430.9448,7258.7378,7425.7329,1549188.0,23748126.0,2.3801,-0.1418366
905,2015-04-02,7463.9072,7561.2012,7447.1191,7560.6479,1676509.5,26062900.0,1.8169,-0.14424652
905,2015-04-03,7532.1479,7682.7231,7494.3618,7679.0098,1701235.6,26430510.0,1.5655,-0.12505357
905,2015-04-07,7728.9102,7863.5952,7728.7998,7863.2842,1809048.4,28605484.0,2.3996999,-0.13495724
905,2015-04-08,7908.77,7920.9829,7674.0659,7807.9971,1894957.3,30771210.0,-0.70310003,-0.1387681
905,2015-04-09,7818.2002,7818.2002,7483.2778,7746.1509,1827547.5,29184296.0,-0.79210001,-0.10546065
905,2015-04-10,7727.0068,7971.6221,7683.7998,7952.189,1615029.6,25967264.0,2.6599,-0.113758475
905,2015-04-13,7994.2529,8143.3818,7977.0,8122.8931,1784849.9,29700378.0,2.1466,-0.13240615
905,2015-04-14,8129.728,8192.2383,8039.9512,8119.959,1831905.0,29814602.0,-0.0361,-0.11796658
905,2015-04-15,8093.1338,8093.1338,7786.9302,7802.7471,1672110.3,26648350.0,-3.9066,-0.13969545
905,2015-04-16,7705.4639,7976.1211,7607.3999,7912.0879,1432460.6,23008520.0,1.4013,-0.11979012
905,2015-04-17,7979.354,8032.0752,7925.7432,7980.7598,1911098.3,29925500.0,0.86790001,-0.10556964
905,2015-04-20,7967.0332,8051.4702,7801.0288,7839.9009,2145960.8,33034902.0,-1.765,-0.08331049
905,2015-04-21,7852.5151,8113.021,7846.6138,8112.687,1698104.1,27244848.0,3.4795001,-0.108626276
905,2015-04-22,8180.1162,8333.8213,8179.3018,8323.4268,1991569.3,31865248.0,2.5977001,-0.15312585
905,2015-04-23,8371.8496,8447.9248,8275.126,8410.7031,1979949.6,32287434.0,1.0486,-0.15477042
905,2015-04-24,8321.3281,8453.3408,8256.2002,8419.0947,1835276.8,30402752.0,0.099799998,-0.15846401
905,2015-04-27,8503.5703,8576.4834,8413.2344,8513.0156,1856855.3,30731398.0,1.1156,-0.18519683
905,2015-04-28,8533.6729,8543.3301,8187.1548,8266.4834,1842576.3,30363730.0,-2.8959999,-0.16287221
905,2015-04-29,8248.3154,8449.7012,8204.7305,8428.2539,1450747.3,24841378.0,1.957,-0.13766387
905,2015-04-30,8460.3936,8551.4648,8458.6006,8469.6729,1466538.9,25289894.0,0.4914,-0.14088167
905,2015-05-04,8493.9629,8532.6543,8381.373,8510.4814,1362046.0,23526898.0,0.48179999,-0.124979325
905,2015-05-05,8501.1191,8501.1191,8160.6558,8199.3438,1442242.8,23791488.0,-3.6559,-0.07995067
905,2015-05-06,8220.5967,8359.2959,8012.4829,8082.999,1293139.4,21929826.0,-1.419,-0.06284687
905,2015-05-07,8043.0078,8076.23,7886.3618,7903.478,1125709.4,17922292.0,-2.221,-0.027685532
905,2015-05-08,7989.3389,8201.8037,7983.8262,8201.293,1188875.8,20315366.0,3.7681999,-0.063263305
905,2015-05-11,8292.625,8558.8008,8242.0977,8558.2178,1485723.1,26845522.0,4.3520999,-0.11580798
905,2015-05-12,8595.0801,8746.21,8564.6631,8745.6777,1658490.6,30103176.0,2.1903999,-0.11740916
905,2015-05-13,8719.584,8909.5752,8643.4297,8824.9287,1749864.4,31730502.0,0.90619999,-0.13309431
905,2015-05-14,8829.8271,8878.4697,8725.2969,8813.3926,1490178.5,27216750.0,-0.13070001,-0.14596544
905,2015-05-15,8790.0059,8828.1152,8626.2285,8742.8848,1437135.8,25682454.0,-0.80000001,-0.11715386
905,2015-05-18,8725.4102,8929.9443,8698.8984,8903.5947,1404453.9,25535082.0,1.8382,-0.12324557
905,2015-05-19,8927.3867,9125.5146,8904.1895,9124.833,1517545.9,27085800.0,2.4848001,-0.15130697
905,2015-05-20,9176.0264,9429.2197,9173.4033,9277.3311,1909559.6,34143720.0,1.6712,-0.15940286
905,2015-05-21,9320.8418,9620.0947,9320.2305,9619.2227,1871779.9,33992012.0,3.6852,-0.17640084
905,2015-05-22,9756.5293,9821.8105,9547.4219,9778.1709,2225078.8,40887200.0,1.6524,-0.19472873
905,2015-05-25,9717.5107,10040.71,9659.3164,10040.09,2284639.5,41572508.0,2.6786001,-0.26533288
905,2015-05-26,10117.73,10373.84,10046.24,10373.58,2385142.8,45416744.0,3.3216,-0.2858397
905,2015-05-27,10421.3,10539.75,10192.18,10497.34,2326121.8,44844456.0,1.193,-0.29087323
905,2015-05-28,10501.36,10637.91,9860.5537,9868.4238,2580940.8,48452560.0,-5.9912,-0.24953973
905,2015-05-29,9846.3887,10140.1,9433.0879,9966.8447,1987726.4,36569360.0,0.99730003,-0.24043085
905,2015-06-01,10067.53,10488.89,10067.53,10488.31,1860161.4,35213000.0,5.2319999,-0.28380504
905,2015-06-02,10592.75,10887.88,10541.28,10886.4,2132342.3,41321344.0,3.7955999,-0.3016766
905,2015-06-03,10973.96,11055.21,10674.07,10979.99,2090595.8,42251628.0,0.85970002,-0.3256695
905,2015-06-04,10986.42,11023.34,10269.04,10965.41,2114602.0,41610584.0,-0.1328,-0.32749674
905,2015-06-05,11117.36,11236.15,10887.17,11144.52,2488746.0,48426704.0,1.6334,-0.3404642
905,2015-06-08,11157.18,11157.18,10860.39,11030.92,2356305.8,45781856.0,-1.0193,-0.3390667
905,2015-06-09,11009.88,11089.2,10861.58,11013.74,1851844.8,36524312.0,-0.1557,-0.32438666
905,2015-06-10,10947.49,11319.9,10830.33,11208.06,1845903.6,37512116.0,1.7643,-0.33100098
905,2015-06-11,11220.07,11367.63,11155.95,11366.29,1903679.8,38179856.0,1.4118,-0.33756724
905,2015-06-12,11424.33,11616.38,11400.65,11545.89,2106555.8,42543324.0,1.5801001,-0.33168894
905,2015-06-15,11589.95,11616.35,11304.04,11332.89,2058773.8,42589088.0,-1.8448,-0.32061723
905,2015-06-16,11205.75,11205.75,10768.62,10879.84,1795038.4,36299036.0,-3.9977,-0.28412881
905,2015-06-17,10865.39,11133.11,10497.69,11100.55,1600395.9,32153614.0,2.0286,-0.29223254
905,2015-06-18,11093.3,11178.32,10714.33,10731.38,1543519.4,30739332.0,-3.3257,-0.27564925
905,2015-06-19,10475.92,10601.04,9968.9922,9987.4072,1378486.1,26033952.0,-6.9327002,-0.22371873
905,2015-06-23,9951.7822,10074.83,9333.9102,10046.88,1410458.4,25519644.0,0.59549999,-0.2244235
905,2015-06-24,10136.25,10271.23,9950.6182,10267.63,1582094.4,30064278.0,2.1972001,-0.25948238
905,2015-06-25,10298.56,10343.05,9771.8896,9906.1035,1640733.9,31482926.0,-3.5209999,-0.2252869
905,2015-06-26,9571.5547,9603.127,9059.3584,9078.0654,1450765.9,24720632.0,-8.3589001,-0.14728011
905,2015-06-29,9267.0283,9281.1719,8339.3301,8484.6426,1816527.8,29129382.0,-6.5369,-0.102179155
905,2015-06-30,8302.1807,8912.3975,7882.3291,8906.0195,1955685.4,30672344.0,4.9663,-0.21587823
905,2015-07-01,8808.5137,9103.0928,8385.4326,8411.9102,1712974.3,28764238.0,-5.5479999,-0.18095402
905,2015-07-02,8369.4922,8433.5244,7787.0991,7835.104,1569738.4,23642750.0,-6.8569999,-0.098211475
905,2015-07-03,7530.2651,7930.146,7249.3091,7355.4912,1561059.9,21190812.0,-6.1213002,-0.12143961
905,2015-07-06,7842.4292,7842.4292,6883.6138,7235.999,2307543.8,29517322.0,-1.6245,-0.09197996
905,2015-07-07,6977.5479,7030.978,6763.1182,6763.5259,1141159.6,13075687.0,-6.5295,-0.093866736
905,2015-07-08,6444.667,6702.2788,6444.248,6602.374,2753407.5,30633270.0,-2.3827,-0.07053689
905,2015-07-09,6525.1211,6896.4932,6525.1211,6896.3521,958157.5,11377446.0,4.4526,-0.14098877
905,2015-07-10,7101.8179,7245.3281,7081.354,7244.7842,721411.94,9242770.0,5.0524001,-0.15458906
905,2015-07-13,7563.3799,7695.6689,7502.5508,7695.6348,1245776.8,17473160.0,6.2231002,-0.23415257
905,2015-07-14,7853.9971,8076.1909,7772.3931,7859.0571,1673837.0,24987792.0,2.1236,-0.23923339
905,2015-07-15,7836.084,7837.8442,7391.96,7405.2949,1642676.6,23173412.0,-5.7737002,-0.16315348
905,2015-07-16,7342.8311,7729.6968,7078.71,7578.7588,1420130.8,20052046.0,2.3424001,-0.19003849
905,2015-07-17,7629.7822,8050.728,7620.1621,7994.6968,1393773.8,20839414.0,5.4882002,-0.2636514
905,2015-07-20,8025.104,8250.3984,7931.6509,8116.4961,1621318.4,25254256.0,1.5235,-0.2631536
905,2015-07-21,8011.9038,8291.9268,7937.6289,8220.4629,1430975.9,22296232.0,1.2809,-0.26508686
905,2015-07-22,8207.1729,8354.3848,8075.5952,8320.2363,1611658.5,25046170.0,1.2137001,-0.32822737
905,2015-07-23,8330.4697,8585.8008,8288.8418,8551.9912,1774949.6,27374456.0,2.7853999,-0.3552158
905,2015-07-24,8580.6475,8706.252,8348.418,8425.0742,1969478.8,31978366.0,-1.4841,-0.37433988
905,2015-07-27,8240.6777,8493.3477,7791.6001,7794.1812,1717400.4,27780758.0,-7.4882998,-0.29830667
905,2015-07-28,7514.1479,7893.938,7261.6069,7649.8198,1802943.3,26554886.0,-1.8522,-0.29416937
905,2015-07-29,7765.9492,8024.5771,7472.6328,8022.7959,1327452.5,20702268.0,4.8755999,-0.30365586
905,2015-07-30,7979.5688,8174.7012,7766.4619,7800.5801,1419287.0,22832742.0,-2.7697999,-0.28080055
905,2015-07-31,7692.478,7876.645,7634.5381,7727.061,1078341.4,16976302.0,-0.9425,-0.25955224
905,2015-08-03,7605.895,7658.1729,7370.043,7540.2051,1123645.9,16512159.0,-2.4182,-0.2488007
905,2015-08-04,7548.0288,7942.2681,7532.8291,7942.0952,1171803.3,17549724.0,5.3299999,-0.2863294
905,2015-08-05,7933.3169,8047.6958,7773.9238,7839.3379,1199997.6,18615322.0,-1.2938,-0.24706215
905,2015-08-06,7660.583,7891.564,7633.2891,7792.0278,900582.81,13735147.0,-0.60350001,-0.23365107
905,2015-08-07,7874.416,8015.3662,7855.6841,8013.3188,1094696.6,17059608.0,2.8399999,-0.2565963
905,2015-08-10,8106.1201,8437.915,8079.877,8394.0859,1453173.8,23079954.0,4.7516999,-0.2876513
905,2015-08-11,8402.3193,8551.5293,8356.5234,8435.3271,1624348.3,26307458.0,0.49129999,-0.27640945
905,2015-08-12,8342.6064,8490.2695,8320.0537,8336.3369,1326806.5,21793160.0,-1.1734999,-0.27180246
905,2015-08-13,8287.7715,8535.3682,8237.8916,8534.4287,1336502.9,21670692.0,2.3762,-0.28395405
905,2015-08-14,8599.7744,8717.0693,8548.3369,8625.2422,1607130.8,26236590.0,1.0641,-0.34772244
905,2015-08-17,8613.2861,8820.9834,8582.8291,8820.457,1620132.8,26434670.0,2.2632999,-0.35956404
905,2015-08-18,8842.1621,8858.3301,8140.9102,8161.269,1843957.0,29532546.0,-7.4734001,-0.3444115
905,2015-08-19,7865.6348,8404.9414,7667.3188,8340.9834,1626222.5,24773554.0,2.2019999,-0.34376624
905,2015-08-20,8255.9307,8376.665,8049.5122,8049.5122,1383144.6,21550168.0,-3.4944,-0.28527993
905,2015-08-21,7884.3052,8006.293,7583.7041,7612.9019,1345610.9,19379000.0,-5.4240999,-0.24115966
905,2015-08-24,7255.2949,7292.771,7003.6548,7006.189,921922.25,12350631.0,-7.9695001,-0.19762927
905,2015-08-25,6496.1069,6666.8101,6467.814,6481.4121,1041622.9,12780281.0,-7.4902,-0.11245454
905,2015-08-26,6470.002,6687.5269,6165.1069,6238.5259,1491972.1,17811658.0,-3.7474,-0.07601166
905,2015-08-27,6344.9551,6457.8638,6099.167,6456.0552,1249323.4,14810825.0,3.4869001,-0.12995817
905,2015-08-28,6554.7549,6844.4512,6512.6968,6842.894,1427585.1,17836490.0,5.9919,-0.19303906
905,2015-08-31,6791.4189,6791.4189,6578.354,6581.313,1162585.5,14829684.0,-3.8227,-0.16293573
905,2015-09-01,6507.875,6507.875,6161.0322,6169.207,986679.31,11281846.0,-6.2617998,-0.077581644
905,2015-09-02,5878.207,6314.29,5866.6641,6122.5532,1150327.3,13064020.0,-0.75620002,-0.07884821
905,2015-09-07,6187.6899,6379.1982,6094.4902,6143.5571,1024470.7,12312544.0,0.34310001,-0.094530396
905,2015-09-08,6096.0142,6387.3608,6014.5679,6374.855,855098.38,9958093.0,3.7649,-0.09865007
905,2015-09-09,6408.6709,6609.9429,6380.25,6551.0068,1500978.3,18511848.0,2.7632,-0.09185513
905,2015-09-10,6434.5308,6565.1621,6407.1191,6440.3091,1064151.8,12923179.0,-1.6898,-0.05292108
905,2015-09-11,6423.521,6523.1899,6385.3091,6493.3188,925720.25,11334923.0,0.82309997,-0.064347155
905,2015-09-14,6535.2632,6554.3838,6018.4438,6049.79,1191136.6,13810201.0,-6.8305001,0.0114344135
905,2015-09-15,5886.2681,5996.2168,5689.9712,5708.0298,934274.25,9745980.0,-5.6490998,0.054378483
905,2015-09-16,5722.5308,6107.3711,5704.1221,6084.8369,1049529.3,11335009.0,6.6012998,-0.0012170746
905,2015-09-17,6057.8682,6242.248,5965.4092,5965.4092,1278357.3,14529476.0,-1.9627,0.0121313725
905,2015-09-18,6007.459,6073.5498,5934.0962,6036.8809,836521.13,9461160.0,1.1981,-0.019051842
905,2015-09-21,5966.2939,6251.6182,5943.5898,6250.439,1054339.3,12311340.0,3.5376,-0.018068507
905,2015-09-22,6264.0571,6362.0479,6215.5718,6295.9258,1186896.3,14248855.0,0.7277,-0.02225436
905,2015-09-23,6192.3262,6302.644,6162.9722,6224.6011,1012473.3,12188314.0,-1.1329,-0.016077062
905,2015-09-24,6250.0879,6324.314,6227.3901,6315.1099,932901.94,11199463.0,1.4541,-0.004517245
905,2015-09-25,6294.2021,6336.4292,6064.7231,6108.376,989420.31,11527717.0,-3.2736001,0.03520708
905,2015-09-28,6118.2261,6221.0098,6020.457,6219.6919,677371.56,8118313.5,1.8224,0.001492389
905,2015-09-29,6114.48,6183.8271,6065.854,6103.606,685794.94,8163015.5,-1.8664,0.010671757
905,2015-09-30,6139.1401,6165.7461,6066.834,6123.7271,564976.69,6958003.5,0.32969999,0.029487384
905,2015-10-08,6322.5352,6409.7412,6281.5308,6372.4922,949073.19,11765325.0,4.0623002,-0.018786889
905,2015-10-09,6369.752,6495.293,6353.042,6470.0508,997116.63,12266645.0,1.5309,-0.01944725
905,2015-10-12,6505.9121,6788.3989,6501.7588,6718.7222,1536198.8,19487254.0,3.8434,-0.047161825
905,2015-10-13,6672.6611,6816.7759,6650.6152,6802.0771,1329775.3,16700851.0,1.2406,-0.061411683
905,2015-10-14,6772.458,6842.874,6709.3452,6724.4961,1258824.5,16253262.0,-1.1404999,-0.06592226
905,2015-10-15,6694.0669,6929.4761,6694.0669,6929.2368,1317950.6,17673500.0,3.0446999,-0.08962139
905,2015-10-16,6979.6768,7052.1411,6883.1992,7047.5601,1645099.8,21465582.0,1.7076,-0.14548968
905,2015-10-19,7072.3589,7113.6631,6951.7988,7047.3721,1560079.4,21321988.0,-0.0027000001,-0.15277894
905,2015-10-20,7033.2051,7163.2612,6996.564,7162.0752,1380627.9,19131474.0,1.6276,-0.16067345
905,2015-10-21,7159.1318,7186.542,6689.2681,6712.7388,1781691.8,23818208.0,-6.2737999,-0.10944291
905,2015-10-22,6708.2139,6970.6758,6700.6191,6964.2979,1354709.0,18402258.0,3.7474999,-0.13174695
905,2015-10-23,7015.623,7169.3691,6988.5508,7138.2339,1588989.6,23132550.0,2.4974999,-0.15711655
905,2015-10-26,7223.1548,7233.3569,7088.5679,7186.7549,1633047.1,23611632.0,0.67970002,-0.1664765
905,2015-10-27,7123.083,7266.7769,6900.438,7231.436,1474412.9,21078234.0,0.62169999,-0.17228138
905,2015-10-28,7179.9878,7270.7891,7019.6089,7048.895,1327242.3,19411870.0,-2.5243001,-0.12504667
905,2015-10-29,7097.188,7185.207,7011.8628,7108.9751,1107412.8,16216687.0,0.85229999,-0.13211355
905,2015-10-30,7088.8062,7185.5249,6984.501,7084.9712,1100695.5,16436627.0,-0.33770001,-0.124369495
905,2015-11-02,6936.3691,7137.0518,6914.147,6936.4321,1072043.3,15787256.0,-2.0964999,-0.140554
905,2015-11-03,6956.8931,6998.0508,6860.439,6920.103,891053.38,13147572.0,-0.23540001,-0.17000556
905,2015-11-04,6953.8672,7268.3989,6953.8672,7267.9878,1392084.0,20347524.0,5.0272002,-0.21038723
905,2015-11-05,7277.0962,7364.5112,7225.645,7276.4512,1851917.8,26874806.0,0.1164,-0.21343385
905,2015-11-06,7284.8672,7456.2358,7284.7061,7446.8472,1526932.8,22562936.0,2.3417001,-0.23102275
905,2015-11-09,7415.7568,7593.168,7350.8608,7543.8008,1775201.0,26931396.0,1.3019,-0.24251565
905,2015-11-10,7517.4082,7633.0068,7486.8472,7575.0078,1657375.4,25190318.0,0.41370001,-0.23266852
905,2015-11-11,7589.6641,7686.3018,7556.3721,7684.666,1520861.8,22728228.0,1.4476,-0.24650703
905,2015-11-12,7712.6362,7739.6538,7579.6719,7682.4521,1622802.9,25405688.0,-0.0288,-0.2670058
905,2015-11-13,7601.146,7665.1382,7478.4131,7567.1079,1475592.6,23187900.0,-1.5014,-0.25113624
905,2015-11-16,7438.4048,7719.7031,7431.7402,7718.855,1169199.6,18760274.0,2.0053,-0.25728598
905,2015-11-17,7787.0752,7820.0239,7635.9238,7650.3809,1627508.9,25897660.0,-0.88709998,-0.24062917
905,2015-11-18,7655.3271,7699.6089,7504.9888,7526.9419,1256900.0,19182442.0,-1.6135,-0.23698385
905,2015-11-19,7552.9961,7719.521,7538.2808,7718.6221,1105200.3,17580720.0,2.5466001,-0.25955915
905,2015-11-20,7741.6768,7844.061,7720.1641,7806.2661,1460761.8,23453670.0,1.1355,-0.26413113
905,2015-11-23,7816.8491,7876.4819,7710.0542,7744.1821,1423834.5,22760382.0,-0.79530001,-0.25885138
905,2015-11-24,7739.0898,7799.0112,7635.7808,7798.498,1102585.6,16854130.0,0.70139998,-0.2676391
905,2015-11-25,7803.29,7925.5361,7795.1641,7922.3838,1244355.0,20653590.0,1.5886,-0.24930148
905,2015-11-26,7962.1689,7974.7349,7859.6328,7874.0801,1404046.1,22945232.0,-0.60970002,-0.24133617
905,2015-11-27,7839.312,7852.0,7317.645,7376.124,1529704.9,23434060.0,-6.3239999,-0.18468101
905,2015-11-30,7388.2798,7467.4668,7035.5469,7408.3989,1292340.3,19679952.0,0.43759999,-0.18570758
905,2015-12-01,7403.9419,7519.937,7358.3652,7443.9448,1130086.8,17343912.0,0.47979999,-0.18700904
905,2015-12-02,7423.498,7444.2222,7201.6592,7405.8599,1026474.8,14975764.0,-0.51160002,-0.18370628
905,2015-12-03,7413.2178,7571.4458,7412.6548,7570.5078,953294.13,14296397.0,2.2232001,-0.20429672
905,2015-12-04,7533.6118,7600.3428,7464.2769,7511.6748,1013625.4,15487625.0,-0.77710003,-0.23499833
905,2015-12-07,7526.2231,7602.77,7476.1909,7602.228,928812.94,14683035.0,1.2055,-0.24196418
905,2015-12-08,7555.4629,7555.4629,7398.5581,7404.1421,949388.25,14723004.0,-2.6056001,-0.19601135
905,2015-12-09,7369.1079,7431.04,7322.8672,7374.2739,832999.94,13230127.0,-0.4034,-0.19577914
905,2015-12-10,7374.355,7437.7061,7332.98,7350.21,789904.25,12950662.0,-0.3263,-0.18855761
905,2015-12-11,7320.1582,7347.3599,7253.8418,7290.7021,721322.88,11188043.0,-0.8096,-0.17901339
905,2015-12-14,7224.8091,7441.7632,7210.4102,7441.0298,799572.88,11922886.0,2.0618999,-0.20484081
905,2015-12-15,7448.7139,7534.2241,7447.1079,7498.1812,860214.88,13420782.0,0.76810002,-0.19862084
905,2015-12-16,7522.729,7574.6489,7503.0859,7529.4028,853511.69,13808261.0,0.41639999,-0.20602284
905,2015-12-17,7570.6699,7716.4761,7570.6699,7716.2461,1300547.6,19982058.0,2.4814999,-0.23491034
905,2015-12-18,7708.335,7746.5122,7650.5562,7699.3701,1144169.1,18399526.0,-0.21870001,-0.21497224
905,2015-12-21,7698.4429,7798.085,7692.0962,7788.564,1150150.0,18073042.0,1.1585,-0.21583603
905,2015-12-22,7810.9961,7856.9482,7752.6968,7856.6079,1115925.1,17582688.0,0.87360001,-0.22101215
905,2015-12-23,7859.1318,7881.2949,7756.3281,7773.2832,1181663.1,18690448.0,-1.0606,-0.21223839
905,2015-12-24,7760.3779,7778.936,7635.7842,7753.0371,915093.44,14133121.0,-0.26050001,-0.21172322
905,2015-12-25,7759.8369,7805.0532,7738.8672,7792.124,812535.19,12880708.0,0.50419998,-0.20023336
905,2015-12-28,7815.3818,7837.6299,7603.3608,7603.3608,1098135.1,17049374.0,-2.4224999,-0.17542978
905,2015-12-29,7591.7139,7675.3081,7545.3521,7674.3882,772925.31,12087394.0,0.93419999,-0.17942683
905,2015-12-30,7693.022,7747.3511,7664.2808,7741.0469,855332.31,13940726.0,0.86860001,-0.1835997
905,2015-12-31,7745.6382,7763.2959,7617.3848,7617.689,797815.25,13228692.0,-1.5936,-0.17299682
905,2016-01-04,7615.5142,7624.1011,6983.2852,6983.4038,780150.0,11508903.0,-8.3264999,-0.09607132
905,2016-01-05,6663.7261,7020.541,6627.6421,6889.7412,1134282.3,15671730.0,-1.3412,-0.07178734
905,2016-01-06,6916.5322,7066.085,6878.6538,7065.6069,1009304.3,13635148.0,2.5525999,-0.087613694
905,2016-01-07,6937.416,6937.416,6454.9731,6462.2432,284267.41,3478154.5,-8.5395002,-0.0010306329
905,2016-01-08,6618.0811,6689.1411,6222.5928,6570.4321,1111296.0,13893400.0,1.6742001,-0.019696726
905,2016-01-11,6435.894,6529.8789,6128.2231,6128.6558,1156007.4,13311964.0,-6.7237,0.046244625
905,2016-01-12,6126.6699,6205.5908,5994.6362,6136.6631,919052.19,10572720.0,0.13060001,0.048116524
905,2016-01-13,6168.9868,6226.541,5924.0439,5924.0439,861234.0,9845670.0,-3.4647,0.08336839
905,2016-01-14,5734.6079,6137.5068,5726.8828,6124.8198,922514.44,10425513.0,3.3892,0.051901806
905,2016-01-15,6078.6152,6135.271,5852.2412,5893.6821,886305.38,10227731.0,-3.7737999,0.084368765
905,2016-01-18,5768.7578,6051.1821,5765.146,5978.9082,724697.88,8698031.0,1.4461,0.07189858
905,2016-01-19,5965.355,6203.3999,5956.2251,6197.0952,879810.13,10618550.0,3.6493001,0.04798682
905,2016-01-20,6161.2319,6244.9609,6095.7222,6138.5029,919475.19,11339451.0,-0.94550002,0.0147896325
905,2016-01-21,6031.1699,6191.3169,5886.8838,5886.8838,818827.63,10055530.0,-4.099,0.0605421
905,2016-01-22,5954.3638,6013.9712,5799.7119,5980.6108,698307.06,8442937.0,1.5921,0.03716699
905,2016-01-25,6034.084,6093.269,5976.3359,6041.3262,653085.13,7867768.5,1.0152,0.011247795
905,2016-01-26,5966.7051,5982.499,5573.8271,5589.3071,854439.19,9810410.0,-7.4821,0.10362674
905,2016-01-27,5604.167,5628.186,5240.646,5514.189,879241.19,9535493.0,-1.344,0.124079935
905,2016-01-28,5441.7378,5511.3208,5257.0811,5271.2329,673380.75,7315274.0,-4.4060001,0.18344818
905,2016-01-29,5262.46,5515.4858,5248.2148,5469.125,723590.94,7830371.0,3.7542,0.13423757
905,2016-02-01,5458.605,5493.9819,5319.7012,5399.4771,647161.13,7086333.5,-1.2735,0.16506761
905,2016-02-02,5407.707,5594.3608,5407.668,5586.627,665719.63,7567418.0,3.4661,0.13513035
905,2016-02-03,5520.6421,5634.9199,5482.2251,5610.1729,632807.25,7062492.0,0.4215,0.12621629
905,2016-02-04,5631.3198,5744.0239,5631.3198,5721.4849,710839.81,8322621.5,1.9841,0.088233754
905,2016-02-05,5734.481,5747.979,5662.437,5664.1968,560755.44,6532197.0,-1.0013,0.11208915
905,2016-02-15,5485.7231,5700.522,5482.7959,5668.04,536312.5,6335130.5,0.0678,0.13664104
905,2016-02-16,5694.749,5918.5928,5694.749,5902.5342,828771.44,9853490.0,4.1371002,0.095952146
905,2016-02-17,5889.502,5979.4072,5854.2202,5971.4121,905825.19,10785701.0,1.1669,0.086571336
905,2016-02-18,6009.749,6034.8521,5945.2041,5957.1309,937148.0,11010973.0,-0.2392,0.08951915
905,2016-02-19,5939.6968,6009.7241,5919.6831,5979.5161,703805.0,8684912.0,0.37580001,0.0869701
905,2016-02-22,6055.6748,6111.6899,6029.459,6103.7231,943205.19,11080161.0,2.0771999,0.051875044
905,2016-02-23,6102.5122,6118.645,5982.2109,6070.5,878748.75,10655679.0,-0.54430002,0.059006374
905,2016-02-24,6041.7529,6116.2549,5975.1401,6111.043,898195.81,11111413.0,0.66790003,0.05302141
905,2016-02-25,6097.4199,6097.5439,5604.104,5626.0518,1106686.5,12959708.0,-7.9362998,0.13446695
905,2016-02-26,5668.3291,5701.0508,5517.6299,5648.938,798578.94,9175633.0,0.4068,0.13485648
905,2016-02-29,5618.5088,5618.5088,5286.3452,5350.4341,867031.5,9337591.0,-5.2842002,0.20130979
905,2016-03-01,5361.792,5504.751,5294.5439,5473.6348,808035.69,8722259.0,2.3025999,0.17394641
905,2016-03-02,5464.7329,5763.7988,5462.7422,5753.1479,1106719.5,11796321.0,5.1065001,0.11838077
905,2016-03-03,5757.3608,5872.9238,5745.623,5776.9771,1285273.6,13629862.0,0.41420001,0.10463933
905,2016-03-04,5755.1191,5805.4092,5542.9829,5621.561,1088299.5,11745500.0,-2.6903,0.13081653
905,2016-03-07,5686.686,5788.4722,5681.8472,5752.5479,871705.81,9446728.0,2.3301001,0.111123644
905,2016-03-08,5751.3882,5764.3252,5538.1509,5764.3252,981496.56,10636871.0,0.20469999,0.1264063
905,2016-03-09,5627.1382,5709.5171,5583.0669,5617.0381,726153.25,8080488.5,-2.5551,0.15618156
905,2016-03-10,5617.415,5657.2632,5517.0161,5521.9482,595594.13,6729808.0,-1.6928999,0.18037759
905,2016-03-11,5460.542,5545.3428,5433.3218,5508.9819,498000.22,5544998.5,-0.2348,0.17463686
905,2016-03-14,5568.4639,5748.333,5568.4639,5690.5898,799974.19,9515350.0,3.2966001,0.10562111
905,2016-03-15,5672.7539,5701.5679,5608.998,5639.8008,662689.0,8260704.5,-0.89249998,0.120612666
905,2016-03-16,5662.439,5689.2808,5531.334,5562.8042,574873.31,6954298.0,-1.3652,0.12859593
905,2016-03-17,5589.2202,5759.54,5579.7251,5745.9751,845757.56,10617793.0,3.2927999,0.10410872
905,2016-03-18,5774.3032,5967.459,5768.9082,5949.2632,1251603.4,15775613.0,3.5379,0.06601994
905,2016-03-21,6016.6938,6100.0322,6001.3218,6099.481,1318255.1,16676133.0,2.5250001,0.040048145
905,2016-03-22,6045.8389,6130.2651,6013.0488,6075.4922,1077216.5,13991575.0,-0.3933,0.051048145
905,2016-03-23,6054.2222,6119.3062,6031.272,6118.9658,896613.25,11855859.0,0.71560001,0.041120872
905,2016-03-24,6062.7578,6127.5122,6008.542,6018.4238,1014397.4,13487574.0,-1.6431,0.037068225
905,2016-03-25,6006.6689,6081.0918,5996.5381,6077.4312,782313.13,10321495.0,0.98040003,0.03446818
905,2016-03-28,6114.7671,6167.2378,6017.4878,6037.7778,937823.31,12427786.0,-0.65249997,0.040330466
905,2016-03-29,6029.9429,6041.3818,5875.0698,5921.8672,790039.75,9995010.0,-1.9198,0.06364948
905,2016-03-30,5981.4209,6137.792,5981.4209,6137.5029,880612.94,11651074.0,3.6414001,0.031052206
905,2016-03-31,6164.2808,6211.1392,6133.5962,6155.814,949157.25,13021639.0,0.2983,0.04741516
905,2016-04-01,6129.7241,6157.7402,6022.9702,6124.5278,852195.31,10923606.0,-0.50819999,0.05908978
905,2016-04-05,6136.6851,6293.4702,6117.1768,6286.583,1055430.5,13735980.0,2.6459999,0.031202134
905,2016-04-06,6262.6011,6324.2051,6243.1128,6323.4341,1046745.8,13941035.0,0.5862,0.02552363
905,2016-04-07,6344.3682,6355.3281,6228.9741,6228.9741,1099271.5,14535245.0,-1.4938,0.038612794
905,2016-04-08,6176.8638,6199.147,6087.104,6168.7422,886701.75,11727351.0,-0.96700001,0.039620183
905,2016-04-11,6226.3809,6334.5361,6226.3809,6304.2998,1021999.8,13613542.0,2.1975,0.0325147
905,2016-04-12,6299.4722,6316.248,6182.8179,6252.7729,870617.69,11867112.0,-0.81730002,0.03878022
905,2016-04-13,6292.5688,6421.7271,6292.5688,6344.2261,1329899.9,16848194.0,1.4626,0.024275884
905,2016-04-14,6375.4941,6402.5088,6324.4639,6401.855,990881.75,12615160.0,0.9084,0.011469457
905,2016-04-15,6403.2529,6414.7939,6345.5542,6384.3501,827980.56,10842543.0,-0.27340001,0.024296239
905,2016-04-18,6343.7012,6343.7012,6241.9829,6281.2021,804004.75,10685600.0,-1.6156,0.04492005
905,2016-04-19,6314.582,6334.9038,6262.6118,6308.229,694386.69,9425091.0,0.4303,0.035217665
905,2016-04-20,6331.8701,6344.7808,5923.4331,6022.2129,1173253.9,15125662.0,-4.5339999,0.08221994
905,2016-04-21,6000.3052,6085.9351,5960.5039,5970.6821,848085.94,10642176.0,-0.85570002,0.08125586
905,2016-04-22,5930.5308,6011.46,5915.3062,6011.3198,623238.13,8010965.0,0.68059999,0.07334268
905,2016-04-25,5997.2129,5997.2192,5897.7349,5978.0771,570343.31,7355580.0,-0.55299997,0.08863604
905,2016-04-26,5971.8052,6047.064,5958.4009,6046.7729,560553.06,7337321.0,1.1490999,0.067533046
905,2016-04-27,6051.4429,6086.3638,6005.1631,6016.6992,607315.81,8074169.5,-0.49739999,0.07762274
905,2016-04-28,6014.126,6027.1968,5888.064,5990.3291,604307.0,7901595.5,-0.43830001,0.078837685
905,2016-04-29,5963.9082,6018.2661,5953.1309,5985.5942,497041.88,6677769.5,-0.079000004,0.08073095
905,2016-05-03,5991.8291,6167.7979,5960.9409,6167.4541,758310.56,10342619.0,3.0383,0.054434795
905,2016-05-04,6144.5688,6213.1929,6136.3008,6169.7832,745557.38,10522334.0,0.037799999,0.045996528
905,2016-05-05,6159.7271,6206.5298,6133.3799,6203.8169,645589.69,9183135.0,0.55159998,0.053700473
905,2016-05-06,6208.4399,6226.876,5961.459,5961.4888,980569.19,13080958.0,-3.9061,0.10440301
905,2016-05-09,5910.124,5910.124,5714.1191,5743.647,782333.81,9696999.0,-3.6542001,0.15170845
905,2016-05-10,5728.1079,5766.1572,5697.0928,5738.896,526577.44,6688308.5,-0.082699999,0.15709744
905,2016-05-11,5770.353,5806.4692,5700.0962,5723.4102,580111.25,7623441.0,-0.26980001,0.16087922
905,2016-05-12,5647.0649,5727.5781,5559.6929,5726.4561,582158.13,7435807.5,0.053199999,0.15891384
905,2016-05-13,5708.6279,5779.8921,5677.9419,5714.311,530767.38,7080283.5,-0.2121,0.15540212
905,2016-05-16,5692.605,5813.0361,5665.2061,5812.542,579609.0,7691859.5,1.719,0.13746102
905,2016-05-17,5814.103,5853.6108,5763.5059,5790.3418,652601.38,8843207.0,-0.38190001,0.15040638
905,2016-05-18,5743.0332,5743.0332,5563.0571,5631.1929,637048.56,7948418.5,-2.7485001,0.17757872
905,2016-05-19,5628.7271,5729.3999,5628.646,5666.7329,564389.38,7691566.5,0.6311,0.16875966
905,2016-05-20,5619.936,5733.25,5600.4922,5732.9019,559360.75,7672935.0,1.1677001,0.16046254
905,2016-05-23,5752.145,5811.6841,5752.0791,5809.4761,627777.94,8582908.0,1.3357,0.1482626
905,2016-05-24,5800.0029,5800.1709,5701.6641,5743.1782,579564.19,7637261.0,-1.1411999,0.15281029
905,2016-05-25,5780.2661,5803.9849,5691.6089,5715.1831,533029.56,7409091.5,-0.4874,0.1522952
905,2016-05-26,5705.0732,5744.855,5598.6621,5744.3882,596657.25,7941681.5,0.51099998,0.1532065
905,2016-05-27,5728.9028,5780.0679,5712.479,5739.5898,599847.06,8077165.0,-0.083499998,0.13613957
905,2016-05-30,5705.9961,5764.7612,5655.6348,5711.3149,488880.03,6512580.0,-0.49259999,0.13564341
905,2016-05-31,5721.8262,5947.4282,5721.8262,5947.3218,952380.75,12390310.0,4.1322999,0.09139716
905,2016-06-01,5957.1758,6013.9038,5949.6372,5973.7798,945139.88,13068357.0,0.44490001,0.09780158
905,2016-06-02,5961.7148,6014.6099,5955.3472,6013.894,812453.06,10878202.0,0.67150003,0.085392274
905,2016-06-03,6016.9492,6062.1382,5992.3208,6032.603,848435.13,11759851.0,0.31110001,0.079785295
905,2016-06-06,6051.9482,6067.4648,6008.9258,6051.8599,735528.19,10211930.0,0.31920001,0.03258803
905,2016-06-07,6048.3198,6052.0488,6010.354,6045.3569,695982.56,9504544.0,-0.1075,0.03851258
905,2016-06-08,6037.4131,6058.1768,5972.7441,6023.8779,734981.63,10210552.0,-0.35530001,0.0357944
905,2016-06-13,5943.7329,5992.335,5746.0,5746.4438,871398.56,11781031.0,-4.6055999,0.09291905
905,2016-06-14,5723.9941,5778.854,5700.5229,5762.7612,620327.06,8136991.0,0.28389999,0.096440345
905,2016-06-15,5701.3882,5972.853,5692.8149,5952.8462,908786.06,12243453.0,3.2985001,0.061799966
905,2016-06-16,5945.4941,5979.1162,5909.687,5930.5449,960314.63,13339713.0,-0.37459999,0.062404603
905,2016-06-17,5937.3198,6002.6172,5918.1929,5964.272,890668.44,11815231.0,0.56870002,0.06427172
905,2016-06-20,5965.8252,5995.0,5908.4819,5985.5688,745301.44,10049197.0,0.35710001,0.059513025
905,2016-06-21,6023.9229,6053.4092,5888.3579,5916.8032,881406.88,11873071.0,-1.1489,0.06172149
905,2016-06-22,5901.1499,6009.0571,5895.9141,6008.8862,724171.44,9302646.0,1.5563,0.047574323
905,2016-06-23,5998.6729,6015.1821,5933.6831,5978.1738,779795.56,10360437.0,-0.51109999,0.0519699
905,2016-06-24,5967.5151,6011.3711,5748.8389,5903.6201,984198.69,12550798.0,-1.2471,0.062100895
905,2016-06-27,5864.7261,6044.3232,5864.6138,6044.2192,840479.06,11158601.0,2.3815999,0.034477357
905,2016-06-28,6018.9121,6111.0708,6012.0508,6107.5112,949527.25,12768293.0,1.0470999,0.025561115
905,2016-06-29,6130.5762,6145.0,6100.084,6120.2021,930552.19,12177535.0,0.2078,0.03277034
905,2016-06-30,6127.9888,6143.2319,6090.9038,6123.4941,772996.63,10344261.0,0.053800002,0.044284325
905,2016-07-01,6133.7178,6163.4258,6095.8501,6111.5391,738144.31,9645434.0,-0.1952,0.047082264
905,2016-07-04,6079.584,6240.603,6078.6279,6231.8809,1000781.9,12565274.0,1.9691,0.022422813
905,2016-07-05,6244.3872,6276.8208,6226.2949,6269.5049,1079288.0,13687496.0,0.60369998,0.023273464
905,2016-07-06,6250.4888,6299.7339,6231.541,6297.397,950696.25,12187595.0,0.44490001,0.015328746
905,2016-07-07,6291.0571,6342.4351,6256.272,6319.793,1124536.0,15162561.0,0.3556,0.0019258384
905,2016-07-08,6308.062,6337.0708,6276.8301,6299.853,880647.44,11685624.0,-0.31549999,-0.004286116
905,2016-07-11,6320.063,6387.0698,6306.1338,6312.499,1036628.7,13977139.0,0.2007,-0.018667853
905,2016-07-12,6309.8188,6395.4351,6248.9341,6395.145,1168737.9,14846857.0,1.3092,-0.056903135
905,2016-07-13,6413.812,6456.772,6392.3999,6446.563,1121220.8,14346736.0,0.80400002,-0.05654131
905,2016-07-14,6437.2769,6458.2881,6410.3989,6455.583,952715.81,12487734.0,0.1399,-0.059946593
905,2016-07-15,6459.626,6469.0449,6409.7969,6441.0161,931929.06,12033771.0,-0.2256,-0.061689228
905,2016-07-18,6426.856,6455.459,6379.0649,6412.0732,893306.25,11629951.0,-0.44940001,-0.04523891
905,2016-07-19,6407.0342,6431.938,6355.479,6431.938,809618.75,10930825.0,0.3098,-0.04038767
905,2016-07-20,6429.689,6454.1792,6404.1538,6417.9219,748203.06,10144529.0,-0.21789999,-0.039367523
905,2016-07-21,6414.8008,6487.022,6405.6021,6442.709,874379.25,11736396.0,0.38620001,-0.040843237
905,2016-07-22,6437.8828,6448.3662,6385.252,6390.9248,864454.94,11481455.0,-0.80379999,-0.026165023
905,2016-07-25,6383.562,6441.3159,6374.2549,6408.7832,810900.38,10567117.0,0.27939999,-0.031471092
905,2016-07-26,6410.8232,6494.7402,6410.8232,6494.4741,815565.56,10316681.0,1.3371,-0.03621956
905,2016-07-27,6499.3379,6515.8779,6154.459,6229.2891,1385278.9,17467332.0,-4.0832,0.004276202
905,2016-07-28,6220.917,6273.3799,6148.8589,6243.2881,913187.13,11443892.0,0.2247,0.00773791
905,2016-07-29,6239.854,6259.1992,6183.165,6202.8921,726813.31,9032655.0,-0.64700001,0.020681433
905,2016-08-01,6179.2021,6179.2021,6046.4019,6109.2778,729102.19,8769164.0,-1.5092,0.037292477
905,2016-08-02,6100.749,6168.6821,6099.25,6168.5088,558050.56,6628810.5,0.96950001,0.032608204
905,2016-08-03,6154.4741,6203.6152,6140.8291,6198.3892,686869.5,8088512.0,0.4844,0.02847443
905,2016-08-04,6194.2031,6245.3052,6174.2402,6238.231,705563.94,8422816.0,0.64279997,0.011776544
905,2016-08-05,6231.5259,6251.3979,6202.8618,6203.2871,675433.56,8140822.5,-0.56019998,0.025155824
905,2016-08-08,6191.647,6290.8999,6152.5791,6290.7559,770478.81,8708772.0,1.41,0.0026081444
905,2016-08-09,6283.2891,6341.7231,6281.0718,6341.5498,781651.25,9279468.0,0.80739999,0.0068616034
905,2016-08-10,6336.5361,6366.0889,6314.5132,6318.2681,771974.25,9137297.0,-0.3671,0.018386351
905,2016-08-11,6304.7769,6318.978,6226.313,6226.313,706845.25,8406850.0,-1.4554,0.039816838
905,2016-08-12,6218.353,6299.0918,6204.9609,6299.0918,686354.75,7760888.0,1.1689,0.027766129
905,2016-08-15,6309.4141,6451.9292,6289.7251,6442.5269,1179814.6,13618872.0,2.2771001,0.005221414
905,2016-08-16,6449.9072,6488.7012,6446.2358,6468.895,1097128.4,13036464.0,0.4093,-0.0069007305
905,2016-08-17,6462.0469,6502.1392,6437.2632,6488.3652,957885.06,11022155.0,0.301,-0.0057633934
905,2016-08-18,6485.9268,6527.1982,6466.3979,6490.4082,1104155.4,12024790.0,0.031500001,-0.0035080998
905,2016-08-19,6485.7202,6516.979,6451.6118,6499.5552,918271.0,10080766.0,0.1409,-0.009989792
905,2016-08-22,6499.7529,6508.7969,6419.563,6420.354,923691.5,10190782.0,-1.2186,0.0050596744
905,2016-08-23,6414.9819,6448.543,6380.915,6428.6982,805729.63,8688214.0,0.13,0.013785995
905,2016-08-24,6432.8789,6466.625,6415.7002,6435.0591,738623.44,8333614.0,0.098899998,0.013694963
905,2016-08-25,6398.564,6398.564,6312.6528,6382.5698,797224.31,9085989.0,-0.81569999,0.017942319
905,2016-08-26,6395.772,6460.8682,6395.73,6410.7339,747857.94,8820084.0,0.4413,0.0044687395
905,2016-08-29,6409.1182,6442.3979,6398.7769,6427.5288,689565.69,8235564.0,0.26199999,0.0031720123
905,2016-08-30,6428.9658,6459.7148,6413.71,6425.7539,615883.5,7408058.0,-0.0276,0.012783263
905,2016-08-31,6422.8008,6441.106,6390.6992,6434.21,652770.06,7503351.0,0.13160001,0.009212459
905,2016-09-01,6434.2612,6445.4321,6380.9009,6381.4761,718861.06,8100450.0,-0.81959999,0.016388983
905,2016-09-02,6371.4922,6403.5718,6320.479,6356.9541,675069.63,7851954.5,-0.38429999,0.029320126
905,2016-09-05,6372.624,6419.7461,6372.624,6391.792,654346.38,7641915.0,0.54799998,0.014308053
905,2016-09-06,6392.6079,6493.3472,6345.6948,6492.9722,868260.88,10482852.0,1.5829999,0.00082698645
905,2016-09-07,6490.3301,6529.811,6483.0879,6494.3159,931902.06,10943148.0,0.0207,0.0033305895
905,2016-09-08,6489.6172,6518.332,6478.6479,6517.9839,724641.38,8782361.0,0.3644,-0.0027908783
905,2016-09-09,6518.6758,6539.3481,6470.9048,6471.0532,786724.63,9531130.0,-0.72000003,0.006356585
905,2016-09-12,6362.77,6383.8428,6283.8159,6291.6362,900417.56,10474291.0,-2.7725999,0.04052666
905,2016-09-13,6324.7441,6340.8721,6284.0371,6320.0322,686366.63,8151286.5,0.4513,0.031012658
905,2016-09-14,6286.6172,6318.271,6260.6528,6278.1582,583196.94,6911238.5,-0.66259998,0.035126816
905,2016-09-19,6292.8071,6344.4502,6292.8071,6344.1812,549787.63,6381391.5,1.0516,0.021493996
905,2016-09-20,6344.7061,6346.9302,6319.7622,6342.0332,545056.13,6274195.0,-0.0339,0.005315472
905,2016-09-21,6342.0039,6362.999,6335.3921,6343.7539,502903.44,6015214.0,0.027100001,0.009126143
905,2016-09-22,6381.1572,6410.5698,6377.1729,6385.6348,629716.0,7395951.5,0.6602,0.024168624
905,2016-09-23,6397.333,6402.6392,6369.2231,6370.583,625783.06,7204648.0,-0.2357,0.02967857
905,2016-09-26,6363.9312,6364.209,6239.8672,6241.5161,721066.56,8092079.0,-2.026,0.05402694
905,2016-09-27,6229.8179,6287.3359,6200.5649,6286.9092,564005.31,6361381.5,0.72729999,0.044478882
905,2016-09-28,6300.8501,6300.8501,6266.7529,6281.2842,491632.63,5555796.5,-0.089500003,0.055383865
905,2016-09-29,6288.918,6323.416,6288.918,6298.791,506915.59,5811282.0,0.27869999,0.04408546
905,2016-09-30,6292.0801,6338.2988,6289.4658,6328.0859,449651.28,5259057.0,0.46509999,0.04545106
905,2016-10-10,6364.5171,6447.936,6345.3311,6447.6929,727240.38,8777559.0,1.8901,0.012480309
905,2016-10-11,6451.0449,6486.6499,6443.748,6486.4248,788508.88,8990767.0,0.60070002,-0.0045983265
905,2016-10-12,6463.8091,6484.0,6452.4141,6482.7378,677184.88,7759576.5,-0.0568,-0.00995365
905,2016-10-13,6480.9292,6501.5571,6468.1318,6484.8311,684716.5,7849410.0,0.032299999,-0.020691996
905,2016-10-14,6476.2612,6477.853,6423.5791,6469.4922,658601.0,7544431.5,-0.23649999,-0.018814351
905,2016-10-17,6478.5112,6487.6709,6394.4868,6413.1489,717047.94,8374364.0,-0.87089998,-0.017532105
905,2016-10-18,6409.7378,6509.2822,6409.7378,6509.2822,736985.06,8604453.0,1.499,-0.05696132
905,2016-10-19,6518.7368,6531.1621,6476.562,6495.2568,750488.06,8727698.0,-0.2155,-0.051544674
905,2016-10-20,6495.8271,6506.5811,6474.7788,6498.2378,655749.13,7563463.5,0.045899998,-0.049527258
905,2016-10-21,6498.9858,6506.6108,6424.4429,6475.2808,731951.25,8361717.0,-0.35330001,-0.043701056
905,2016-10-24,6479.5542,6546.7881,6472.939,6539.4658,860767.44,9311944.0,0.99119997,-0.05009645
905,2016-10-25,6543.4668,6563.5229,6536.9438,6563.354,839232.31,9431537.0,0.3653,-0.052905694
905,2016-10-26,6561.1582,6561.2471,6511.6572,6530.3901,808592.44,9178059.0,-0.50220001,-0.0509789
905,2016-10-27,6522.8872,6529.4678,6488.3628,6517.3589,671030.0,7666291.0,-0.19949999,-0.052330047
905,2016-10-28,6512.0381,6536.835,6455.1479,6455.835,706970.94,7971206.5,-0.94400001,-0.056716427
905,2016-10-31,6441.4351,6460.7729,6408.2729,6452.2061,602536.88,7176841.5,-0.056200001,-0.073876455
905,2016-11-01,6456.999,6508.3638,6450.02,6507.9502,625399.0,7225117.5,0.86400002,-0.07620651
905,2016-11-02,6494.98,6506.7759,6450.0508,6455.1299,722990.69,8289830.5,-0.81160003,-0.08819173
905,2016-11-03,6442.355,6521.0,6436.9072,6483.7319,775498.44,8868329.0,0.44310001,-0.09425015
905,2016-11-04,6482.6011,6502.7412,6449.561,6462.5928,706354.06,8164050.0,-0.32600001,-0.0926578
905,2016-11-07,6461.001,6487.0601,6437.7402,6468.8169,688121.25,7632626.5,0.096299998,-0.088935755
905,2016-11-08,6487.6489,6518.189,6476.4438,6503.1782,724448.75,7850813.5,0.53119999,-0.07510855
905,2016-11-09,6504.4121,6507.8652,6380.5708,6453.5718,880601.0,9651728.0,-0.76279998,-0.065997854
905,2016-11-10,6501.6392,6538.7422,6501.6392,6536.9648,906252.38,9615757.0,1.2922,-0.0857684
905,2016-11-11,6539.3599,6584.4102,6527.4521,6583.8862,1103716.0,11768314.0,0.71780002,-0.09248476
905,2016-11-14,6568.6592,6624.2061,6566.0542,6615.0068,1266693.4,12907281.0,0.4727,-0.10977975
905,2016-11-15,6622.8779,6641.0352,6602.2808,6640.4619,1051109.1,10778460.0,0.38479999,-0.13185617
905,2016-11-16,6647.5288,6658.4282,6630.124,6644.188,954686.75,10279405.0,0.0561,-0.12716949
905,2016-11-17,6633.3101,6646.3091,6596.896,6636.4692,845353.13,8772899.0,-0.1162,-0.11838651
905,2016-11-18,6632.627,6643.9409,6592.8359,6602.3271,812785.5,8690268.0,-0.51450002,-0.11592776
905,2016-11-21,6597.1748,6635.8921,6591.9751,6611.54,787518.44,9065260.0,0.13950001,-0.11910024
905,2016-11-22,6619.8501,6661.541,6617.0698,6661.2461,921778.06,10198460.0,0.7518,-0.14280318
905,2016-11-23,6668.248,6676.668,6617.7749,6631.1729,939632.38,10390438.0,-0.4515,-0.12948777
905,2016-11-24,6635.2241,6656.9658,6607.0278,6623.0488,935863.0,10472024.0,-0.1225,-0.1218845
905,2016-11-25,6620.2192,6652.916,6531.3672,6652.8179,889346.38,10002917.0,0.44949999,-0.12194757
905,2016-11-28,6667.2661,6692.1421,6650.9189,6670.8042,957413.69,10672228.0,0.27039999,-0.10730177
905,2016-11-29,6658.355,6681.8809,6619.0391,6620.7949,1014469.1,11270027.0,-0.74970001,-0.099960476
905,2016-11-30,6605.3608,6615.9209,6568.7959,6585.5781,815268.13,9135496.0,-0.53189999,-0.09358392
905,2016-12-01,6593.5942,6624.8511,6593.0742,6624.4658,778185.06,8766254.0,0.5905,-0.10893117
905,2016-12-02,6617.874,6623.7939,6520.9751,6520.9751,810975.25,9120323.0,-1.5623,-0.08295048
905,2016-12-05,6462.2559,6522.5972,6451.084,6486.0171,668218.19,7562370.5,-0.53609997,-0.08010862
905,2016-12-06,6496.1641,6514.0322,6484.979,6490.8901,520091.97,6162165.0,0.075099997,-0.072366826
905,2016-12-07,6493.0029,6558.2432,6481.9199,6558.0249,594064.13,6781969.0,1.0343,-0.08310809
905,2016-12-08,6561.7222,6562.6572,6522.9609,6527.4341,569897.63,6758960.5,-0.46650001,-0.072007164
905,2016-12-09,6519.395,6534.896,6500.2148,6513.916,592182.94,7150066.5,-0.2071,-0.068624035
905,2016-12-12,6512.959,6519.6279,6241.6118,6249.0781,947367.75,10746324.0,-4.0657001,-0.027345665
905,2016-12-13,6235.5581,6292.8032,6190.3892,6278.1792,652067.25,7594602.0,0.4657,-0.045529794
905,2016-12-14,6269.0811,6299.04,6216.9512,6239.499,689775.81,8106525.0,-0.61610001,-0.036731314
905,2016-12-15,6216.145,6310.7441,6211.2729,6280.3979,647329.75,7520983.0,0.65549999,-0.0268704
905,2016-12-16,6279.2769,6329.1909,6273.001,6318.5239,622041.75,7133084.5,0.60710001,-0.03250093
905,2016-12-19,6319.8569,6330.3818,6297.3672,6320.7319,625791.56,7018056.5,0.034899998,-0.037103456
905,2016-12-20,6314.6108,6315.5361,6275.311,6300.6382,609206.56,6554459.0,-0.3179,-0.029147048
905,2016-12-21,6311.0581,6348.376,6311.0581,6347.606,636328.69,7059455.0,0.74540001,-0.032996725
905,2016-12-22,6341.2012,6350.2729,6313.8579,6341.7881,596172.06,6447821.5,-0.091700003,-0.0259222
905,2016-12-23,6339.3472,6343.855,6277.6602,6281.9971,571824.81,6421856.0,-0.94279999,-0.02151292
905,2016-12-26,6260.3398,6295.2358,6194.2661,6294.7549,544443.56,6086435.5,0.2031,-0.016011903
905,2016-12-27,6291.647,6311.0361,6284.04,6288.8589,492755.25,5643028.5,-0.093699999,-0.0138666015
905,2016-12-28,6288.7319,6295.8911,6257.104,6270.2402,485741.66,5496147.5,-0.29609999,-0.0070537967
905,2016-12-29,6261.8682,6286.7412,6242.9839,6252.6079,450281.41,5111332.0,-0.28119999,-0.007365055
905,2016-12-30,6255.6201,6275.5488,6241.7192,6263.626,469249.38,5455427.0,0.1762,-0.021494243
905,2017-01-03,6273.8179,6320.9531,6273.7529,6320.7632,485777.91,5730300.0,0.91219997,-0.029707015
905,2017-01-04,6321.7471,6395.0039,6314.127,6394.6689,667394.25,7853188.5,1.1693,-0.03827169
905,2017-01-05,6391.584,6412.874,6385.1211,6399.2842,614452.0,7226779.0,0.0722,-0.042277228
905,2017-01-06,6398.8628,6401.7388,6364.8882,6371.6172,649024.75,7372300.0,-0.4323,-0.07771311
905,2017-01-09,6365.3892,6415.4678,6357.3569,6415.418,639790.31,7431036.0,0.68739998,-0.07434962
905,2017-01-10,6412.7622,6428.834,6388.9199,6393.9282,682106.81,7672214.5,-0.33500001,-0.05232625
905,2017-01-11,6381.7051,6402.8989,6331.5068,6331.9639,628433.56,6833189.0,-0.9691,-0.036746845
905,2017-01-12,6325.623,6339.3218,6269.1992,6272.8511,534336.31,5725947.5,-0.93360001,-0.023393381
905,2017-01-13,6272.79,6282.7158,6182.105,6194.6582,536114.81,5844490.5,-1.2465,-0.0044442
905,2017-01-16,6184.1289,6184.3369,5872.395,6031.2412,789583.5,8214841.0,-2.638,0.020287184
905,2017-01-17,6006.0801,6082.2012,5957.0439,6082.0659,505408.97,5401890.5,0.8427,0.010627507
905,2017-01-18,6067.168,6098.7842,6049.9692,6068.5928,461421.81,4840458.5,-0.22149999,0.019020587
905,2017-01-19,6054.7251,6074.4639,6029.6401,6043.6748,444196.16,4585410.0,-0.41060001,0.028424446
905,2017-01-20,6037.5601,6129.5801,6034.9692,6121.998,457173.53,4901308.5,1.2959,0.02874911
905,2017-01-23,6130.4399,6189.1738,6130.1948,6172.167,503897.38,5272741.5,0.81950003,0.018529814
905,2017-01-24,6167.8398,6177.208,6154.0679,6165.2642,501278.03,4957113.0,-0.1118,0.014046211
905,2017-01-25,6156.7759,6187.4331,6152.144,6179.5679,429742.88,4374018.5,0.23199999,0.013334249
905,2017-01-26,6183.1592,6224.1899,6183.1592,6223.7061,405424.78,4194488.5,0.71429998,0.0002264085
905,2017-02-03,6227.4619,6231.604,6190.8281,6207.0918,355414.91,3792919.0,-0.2669,0.0155192
905,2017-02-06,6206.5352,6259.4102,6195.4951,6259.2471,457556.56,5003477.5,0.84020001,0.0071044806
905,2017-02-07,6254.2002,6269.4609,6223.54,6255.9268,509282.31,5395080.5,-0.052999999,0.013442485
905,2017-02-08,6248.4712,6291.7661,6219.021,6291.5981,538851.19,5774214.0,0.57020003,-0.00037848888
905,2017-02-09,6288.8838,6331.3291,6285.728,6331.1768,727223.31,7490371.5,0.62910002,-0.026849179
905,2017-02-10,6329.6831,6350.3389,6320.248,6337.1079,893771.38,8720279.0,0.093699999,-0.0070167338
905,2017-02-13,6341.7271,6370.207,6331.9619,6369.6528,837650.56,8462508.0,0.51359999,-0.008617675
905,2017-02-14,6366.937,6378.062,6346.5928,6374.8848,760686.31,7587918.5,0.082099997,-0.008797963
905,2017-02-15,6367.644,6379.7881,6301.0132,6311.6958,840766.06,8474525.0,-0.99119997,0.00860916
905,2017-02-16,6308.3179,6363.8701,6306.5112,6359.3359,750745.81,7578551.5,0.75480002,-0.0018209448
905,2017-02-17,6356.0918,6365.6958,6300.5098,6307.1631,790799.5,8070573.5,-0.8204,0.015318567
905,2017-02-20,6307.2339,6385.063,6307.2339,6385.063,741266.38,8032570.5,1.2351,-0.0014223822
905,2017-02-21,6390.5078,6434.5352,6386.9038,6434.438,788969.0,8622203.0,0.77329999,-0.017352844
905,2017-02-22,6432.751,6474.4902,6431.4092,6474.2251,875256.44,9559777.0,0.61830002,-0.030217562
905,2017-02-23,6470.6172,6482.248,6435.7461,6473.9932,893666.75,9927724.0,-0.0035999999,-0.019688373
905,2017-02-24,6466.1821,6477.4219,6445.0669,6476.166,762581.25,8542622.0,0.033599999,-0.007964898
905,2017-02-27,6476.376,6480.187,6417.7852,6424.2549,722450.13,8101181.5,-0.80159998,-0.0025057693
905,2017-02-28,6424.9951,6451.292,6414.7842,6450.9702,630311.25,7117020.5,0.41580001,0.000386562
905,2017-03-01,6446.436,6488.8252,6440.8071,6467.6392,724796.69,8317765.5,0.25839999,0.00043085273
905,2017-03-02,6476.106,6484.1162,6431.436,6434.626,720641.75,8409292.0,-0.5104,0.014278825
905,2017-03-03,6417.3892,6457.228,6398.8848,6452.8389,652532.5,7889159.0,0.28299999,0.017332109
905,2017-03-06,6457.5928,6518.042,6457.5928,6517.3242,672776.75,8385315.5,0.9993,0.008367652
905,2017-03-07,6517.8452,6523.3599,6491.2642,6523.187,685349.13,8233058.5,0.090000004,0.012866594
905,2017-03-08,6519.9741,6525.1929,6478.5479,6497.0879,630673.69,7504947.0,-0.40009999,0.009467057
905,2017-03-09,6484.582,6484.8281,6425.0029,6439.3818,642389.81,7394933.0,-0.88819999,0.020933889
905,2017-03-10,6436.7578,6464.603,6436.6392,6447.917,563599.31,6999941.5,0.13249999,0.03128311
905,2017-03-13,6444.5581,6508.0669,6412.708,6507.896,649124.31,8120111.0,0.93019998,0.020915546
905,2017-03-14,6508.3691,6518.7788,6480.0811,6493.4849,602719.94,7454811.5,-0.22139999,0.029397927
905,2017-03-15,6486.2998,6499.542,6471.7212,6486.062,557500.88,6910400.5,-0.1143,0.028695855
905,2017-03-16,6499.832,6543.3408,6499.832,6543.3408,686546.19,8480925.0,0.88309997,0.012027969
905,2017-03-17,6543.5571,6555.5791,6480.291,6483.2461,730637.06,8991115.0,-0.91839999,0.02872157
905,2017-03-20,6484.54,6498.5659,6451.354,6498.3418,616447.81,7636396.5,0.23280001,0.021186667
905,2017-03-21,6494.7729,6516.0098,6484.687,6515.9458,589950.44,7578402.5,0.27090001,0.027091447
905,2017-03-22,6486.3008,6514.6289,6459.9751,6499.793,722733.69,8833215.0,-0.24789999,0.017270226
905,2017-03-23,6502.127,6533.6519,6445.811,6512.187,769111.5,9566508.0,0.19069999,0.009186284
905,2017-03-24,6509.2329,6552.748,6500.0659,6546.6152,835478.25,9976424.0,0.52869999,-0.00867181
905,2017-03-27,6545.4458,6555.7939,6510.4399,6516.0332,774827.38,9160982.0,-0.46709999,0.00071893435
905,2017-03-28,6509.0381,6519.0859,6483.6401,6498.6899,612621.13,7454654.0,-0.26620001,0.012994958
905,2017-03-29,6504.2461,6522.5122,6461.5361,6480.543,856140.5,9414571.0,-0.27919999,0.013463223
905,2017-03-30,6467.063,6471.9351,6369.1201,6375.7441,965127.25,10255915.0,-1.6171,0.035684414
905,2017-03-31,6374.5649,6402.2178,6365.4468,6401.6479,720827.75,8186992.0,0.40630001,0.043226868
905,2017-04-05,6450.896,6539.9668,6450.896,6539.9668,970149.75,11026162.0,2.1607001,0.02530811
905,2017-04-06,6554.7451,6569.7021,6535.0381,6559.6528,974711.38,10653808.0,0.301,0.016284002
905,2017-04-07,6554.2568,6593.9492,6544.2358,6578.7261,1005966.7,11514578.0,0.29080001,0.012216666
905,2017-04-10,6575.46,6595.1992,6556.0781,6566.5439,1025293.3,11794978.0,-0.18520001,0.02181848
905,2017-04-11,6566.8398,6631.9961,6531.5308,6629.166,1277380.5,14820062.0,0.95370001,-0.0015024364
905,2017-04-12,6625.8799,6626.7612,6571.4761,6576.4761,1141730.3,12563406.0,-0.79479998,0.0055450364
905,2017-04-13,6569.2402,6627.7021,6562.7622,6615.7041,877114.38,9572206.0,0.59649998,-0.007900459
905,2017-04-14,6623.4541,6623.8008,6522.791,6528.1621,975111.5,10751893.0,-1.3232,-0.0040995
905,2017-04-17,6500.9492,6502.0361,6426.2798,6456.5981,875322.06,9932375.0,-1.0962,0.017784242
905,2017-04-18,6452.918,6491.8081,6416.1719,6418.2109,801856.44,9141777.0,-0.59450001,0.0303127
905,2017-04-19,6390.3311,6401.4111,6285.9902,6350.647,870004.5,9557725.0,-1.0527,0.039737195
905,2017-04-20,6349.4082,6377.7998,6299.894,6347.7729,791741.56,9205549.0,-0.045299999,0.047279447
905,2017-04-21,6345.771,6364.6738,6296.8101,6300.7129,608711.0,7218753.5,-0.7414,0.058916554
905,2017-04-24,6282.3311,6282.7402,6137.9199,6138.5049,707713.69,7858655.5,-2.5743999,0.08019904
905,2017-04-25,6139.4839,6203.6821,6131.9512,6160.4609,646577.31,7371402.5,0.35769999,0.057025164
905,2017-04-26,6159.8931,6195.3252,6157.3989,6176.3979,697460.31,8143287.5,0.25870001,0.062140945
905,2017-04-27,6157.5181,6205.229,6052.8809,6192.3042,893577.88,10169193.0,0.25749999,0.058241792
905,2017-04-28,6174.1421,6214.1621,6166.7979,6211.8618,667691.69,7670599.5,0.31580001,0.04395848
905,2017-05-02,6205.1011,6216.4951,6186.168,6216.1152,702890.0,8355310.5,0.068499997,0.03392228
905,2017-05-03,6205.6821,6225.627,6174.6919,6197.478,724754.5,8557428.0,-0.29980001,0.050604165
905,2017-05-04,6180.0288,6236.8872,6151.8091,6176.3052,774135.13,8991559.0,-0.3416,0.060818043
905,2017-05-05,6155.1968,6164.2461,6089.0908,6089.6831,715519.94,8129249.0,-1.4025,0.077509254
905,2017-05-08,6076.458,6083.3618,5975.2212,5975.54,671825.56,7631120.0,-1.8744,0.10640245
905,2017-05-09,5953.8389,6012.4429,5919.5991,6012.002,547269.94,6272295.5,0.61019999,0.10465961
905,2017-05-10,6010.73,6038.9731,5885.521,5885.8408,626456.63,7146719.5,-2.0985,0.13343282
905,2017-05-11,5856.415,5873.9058,5731.4829,5872.6392,730543.13,7758839.5,-0.2243,0.12632737
905,2017-05-12,5859.3369,5889.9302,5820.2939,5863.7832,566856.25,6260681.0,-0.1508,0.11492113
905,2017-05-15,5880.6958,5912.2661,5880.6958,5893.5078,497259.34,5891183.5,0.50690001,0.11280231
905,2017-05-16,5882.3301,6014.8809,5839.2202,6014.7339,734266.19,8403610.0,2.0569,0.057726245
905,2017-05-17,6006.4692,6055.918,6001.0391,6027.6499,731469.06,8458869.0,0.2147,0.067276634
905,2017-05-18,5983.3501,6030.1089,5965.3501,5976.2998,600621.25,7097174.0,-0.85189998,0.080326006
905,2017-05-19,5973.7681,5990.4351,5942.6099,5974.9771,550681.5,6466896.5,-0.0221,0.07773499
905,2017-05-22,5962.2861,5987.3071,5873.041,5888.813,608941.38,6610113.0,-1.4421,0.06549694
905,2017-05-23,5879.5591,5893.8159,5760.3252,5764.876,649186.5,7077945.0,-2.1046,0.08901367
905,2017-05-24,5740.4429,5799.6831,5668.7222,5799.25,581308.5,6284534.0,0.59630001,0.0681643
905,2017-05-25,5788.5571,5859.502,5740.7988,5850.8008,706839.56,7535189.0,0.88889998,0.076658085
905,2017-05-26,5843.521,5871.2139,5833.0879,5836.9341,592562.0,6569250.0,-0.237,0.08248065
905,2017-05-31,5887.9409,5913.1841,5820.2061,5824.104,584777.69,6622130.5,-0.2198,0.07543081
905,2017-06-01,5810.4189,5810.5991,5709.689,5709.999,602789.06,6549026.5,-1.9592,0.106201105
905,2017-06-02,5696.8291,5780.502,5655.7622,5772.5171,588688.5,6156250.0,1.0949,0.087847985
905,2017-06-05,5778.189,5830.0532,5777.9512,5815.8018,543332.94,5977583.5,0.74980003,0.054525636
905,2017-06-06,5808.9722,5841.8799,5793.437,5841.5229,487815.0,5323782.0,0.44229999,0.05671129
905,2017-06-07,5838.8809,5955.0239,5836.4409,5955.0151,746660.56,8174200.5,1.9428,0.030303046
905,2017-06-08,5947.9751,5972.728,5940.7241,5958.9771,665065.5,7475301.0,0.066500001,0.040974483
905,2017-06-09,5952.4058,5971.5249,5922.729,5969.2739,621098.75,6957473.5,0.1728,0.053087212
905,2017-06-12,5943.644,5950.043,5896.4048,5902.855,603596.75,7021458.5,-1.1127,0.055965614
905,2017-06-13,5895.4692,5986.8691,5894.2251,5980.0571,604241.69,7075318.5,1.3079,0.049729258
905,2017-06-14,5976.0142,5992.7822,5958.2002,5966.4312,609269.63,7147643.5,-0.2279,0.053239513
905,2017-06-15,5959.4751,6024.376,5959.189,6021.165,649911.13,7327715.5,0.9174,0.03564031
905,2017-06-16,6016.9731,6027.395,6003.2622,6013.0,569125.94,6628770.5,-0.1356,0.031097421
905,2017-06-19,6010.939,6057.4121,6009.2241,6057.4121,592315.88,6731521.5,0.73860002,0.03199883
905,2017-06-20,6061.1099,6089.812,6058.688,6066.9048,661224.06,7779051.0,0.1567,0.02183288
905,2017-06-21,6074.6099,6080.5332,6035.2739,6078.1929,567304.31,6685668.0,0.18610001,0.026373973
905,2017-06-22,6074.3662,6094.5532,5992.335,5992.335,692256.44,8235032.5,-1.4126,0.041811716
905,2017-06-23,5978.2388,6010.314,5923.5508,6010.314,635051.25,7395124.5,0.30000001,0.02916267
905,2017-06-26,6013.479,6111.707,6011.8589,6111.6411,698461.75,8632809.0,1.6859,0.017753972
905,2017-06-27,6109.3701,6128.377,6089.6802,6113.166,623168.5,7556327.5,0.025,0.009812722
905,2017-06-28,6102.228,6110.3481,6075.1421,6086.2109,604794.81,7145033.5,-0.4409,0.019397799
905,2017-06-29,6089.9199,6132.2451,6089.9199,6116.9932,580352.88,7084631.5,0.50580001,0.021878004
905,2017-06-30,6101.3652,6139.0679,6090.252,6138.1558,535212.25,6636172.0,0.34599999,0.031617202
905,2017-07-03,6142.1709,6177.395,6129.8408,6177.395,638253.25,7424824.0,0.63929999,0.03413379
905,2017-07-04,6169.0342,6170.8521,6134.8789,6146.853,631141.94,7670882.5,-0.49439999,0.0440359
905,2017-07-05,6135.7129,6193.9639,6127.5142,6193.9639,686216.38,8304121.5,0.76639998,0.036049612
905,2017-07-06,6187.4302,6211.9648,6149.9312,6201.6538,828718.13,9762627.0,0.1242,0.03942953
905,2017-07-07,6182.4541,6229.8311,6176.7432,6226.0112,793283.06,9388548.0,0.3928,0.035293046
905,2017-07-10,6221.5249,6236.292,6189.0,6206.5571,903710.0,10458175.0,-0.3125,0.03212454
905,2017-07-11,6194.6162,6202.2031,6128.9941,6128.9941,769823.31,9079535.0,-1.2497,0.048449352
905,2017-07-12,6124.957,6143.7979,6050.6499,6132.9922,755795.0,8955464.0,0.065200001,0.043434232
905,2017-07-13,6134.751,6172.6831,6124.3599,6149.9341,791360.06,9625174.0,0.2762,0.01682
905,2017-07-14,6143.3262,6143.459,6107.9092,6128.7402,663863.63,8074368.0,-0.34459999,0.028128553
905,2017-07-17,6108.4521,6108.4521,5860.7798,5876.459,1015361.7,11304098.0,-4.1163998,0.06653684
905,2017-07-18,5854.0718,5938.4341,5842.9561,5938.4341,765643.25,8383152.0,1.0546,0.05866306
905,2017-07-19,5928.0078,6059.5322,5917.6699,6059.3579,1029019.1,10884529.0,2.0362999,0.03515587
905,2017-07-20,6052.5112,6120.1919,6046.4102,6099.2842,938287.69,10575523.0,0.65890002,0.040718548
905,2017-07-21,6089.6582,6136.9731,6080.562,6126.1079,831326.56,9718232.0,0.43979999,0.037363052
905,2017-07-24,6121.3271,6171.8188,6117.2959,6167.1279,972999.25,11432777.0,0.66960001,0.03683593
905,2017-07-25,6159.4121,6170.646,6113.561,6153.5981,892243.06,10268576.0,-0.2194,0.03723329
905,2017-07-26,6151.854,6162.8809,6111.0381,6146.7031,887534.94,10571142.0,-0.112,0.038545508
905,2017-07-27,6136.96,6192.938,6105.9619,6184.021,1040055.4,12128320.0,0.60710001,0.020352906
905,2017-07-28,6170.6582,6229.0562,6165.9922,6215.4629,864678.81,10484855.0,0.50840002,0.01576375
905,2017-07-31,6214.6572,6299.7998,6208.4609,6298.0,1133310.6,12977322.0,1.3279001,-0.017252969
905,2017-08-01,6293.0562,6299.1558,6261.2852,6286.5361,1010815.6,11691791.0,-0.182,-0.04800623
905,2017-08-02,6289.2451,6313.5059,6248.356,6251.8628,1140120.1,13273275.0,-0.55150002,-0.039510418
905,2017-08-03,6240.1519,6288.4351,6236.6602,6261.9678,1001599.4,11316404.0,0.16159999,-0.04211834
905,2017-08-04,6258.8472,6297.1162,6224.2031,6225.1152,1258883.9,14009830.0,-0.58850002,-0.0836693
905,2017-08-07,6227.5181,6304.2671,6217.2891,6303.4209,1085723.1,11407509.0,1.2579,-0.09393136
905,2017-08-08,6302.0259,6322.4692,6281.6182,6303.7158,1203804.4,13124328.0,0.0046999999,-0.085225254
905,2017-08-09,6296.1152,6340.375,6285.0249,6340.022,1153476.5,12398881.0,0.57590002,-0.12383632
905,2017-08-10,6322.8311,6341.48,6246.6582,6289.2168,1126994.8,12793827.0,-0.80129999,-0.093830235
905,2017-08-11,6242.4878,6275.8931,6153.6011,6161.1899,1178606.1,13155916.0,-2.0357001,-0.06885662
905,2017-08-14,6165.1299,6293.3521,6165.1299,6292.6421,898450.25,11333548.0,2.1335001,-0.08546618
905,2017-08-15,6291.1841,6316.1992,6283.5439,6314.7612,826036.63,10758595.0,0.3515,-0.069525056
905,2017-08-16,6307.1709,6323.5601,6268.188,6318.7988,896177.0,11320785.0,0.063900001,-0.0666459
905,2017-08-17,6327.0278,6366.252,6312.8892,6366.0342,987248.88,11945689.0,0.7475,-0.05283572
905,2017-08-18,6324.897,6361.9722,6313.1509,6347.7559,911745.56,11149064.0,-0.28709999,-0.053120945
905,2017-08-21,6354.0962,6404.0498,6354.0112,6403.7798,865217.94,10573363.0,0.88260001,-0.059356038
905,2017-08-22,6396.9258,6398.5649,6362.4092,6375.981,891001.69,11675843.0,-0.4341,-0.04481756
905,2017-08-23,6359.7759,6371.2998,6310.0098,6322.7822,756098.5,9421329.0,-0.8344,-0.042140815
905,2017-08-24,6322.6279,6329.0308,6267.2319,6278.5898,675675.88,8646352.0,-0.69889998,-0.034162402
905,2017-08-25,6274.3511,6358.8872,6274.3511,6346.5308,755497.25,9469894.0,1.0821,-0.031663552
905,2017-08-28,6348.8701,6442.3999,6348.8701,6424.584,948934.0,12334786.0,1.2299,-0.05262554
905,2017-08-29,6420.5679,6439.0791,6393.4761,6408.1572,877041.0,11143449.0,-0.25569999,-0.043170445
905,2017-08-30,6405.896,6462.7568,6405.896,6453.4639,955596.63,11551379.0,0.70700002,-0.038194805
905,2017-08-31,6451.5171,6470.9429,6429.7432,6470.4258,910291.69,11091064.0,0.26280001,-0.026991732
905,2017-09-01,6472.9482,6530.8989,6466.126,6526.5049,1211171.9,14086243.0,0.86669999,-0.0417312
905,2017-09-04,6530.5088,6566.1011,6519.7881,6564.6802,1199840.3,14387686.0,0.58490002,-0.05717922
905,2017-09-05,6561.6729,6576.562,6528.1128,6571.8589,952320.75,12012521.0,0.1094,-0.05960994
905,2017-09-06,6550.061,6610.7451,6540.8252,6607.1182,1054782.4,13623849.0,0.53649998,-0.06974478
905,2017-09-07,6601.3428,6614.1021,6553.6992,6558.5962,1070618.1,13394073.0,-0.73439997,-0.06171476
905,2017-09-08,6554.6011,6599.1318,6537.041,6574.1831,938515.94,12091239.0,0.2377,-0.06091782
905,2017-09-11,6579.8862,6650.1191,6566.2778,6649.6279,1025474.0,13467449.0,1.1476001,-0.078263596
905,2017-09-12,6659.8018,6715.394,6628.8828,6644.0122,1418802.8,19029436.0,-0.0845,-0.08169524
905,2017-09-13,6635.1689,6684.8589,6630.5029,6684.3799,1047224.4,13652160.0,0.60759997,-0.13422756
905,2017-09-14,6683.4731,6701.6909,6643.5879,6672.1851,1139667.9,14542631.0,-0.1824,-0.11528848
905,2017-09-15,6661.521,6663.5098,6603.728,6622.0439,1093842.4,13407714.0,-0.75150001,-0.08868395
905,2017-09-18,6616.1289,6669.4551,6616.1289,6669.4551,888506.0,11067066.0,0.71600002,-0.10437349
905,2017-09-19,6670.9658,6681.2539,6611.751,6636.02,935187.19,11750867.0,-0.50129998,-0.09059091
905,2017-09-20,6627.6919,6692.7119,6613.6572,6692.4722,1019724.9,12653409.0,0.85070002,-0.086326
905,2017-09-21,6684.6499,6687.1162,6612.0459,6612.0459,989374.94,12114362.0,-1.2017,-0.07411957
905,2017-09-22,6591.1499,6592.8848,6547.2769,6572.0098,852364.69,10327419.0,-0.60549998,-0.07795192
905,2017-09-25,6560.1348,6567.998,6484.208,6489.8442,778292.5,9743835.0,-1.2502,-0.07275339
905,2017-09-26,6484.3408,6520.7178,6482.2861,6520.7178,677659.44,8251455.0,0.47569999,-0.07592245
905,2017-09-27,6523.4951,6589.7349,6522.2041,6583.1401,751712.75,9475243.0,0.95730001,-0.0788982
905,2017-09-28,6577.4321,6599.127,6565.8828,6567.792,746258.94,9441908.0,-0.2331,-0.07326347
905,2017-09-29,6572.4502,6611.6528,6572.4502,6603.2588,709362.94,9176978.0,0.54000002,-0.08358355
905,2017-10-09,6682.5771,6696.666,6657.5308,6678.3711,864196.69,11066864.0,1.1375,-0.09750643
905,2017-10-10,6677.3721,6705.7178,6658.8618,6705.481,870051.88,11147929.0,0.4059,-0.103359655
905,2017-10-11,6702.6899,6703.583,6661.0879,6666.4702,907460.5,12091102.0,-0.58179998,-0.11634542
905,2017-10-12,6658.1299,6674.3838,6611.9751,6659.0962,779609.63,9922661.0,-0.1106,-0.1033831
905,2017-10-13,6660.0259,6711.9312,6659.8789,6709.8159,729256.19,9489231.0,0.76169997,-0.10508232
905,2017-10-16,6709.874,6709.874,6609.6191,6619.2061,858710.5,10921661.0,-1.3504,-0.11154966
905,2017-10-17,6604.3301,6644.752,6589.542,6612.9429,594192.5,7877310.0,-0.094599999,-0.119314805
905,2017-10-18,6612.4888,6630.6689,6557.6602,6563.437,733709.69,8896327.0,-0.74860001,-0.09236687
905,2017-10-19,6553.8682,6562.353,6494.731,6501.3999,726157.88,8525346.0,-0.94520003,-0.08336328
905,2017-10-20,6489.79,6571.4419,6485.8052,6571.4238,604793.19,7753339.0,1.0771,-0.110089794
905,2017-10-23,6569.7861,6613.0308,6562.9058,6612.7642,604819.5,7935001.0,0.62910002,-0.11368624
905,2017-10-24,6605.521,6605.8989,6556.3452,6603.0039,591713.13,7860699.5,-0.1476,-0.11323342
905,2017-10-25,6596.791,6648.3872,6593.0752,6647.8921,586469.0,8018343.0,0.67979997,-0.110905245
905,2017-10-26,6639.8872,6686.1191,6630.9751,6671.9292,749058.94,10475221.0,0.36160001,-0.114305064
905,2017-10-27,6664.4292,6673.4658,6622.124,6630.8071,679211.44,9044369.0,-0.61629999,-0.092246085
905,2017-10-30,6621.7788,6629.2998,6460.0479,6511.7622,837641.75,10924959.0,-1.7953,-0.072169125
905,2017-10-31,6496.687,6560.2529,6496.687,6560.2051,622614.38,8814184.0,0.7439,-0.080938354
905,2017-11-01,6559.522,6586.1318,6547.8501,6552.9551,646327.75,9298864.0,-0.1105,-0.07819118
905,2017-11-02,6541.6099,6541.6099,6476.373,6484.9258,675523.5,9087197.0,-1.0381,-0.076112516
905,2017-11-03,6477.8242,6491.0479,6395.458,6426.98,682571.0,8931592.0,-0.89349997,-0.07148393
905,2017-11-06,6432.0742,6512.1348,6408.3599,6511.0962,667176.0,9392441.0,1.3088,-0.07533699
905,2017-11-07,6508.2061,6552.2588,6498.3931,6551.936,723776.75,9732981.0,0.62720001,-0.083618976
905,2017-11-08,6544.5898,6601.4668,6534.1592,6561.6899,738068.0,10162590.0,0.1489,-0.089597516
905,2017-11-09,6562.3579,6611.3862,6558.4902,6611.3521,688184.69,9351420.0,0.7568,-0.09320366
905,2017-11-10,6599.6499,6647.228,6593.0332,6641.2158,800125.0,11220535.0,0.4517,-0.08567958
905,2017-11-13,6644.6919,6671.2559,6624.6709,6671.2051,845967.13,12227042.0,0.45159999,-0.08668567
905,2017-11-14,6664.6118,6673.75,6588.2529,6614.5142,847490.63,12040781.0,-0.84979999,-0.09081045
905,2017-11-15,6592.7578,6603.5078,6505.9922,6537.6558,739491.81,10772490.0,-1.1619999,-0.083368525
905,2017-11-16,6529.314,6570.2759,6511.9028,6558.3091,679401.56,9792841.0,0.3159,-0.09766407
905,2017-11-17,6549.2241,6555.7461,6359.5181,6361.9419,890189.75,11582787.0,-2.9942,-0.0739835
905,2017-11-20,6330.9048,6433.7788,6239.3208,6433.1699,700667.06,9516469.0,1.1196001,-0.092912845
905,2017-11-21,6420.3882,6473.7012,6397.3579,6456.3521,677545.81,9777888.0,0.36039999,-0.11984541
905,2017-11-22,6456.3242,6483.6279,6391.4561,6439.4419,708959.25,9981824.0,-0.26190001,-0.10637052
905,2017-11-23,6427.5762,6427.5762,6274.5122,6274.5122,750097.31,10410522.0,-2.5611999,-0.09393495
905,2017-11-24,6250.0571,6307.8901,6243.9629,6278.0288,590490.56,8225834.5,0.0561,-0.09475584
905,2017-11-27,6269.2261,6279.5879,6186.0342,6194.5518,594074.94,7809282.5,-1.3297,-0.06707083
905,2017-11-28,6188.0889,6299.312,6188.0889,6299.312,564782.31,7141877.5,1.6912,-0.08335104
905,2017-11-29,6293.2461,6329.1768,6245.0601,6318.3682,765639.13,9440900.0,0.30250001,-0.091851264
905,2017-11-30,6303.918,6322.0439,6248.1831,6263.4209,608833.56,7770418.5,-0.8696,-0.094855145
905,2017-12-01,6259.9561,6323.835,6256.228,6316.4072,547462.81,7206472.5,0.84600002,-0.10829737
905,2017-12-04,6311.2158,6334.8711,6272.6689,6279.6211,601881.69,7930155.5,-0.58240002,-0.09336151
905,2017-12-05,6265.7871,6279.3931,6099.4072,6132.9121,696902.31,8740892.0,-2.3362999,-0.08574964
905,2017-12-06,6116.1611,6173.3511,6053.2412,6172.8032,602672.13,7499365.0,0.65039998,-0.09491182
905,2017-12-07,6156.3511,6182.7529,6130.834,6135.4702,530979.75,6924509.0,-0.60479999,-0.10618997
905,2017-12-08,6128.1211,6217.5732,6126.377,6203.1431,555792.44,7239039.0,1.103,-0.17111214
905,2017-12-11,6214.645,6286.5,6214.645,6286.166,611129.06,7739202.5,1.3384,-0.17304221
905,2017-12-12,6281.1392,6290.8472,6233.2119,6233.2119,566144.0,7396480.5,-0.84240001,-0.18352656
905,2017-12-13,6224.7822,6277.7251,6217.7871,6277.4409,503520.0,6467602.0,0.70959997,-0.1779894
905,2017-12-14,6273.6069,6288.502,6247.6768,6284.0811,557592.38,7249781.0,0.1058,-0.18444191
905,2017-12-15,6274.0981,6278.9258,6214.647,6235.7612,619381.13,7769046.5,-0.76889998,-0.1724694
905,2017-12-18,6229.7422,6247.5918,6179.0278,6199.9888,537721.88,6713725.0,-0.57370001,-0.17588593
905,2017-12-19,6200.9341,6251.4922,6200.707,6251.2422,526393.06,6518668.5,0.82669997,-0.1913433
905,2017-12-20,6244.062,6246.9102,6188.3242,6199.3628,578145.31,6944600.5,-0.82990003,-0.15833862
905,2017-12-21,6191.7808,6255.8428,6148.8169,6238.499,592458.56,7390005.0,0.63129997,-0.1762789
905,2017-12-22,6236.2261,6269.314,6235.2261,6242.8848,550106.44,7073658.0,0.070299998,-0.16751133
905,2017-12-25,6244.8638,6257.021,6170.6821,6185.5908,612647.13,7560434.5,-0.91769999,-0.17205253
905,2017-12-26,6179.5601,6220.499,6148.104,6220.147,576716.56,6911751.5,0.55870003,-0.1989316
905,2017-12-27,6213.2432,6228.8828,6168.1309,6173.1528,641975.31,7800965.5,-0.75550002,-0.19058704
905,2017-12-28,6163.9639,6219.5391,6157.105,6204.27,658775.44,7801023.0,0.50410002,-0.17676845
905,2017-12-29,6201.4551,6250.8208,6201.4551,6250.8208,571656.31,7184180.5,0.75029999,-0.1782626
905,2018-01-02,6263.1509,6332.6089,6258.1558,6332.2271,730322.38,8815399.0,1.3023,-0.20467837
905,2018-01-03,6331.7202,6391.98,6324.2598,6388.2529,839367.44,10345469.0,0.88480002,-0.19031025
905,2018-01-04,6380.2671,6418.2559,6375.5132,6417.5352,805436.88,10292966.0,0.45840001,-0.1890678
905,2018-01-05,6414.7661,6435.854,6397.293,6417.2539,815810.19,9764230.0,-0.0044,-0.1904325
905,2018-01-08,6413.873,6446.7881,6393.8818,6446.1821,894769.31,10638959.0,0.4508,-0.19391096
905,2018-01-09,6441.6841,6449.0352,6425.0269,6445.7461,755732.19,9283778.0,-0.0068000001,-0.1999939
905,2018-01-10,6443.4609,6444.3091,6361.0952,6405.9399,809669.75,9893830.0,-0.61760002,-0.20209569
905,2018-01-11,6391.9038,6432.4399,6371.5439,6425.9399,787700.69,9156921.0,0.31220001,-0.19463113
905,2018-01-12,6418.8271,6435.1948,6387.7822,6399.374,778345.56,8977706.0,-0.41339999,-0.18523219
905,2018-01-15,6391.3662,6392.5171,6236.563,6253.376,914740.31,11051292.0,-2.2814,-0.15171564
905,2018-01-16,6245.1528,6301.4048,6245.1128,6301.1328,791697.31,9636486.0,0.76370001,-0.1575075
905,2018-01-17,6288.0171,6288.144,6202.3149,6267.46,841955.0,9969446.0,-0.53439999,-0.15859391
905,2018-01-18,6253.061,6295.7769,6253.061,6286.8008,650152.94,7689681.5,0.30860001,-0.16503002
905,2018-01-19,6284.5962,6316.998,6261.2349,6272.3799,718067.44,8426316.0,-0.22939999,-0.17333595
905,2018-01-22,6264.7549,6347.8149,6248.314,6347.6382,727611.69,8547548.0,1.1998,-0.18257521
905,2018-01-23,6342.688,6362.5801,6330.4561,6354.998,667538.88,8053965.5,0.1159,-0.19663641
905,2018-01-24,6353.2979,6395.5718,6322.9199,6394.2998,773477.25,9475408.0,0.61839998,-0.21867721
905,2018-01-25,6386.7988,6424.3511,6380.8379,6382.7168,810829.38,9599044.0,-0.1811,-0.22764081
905,2018-01-26,6374.1001,6401.4839,6368.9009,6383.6309,690045.5,8247680.0,0.0143,-0.24412124
905,2018-01-29,6385.0371,6398.9702,6295.895,6309.8838,840311.63,9686208.0,-1.1553,-0.21442735
905,2018-01-30,6301.3481,6330.5371,6300.4561,6313.4419,706996.88,8157758.5,0.056400001,-0.22695594
905,2018-01-31,6277.7422,6277.7422,6170.1611,6189.3408,807334.94,8810621.0,-1.9657,-0.19138838
905,2018-02-01,6180.999,6196.7148,5984.2842,5984.7432,949685.25,10212205.0,-3.3057001,-0.15944345
905,2018-02-02,5937.6201,6006.4751,5844.4639,6004.8491,837475.63,8955733.0,0.336,-0.15813456
905,2018-02-05,5927.7368,6016.1572,5907.4692,5998.2241,740465.19,7927707.0,-0.1103,-0.16010427
905,2018-02-06,5886.3462,5920.7402,5702.8501,5704.2642,923407.06,9565594.0,-4.9008002,-0.13524233
905,2018-02-07,5805.9648,5831.811,5630.0869,5711.332,852360.0,8896542.0,0.1239,-0.14409263
905,2018-02-08,5695.666,5786.7852,5691.292,5766.48,624448.0,6633824.5,0.96560001,-0.16707787
905,2018-02-09,5631.96,5663.104,5490.625,5554.897,843188.44,8229167.0,-3.6691999,-0.13001971
905,2018-02-12,5581.7109,5714.8179,5581.7109,5699.0981,572464.94,6143076.0,2.5959001,-0.14162208
905,2018-02-13,5731.147,5789.6982,5727.7539,5736.9512,572086.31,6279050.0,0.66420001,-0.15686609
905,2018-02-14,5741.8838,5761.769,5712.8789,5754.834,413982.22,4248998.0,0.31169999,-0.15485573
905,2018-02-22,5800.9492,5875.7588,5797.9082,5875.7271,596361.06,6199195.0,2.1006999,-0.17418066
905,2018-02-23,5877.7158,5902.936,5848.5229,5897.6768,621478.5,6482510.5,0.37360001,-0.1589797
905,2018-02-26,5926.4209,6032.1362,5917.6172,6029.6802,830739.88,9206485.0,2.2381999,-0.1750463
905,2018-02-27,6025.8828,6042.3892,6000.8809,6010.5571,770221.56,9028513.0,-0.31709999,-0.17778654
905,2018-02-28,5967.8979,6044.0688,5939.6431,6023.6768,709869.19,8226651.0,0.2183,-0.19200163
905,2018-03-01,5987.3589,6090.9951,5974.1182,6090.2251,731017.75,8647040.0,1.1048,-0.2094177
905,2018-03-02,6053.4771,6094.7979,6044.2588,6056.335,734348.31,8613500.0,-0.55650002,-0.2010229
905,2018-03-05,6066.6831,6080.9702,6031.98,6064.0981,673246.94,8211373.0,0.12819999,-0.19356832
905,2018-03-06,6077.3691,6145.8511,6070.7212,6145.5771,834957.69,9990015.0,1.3436,-0.21650414
905,2018-03-07,6133.9468,6149.0972,6082.584,6086.4868,745941.31,8493505.0,-0.96149999,-0.21246108
905,2018-03-08,6073.6709,6131.7051,6073.6709,6131.5142,678899.13,7673302.0,0.73979998,-0.2185001
905,2018-03-09,6131.125,6211.2778,6131.0151,6206.9751,859283.44,9841323.0,1.2307,-0.24200149
905,2018-03-12,6230.813,6295.7808,6230.3911,6295.7778,976622.75,11723750.0,1.4306999,-0.25300688
905,2018-03-13,6285.8018,6297.4321,6251.3989,6254.146,848047.56,9752350.0,-0.6613,-0.24946202
905,2018-03-14,6234.2422,6253.1719,6185.1782,6189.3169,754666.31,8718523.0,-1.0366,-0.23719984
905,2018-03-15,6172.853,6203.2422,6117.5972,6180.1108,721739.19,8297505.5,-0.1487,-0.24433716
905,2018-03-16,6181.3809,6205.8682,6146.3062,6146.3062,650735.31,7564338.5,-0.54699999,-0.25119415
905,2018-03-19,6142.52,6186.6138,6118.2949,6153.834,672332.13,7868189.0,0.1225,-0.2389288
905,2018-03-20,6109.605,6176.4961,6091.5039,6173.6982,674756.63,7842373.5,0.32280001,-0.23273005
905,2018-03-21,6182.1089,6224.5562,6125.1348,6129.2041,794871.63,9252612.0,-0.72070003,-0.22771686
905,2018-03-22,6130.0479,6161.375,6074.6572,6101.228,674074.44,7813586.5,-0.45640001,-0.21241842
905,2018-03-23,5913.3682,5978.4229,5722.7729,5787.1519,1213670.6,12104507.0,-5.1478,-0.17186366
905,2018-03-26,5715.3521,5902.959,5675.3662,5902.959,847729.13,9180971.0,2.0011001,-0.18420051
905,2018-03-27,5956.2358,6043.0532,5956.2358,6034.7749,891992.69,10653887.0,2.233,-0.21200377
905,2018-03-28,5962.564,6036.1582,5949.104,5973.3408,752990.94,9097527.0,-1.018,-0.19630754
905,2018-03-29,5993.9722,6040.8618,5967.6338,6034.8569,688137.38,8274250.5,1.0298001,-0.23005743
905,2018-03-30,6052.1758,6115.2729,6051.021,6114.7378,730464.88,9444533.0,1.3237,-0.24201263
905,2018-04-02,6127.2329,6169.2988,6113.3389,6121.9639,854338.31,10991056.0,0.1182,-0.243725
905,2018-04-03,6039.0679,6066.4438,6008.5088,6059.709,717498.81,8780837.0,-1.0168999,-0.28917032
905,2018-04-04,6077.647,6098.8379,6011.1519,6017.686,672602.0,8313453.0,-0.69349998,-0.28908965
905,2018-04-09,5994.3472,6053.9692,5954.5371,6025.6489,648518.19,7925588.5,0.1323,-0.30312023
905,2018-04-10,6032.4888,6064.3862,5992.9971,6063.7422,694209.88,8161190.0,0.6322,-0.32390213
905,2018-04-11,6082.0322,6110.1768,6073.2202,6086.6128,662488.56,8107982.5,0.37720001,-0.3209059
905,2018-04-12,6073.7661,6091.9829,6039.564,6051.335,605242.38,7270510.0,-0.57959998,-0.33593813
905,2018-04-13,6073.835,6093.3472,6018.0068,6027.187,541576.38,6688560.0,-0.39910001,-0.3151059
905,2018-04-16,6018.1689,6053.9868,5966.1958,6012.4048,709858.63,8715167.0,-0.24529999,-0.2792992
905,2018-04-17,6024.5542,6038.249,5886.0229,5890.8569,719202.56,8800423.0,-2.0216,-0.27793932
905,2018-04-18,5925.8398,5981.3369,5826.6509,5970.6582,762017.13,9819922.0,1.3547,-0.2889414
905,2018-04-19,5965.2368,6041.9858,5962.7139,6004.7329,759985.56,9964895.0,0.57069999,-0.29481944
905,2018-04-20,5984.064,5999.0112,5872.5039,5880.8359,723913.88,9055965.0,-2.0632999,-0.2800413
905,2018-04-23,5885.6118,5913.5679,5761.9722,5823.9209,639524.0,8137496.0,-0.96780002,-0.28527087
905,2018-04-24,5825.4521,5957.8301,5825.4521,5957.1929,679541.19,8516201.0,2.2883999,-0.2942075
905,2018-04-25,5929.4048,5968.8789,5919.5229,5959.4219,603827.88,7886822.0,0.0374,-0.28305936
905,2018-04-26,5951.1919,5955.2622,5846.0801,5847.9771,626383.94,7710759.0,-1.8701,-0.26487675
905,2018-04-27,5865.4419,5886.0039,5808.7832,5860.9839,559978.25,7229576.0,0.22239999,-0.2427985
905,2018-05-02,5861.8408,5894.46,5817.3872,5855.3232,631470.25,7876592.0,-0.096600004,-0.24157439
905,2018-05-03,5843.0898,5911.0869,5779.73,5910.606,676044.88,8381664.0,0.94410002,-0.24912992
905,2018-05-04,5891.1201,5939.9521,5883.7051,5909.2939,554640.5,7363927.5,-0.0222,-0.25284877
905,2018-05-07,5921.313,6023.1929,5918.3789,6019.1411,640333.56,8348502.5,1.8589,-0.27193448
905,2018-05-08,6023.583,6042.0679,6012.127,6041.814,621946.69,8048059.5,0.37670001,-0.27693674
905,2018-05-09,6034.4561,6042.9058,6002.3882,6029.2329,541241.5,6741387.0,-0.20819999,-0.2566736
905,2018-05-10,6036.0059,6052.709,5999.9512,6040.5718,583106.63,7231375.0,0.1881,-0.24451934
905,2018-05-11,6044.9829,6052.542,5989.4282,5991.3418,638472.5,7680740.0,-0.815,-0.2413204
905,2018-05-14,5982.4712,6008.8882,5951.6748,5967.5542,597981.94,7564188.5,-0.39700001,-0.22584465
905,2018-05-15,5972.1621,6021.0161,5947.457,6020.5698,547215.44,6954297.0,0.88840002,-0.22613683
905,2018-05-16,6002.7539,6045.0342,5991.375,6004.0698,583386.38,7411519.0,-0.27410001,-0.22207153
905,2018-05-17,6000.7412,6010.2959,5959.731,5973.7788,529972.75,6596738.0,-0.50449997,-0.24043903
905,2018-05-18,5968.5601,6000.9482,5932.1299,5995.1499,578682.75,7089902.5,0.35769999,-0.2402734
905,2018-05-21,6034.4258,6080.8218,6034.0581,6072.1992,707224.5,8693329.0,1.2852,-0.25046495
905,2018-05-22,6066.251,6092.9072,6052.0898,6092.9072,622668.5,7442913.5,0.34099999,-0.28199068
905,2018-05-23,6080.7261,6081.5332,6012.417,6013.8472,678458.69,8262986.5,-1.2976,-0.27376574
905,2018-05-24,6014.021,6028.502,5986.7231,5992.6211,537118.06,6706613.0,-0.35299999,-0.26782423
905,2018-05-25,5983.9399,5992.48,5909.0449,5917.7979,577938.06,6949201.5,-1.2486,-0.24940713
905,2018-05-28,5910.4819,5938.0718,5858.272,5891.2632,578101.25,6865312.0,-0.44839999,-0.26234782
905,2018-05-29,5884.5898,5921.7202,5832.5518,5835.4458,561799.31,6790192.5,-0.94749999,-0.2499886
905,2018-05-30,5759.4492,5778.042,5675.9121,5682.5879,685278.88,7612763.5,-2.6194999,-0.20543705
905,2018-05-31,5722.9482,5760.2041,5672.1831,5754.4751,560088.56,6519221.5,1.265,-0.21170743
905,2018-06-01,5729.918,5759.498,5654.8398,5685.1162,538335.69,6153390.5,-1.2053,-0.20798416
905,2018-06-04,5692.9702,5707.4932,5652.1362,5683.1489,467502.81,5405030.0,-0.034600001,-0.22383031
905,2018-06-05,5681.2158,5779.8618,5680.4941,5779.0781,474104.69,5645038.5,1.688,-0.23673657
905,2018-06-06,5770.7139,5784.606,5748.7012,5774.2578,481825.09,5630460.5,-0.083400004,-0.24504375
905,2018-06-07,5786.46,5798.3301,5734.6348,5738.0181,473761.91,5408937.0,-0.62760001,-0.23395678
905,2018-06-08,5731.8389,5731.8389,5630.6582,5669.3032,529255.56,5876716.5,-1.1975,-0.22506805
905,2018-06-11,5657.6489,5672.6279,5612.8662,5632.3569,431096.91,4874649.0,-0.65170002,-0.21113713
905,2018-06-12,5638.3481,5693.6128,5594.9229,5693.3462,466453.59,5418950.5,1.0828,-0.23821548
905,2018-06-13,5678.8091,5679.6738,5605.5449,5607.0171,492342.13,5394440.5,-1.5163,-0.22763799
905,2018-06-14,5590.5679,5645.1938,5570.834,5586.9312,444197.09,4986546.5,-0.35820001,-0.2290458
905,2018-06-15,5582.8398,5593.687,5448.0752,5483.9448,564485.75,5953759.5,-1.8433,-0.22539356
905,2018-06-19,5396.6851,5409.4111,5070.2178,5141.71,829863.5,7692284.5,-6.2406998,-0.17152831
905,2018-06-20,5114.061,5222.8828,5090.2212,5198.394,603294.19,5710640.0,1.1023999,-0.18606707
905,2018-06-21,5196.1299,5244.6528,5086.9312,5089.252,632404.75,6042934.5,-2.0994999,-0.16004902
905,2018-06-22,5052.436,5165.0352,5017.5088,5160.123,516892.06,4989872.5,1.3926001,-0.18112181
905,2018-06-25,5196.6479,5211.7612,5121.209,5125.0332,478608.13,4666314.5,-0.68000001,-0.17885317
905,2018-06-26,5059.3828,5170.167,5044.2432,5160.2832,510665.88,4977335.0,0.68779999,-0.19359659
905,2018-06-27,5159.6221,5188.2021,5089.7109,5109.498,498578.41,4861342.5,-0.9842,-0.18425722
905,2018-06-28,5097.5088,5150.6548,5050.3242,5055.1089,477675.19,4666497.5,-1.0645,-0.1826176
905,2018-06-29,5061.0889,5218.9058,5054.0532,5217.7642,572349.38,5789481.0,3.2176001,-0.21176831
905,2018-07-02,5216.853,5238.6382,5100.875,5138.7832,552489.31,5862948.0,-1.5137,-0.18056887
905,2018-07-03,5138.5479,5203.3652,5054.6572,5197.1309,614242.31,6426845.0,1.1354001,-0.1748672
905,2018-07-04,5171.1899,5180.2739,5102.7822,5121.3442,538599.5,5314382.5,-1.4582,-0.16480972
905,2018-07-05,5109.1431,5126.4741,4981.7788,4982.7632,529274.13,5263880.5,-2.7059,-0.13927838
905,2018-07-06,4981.9829,5061.0439,4897.2578,4996.6299,613402.56,6208340.0,0.27829999,-0.14305024
905,2018-07-09,5007.2129,5107.875,5007.2129,5107.5508,529371.56,5578637.5,2.2198999,-0.15519665
905,2018-07-10,5114.1221,5141.7129,5094.2861,5136.5332,522276.69,5456588.5,0.56739998,-0.1654786
905,2018-07-11,5060.0718,5070.4858,4973.9878,5036.1572,589152.63,5881238.0,-1.9542,-0.13677119
905,2018-07-12,5029.2939,5184.0239,5029.2939,5172.5029,680895.69,7121504.0,2.7072999,-0.16155139
905,2018-07-13,5174.5088,5207.3599,5167.1592,5204.186,563542.13,6121464.0,0.61250001,-0.17302513
905,2018-07-16,5201.5278,5216.564,5170.2222,5195.2002,516673.72,5748825.0,-0.1727,-0.16311002
905,2018-07-17,5189.1489,5196.1968,5132.2061,5196.1968,482433.22,5261020.0,0.019200001,-0.15830116
905,2018-07-18,5198.8901,5220.1758,5156.6362,5156.6362,552571.31,5739151.0,-0.76130003,-0.1645228
905,2018-07-19,5153.377,5179.7271,5088.124,5111.3271,504839.34,5146219.0,-0.87870002,-0.1556625
905,2018-07-20,5105.6519,5184.874,5072.165,5175.252,578685.13,5897132.0,1.2507,-0.16174711
905,2018-07-23,5146.6191,5214.3809,5132.3828,5214.0039,684843.13,7120589.0,0.74879998,-0.1717609
905,2018-07-24,5213.394,5315.6709,5211.9419,5304.6411,882018.19,8953103.0,1.7383,-0.18802796
905,2018-07-25,5308.0151,5332.6162,5294.4199,5308.6572,748508.63,7226687.0,0.0757,-0.19861315
905,2018-07-26,5307.3042,5318.8809,5262.311,5273.479,751202.38,6527180.5,-0.6627,-0.20135759
905,2018-07-27,5270.2319,5281.3511,5230.1021,5249.29,617158.88,5414940.0,-0.4587,-0.20437352
905,2018-07-30,5244.772,5255.188,5167.4019,5185.1509,608360.25,5836701.0,-1.2219,-0.17181388
905,2018-07-31,5182.8271,5208.3799,5163.6611,5188.7168,494963.56,4934008.5,0.068800002,-0.15145355
905,2018-08-01,5198.4561,5233.501,5105.374,5105.374,603694.88,5860085.5,-1.6062,-0.13042906
905,2018-08-02,5094.3418,5094.3418,4887.502,4996.0122,743903.25,6778609.0,-2.1421001,-0.0967978
905,2018-08-03,4982.894,5008.2402,4929.75,4929.75,507357.97,4828191.0,-1.3263,-0.08064914
905,2018-08-06,4919.502,4941.1768,4798.8501,4825.251,524552.19,5104689.5,-2.1198001,-0.06683924
905,2018-08-07,4836.313,4956.8721,4797.4531,4956.8721,591457.81,5581344.0,2.7277999,-0.059689477
905,2018-08-08,4940.7788,4952.4189,4877.6641,4880.5688,580830.5,5340861.5,-1.5393,-0.043700766
905,2018-08-09,4862.1538,5030.1621,4856.4819,5004.7729,682648.31,6472784.5,2.5448999,-0.067365475
905,2018-08-10,5000.0488,5037.4932,4990.8301,5030.5151,531850.13,5302520.0,0.51429999,-0.073823854
905,2018-08-13,4981.3428,5064.022,4958.8882,5055.2749,557226.5,5793135.5,0.49219999,-0.054987513
905,2018-08-14,5043.8901,5061.4058,5016.3218,5037.8828,463759.13,4797708.5,-0.34400001,0.0012831581
905,2018-08-15,5035.5659,5038.7749,4929.1982,4932.8062,533499.88,4921932.5,-2.0857,0.021435607
905,2018-08-16,4876.6948,4943.2002,4836.0508,4888.3711,523938.44,4742271.5,-0.90079999,0.02649404
905,2018-08-17,4923.4351,4941.1011,4793.7671,4803.0288,517079.75,4777788.5,-1.7458,0.046275426
905,2018-08-20,4794.2368,4832.9092,4736.5591,4832.6509,516311.13,4775372.5,0.61669999,0.048539445
905,2018-08-21,4831.209,4901.1172,4816.853,4891.98,497379.03,4888352.5,1.2277,0.05442931
905,2018-08-22,4877.0122,4878.8188,4829.605,4837.0181,439222.66,4115004.5,-1.1235,0.09474225
905,2018-08-23,4832.0068,4885.811,4821.1108,4863.665,472638.13,4730248.0,0.55089998,0.1082237
905,2018-08-24,4853.8652,4880.8911,4831.8872,4852.2891,438981.0,4174167.8,-0.2339,0.12495671
905,2018-08-27,4859.125,4964.4512,4859.125,4960.0659,585458.0,5840204.0,2.2212,0.057586797
905,2018-08-28,4964.7339,4983.9399,4954.166,4974.207,534654.38,5302865.5,0.28510001,0.096934825
905,2018-08-29,4972.085,4974.1641,4929.459,4941.9609,532722.13,4512111.0,-0.64829999,0.123238936
905,2018-08-30,4937.6509,4952.6079,4861.0562,4867.1211,541584.63,4742249.5,-1.5144,0.11459396
905,2018-08-31,4854.9648,4862.4438,4805.207,4814.8242,480120.53,4205287.5,-1.0745,0.10045596
905,2018-09-03,4808.3789,4840.1519,4754.8101,4838.873,529026.0,4649575.0,0.49950001,0.107491106
905,2018-09-04,4833.8789,4905.0161,4828.5239,4890.2808,610249.13,5496930.0,1.0624,0.124921724
905,2018-09-05,4877.1138,4886.2729,4814.957,4815.0342,584035.44,4723998.0,-1.5387,0.14686209
905,2018-09-06,4800.9351,4849.1758,4773.8779,4793.3452,458684.94,4457254.0,-0.45039999,0.15071748
905,2018-09-07,4796.8359,4867.5342,4759.4922,4791.7778,536000.75,5324280.5,-0.032699998,0.1664727
905,2018-09-10,4792.5991,4794.0142,4701.2891,4704.8779,513264.75,4537600.5,-1.8135,0.19495983
905,2018-09-11,4702.835,4738.2588,4669.418,4702.9028,499680.06,4221566.0,-0.041999999,0.18005222
905,2018-09-12,4700.8999,4733.583,4681.127,4693.9741,425408.81,3852481.0,-0.1899,0.14932013
905,2018-09-13,4727.4302,4752.897,4655.2139,4721.2119,556921.0,4727921.5,0.58029997,0.15391557
905,2018-09-14,4720.7778,4724.0029,4669.9429,4670.0801,564479.31,4493192.0,-1.0829999,0.14989954
905,2018-09-17,4649.9502,4649.9502,4586.3159,4602.3901,493389.47,3790586.3,-1.4493999,0.20538583
905,2018-09-18,4588.2339,4684.2891,4584.4341,4683.5059,544323.25,4457916.0,1.7625,0.22938628
905,2018-09-19,4673.9482,4772.9521,4664.1299,4736.8931,670558.56,5567137.5,1.1399,0.2192696
905,2018-09-20,4734.4819,4761.4082,4723.3052,4733.481,563989.75,4357434.0,-0.071999997,0.23292711
905,2018-09-21,4743.8052,4813.29,4721.688,4805.2148,658951.94,5250771.0,1.5154999,0.22191377
905,2018-09-25,4774.792,4810.3428,4763.2061,4792.5508,526542.38,4264165.0,-0.26350001,0.2201498
905,2018-09-26,4794.0698,4841.7041,4782.3911,4815.6309,647195.56,5170976.0,0.48159999,0.21646489
905,2018-09-27,4812.645,4817.6172,4754.2769,4755.3799,614376.75,4709783.0,-1.2512,0.2303457
905,2018-09-28,4762.335,4802.1582,4746.1768,4800.729,572686.38,4593874.0,0.95359999,0.19298023
905,2018-10-08,4722.418,4737.2891,4639.3999,4646.4932,632756.63,4949483.0,-3.2128,0.22982386
905,2018-10-09,4652.4878,4685.2178,4612.6348,4634.894,504374.53,4124402.0,-0.24959999,0.2203047
905,2018-10-10,4634.6392,4655.5459,4586.8862,4629.8882,513396.38,3954108.0,-0.108,0.24776474
905,2018-10-11,4483.2661,4503.1982,4274.7002,4307.4209,905636.0,6448031.5,-6.9649,0.34830776
905,2018-10-12,4267.356,4300.0059,4136.6289,4278.0352,815251.5,5670063.5,-0.68220001,0.34995872
905,2018-10-15,4283.356,4317.71,4195.8311,4199.1528,622918.5,4484900.0,-1.8439,0.38365534
905,2018-10-16,4193.3789,4221.3418,4076.8711,4099.6831,610766.56,4401588.0,-2.3687999,0.3959718
905,2018-10-17,4147.3462,4167.7598,4038.4241,4133.3828,695238.81,4713771.5,0.82200003,0.3616116
905,2018-10-18,4104.334,4104.334,4013.6489,4018.4609,597839.13,4038260.8,-2.7802999,0.41340834
905,2018-10-19,3958.446,4130.9331,3948.5591,4127.9849,695615.75,4993702.5,2.7255001,0.32229623
905,2018-10-22,4165.7568,4375.5991,4165.7568,4333.145,929583.19,6951100.0,4.9699998,0.24806134
905,2018-10-23,4336.4458,4350.729,4228.3291,4253.5562,746680.63,5444839.5,-1.8367,0.23792912
905,2018-10-24,4233.8379,4297.3711,4207.165,4245.4878,628234.81,4426471.0,-0.18970001,0.25016496
905,2018-10-25,4124.1851,4240.584,4103.5601,4234.4209,696872.06,4837184.0,-0.26069999,0.15926073
905,2018-10-26,4260.9102,4294.5552,4217.79,4233.959,679836.19,4682410.0,-0.0109,0.17464618
905,2018-10-29,4220.6348,4227.644,4144.8062,4162.5259,574515.69,4127810.3,-1.6871001,0.18863937
905,2018-10-30,4145.397,4233.7939,4096.1362,4204.542,728346.5,5230815.5,1.0094,0.16265056
905,2018-10-31,4207.7588,4298.2432,4204.3599,4272.5518,746877.63,5324330.5,1.6174999,0.18531582
905,2018-11-01,4299.46,4367.73,4294.8672,4298.9839,860591.44,6500469.0,0.61860001,0.16443883
905,2018-11-02,4366.7339,4437.9819,4360.875,4437.9458,968921.69,7580881.0,3.2323999,0.118898705
905,2018-11-05,4427.6318,4466.1362,4375.041,4440.8271,877772.75,6615514.0,0.064900003,0.14315534
905,2018-11-06,4427.3569,4440.105,4385.3271,4438.0972,698030.5,5121925.5,-0.061500002,0.15102457
905,2018-11-07,4437.7222,4479.6938,4414.0698,4415.1362,780863.69,5889653.5,-0.51740003,0.11946243
905,2018-11-08,4442.6558,4450.9819,4379.8828,4382.3291,721453.56,5152222.5,-0.74309999,0.12350282
905,2018-11-09,4363.2139,4396.3931,4348.812,4368.6138,674249.63,4584635.0,-0.31299999,0.14678779
905,2018-11-12,4360.6318,4481.7739,4354.4678,4481.688,869905.38,5994962.0,2.5883,0.11038365
905,2018-11-13,4430.9502,4588.4961,4422.9482,4563.5352,1287103.6,8498205.0,1.8263,0.06779496
905,2018-11-14,4551.7969,4600.1289,4534.5239,4545.5088,1125988.3,7402376.5,-0.39500001,0.06517378
905,2018-11-15,4540.8809,4619.814,4539.9561,4619.814,983052.0,6966888.5,1.6346999,0.07427416
905,2018-11-16,4625.0039,4691.561,4609.832,4659.0972,1106718.3,8238107.0,0.85030001,0.06361503
905,2018-11-19,4660.4751,4677.9668,4612.4839,4670.7368,1110151.0,8254916.5,0.2498,0.0612595
905,2018-11-20,4629.126,4645.8999,4535.874,4537.4492,1031242.3,7630024.0,-2.8536999,0.08572076
905,2018-11-21,4483.3779,4564.5342,4476.416,4554.6748,901566.25,6529860.0,0.37959999,0.078452624
905,2018-11-22,4562.6421,4583.373,4528.2412,4551.3262,752749.94,5415729.0,-0.0735,0.06646166
905,2018-11-23,4542.1099,4547.5151,4365.3491,4374.7642,920748.25,6424513.5,-3.8794,0.096153505
905,2018-11-26,4371.4238,4408.1138,4347.7471,4367.4619,685847.0,4564165.0,-0.16689999,0.09533301
905,2018-11-27,4393.29,4416.3569,4361.0229,4387.6519,623527.13,4383222.5,0.4623,0.06635264
905,2018-11-28,4389.832,4441.8569,4333.0552,4441.8569,725079.31,5058174.5,1.2354,0.06380379
905,2018-11-29,4462.793,4473.3071,4344.8999,4345.7031,771024.81,5260967.5,-2.1647,0.12788934
905,2018-11-30,4334.041,4385.0029,4291.811,4376.6509,638487.88,4402626.5,0.71219999,0.111236036
905,2018-12-03,4483.6631,4536.832,4460.3882,4515.1738,962657.5,7261744.5,3.165,0.08027977
905,2018-12-04,4506.2471,4538.4229,4492.0571,4536.21,762802.13,5631556.0,0.4659,0.05716598
905,2018-12-05,4456.1982,4532.2788,4445.9731,4502.7021,742759.75,5525192.5,-0.73869997,0.06665257
905,2018-12-06,4476.8101,4483.3159,4405.8359,4411.0879,660475.94,5205136.0,-2.0346,0.08752015
905,2018-12-07,4419.6089,4432.3301,4397.4238,4410.959,517550.53,4125320.3,-0.0029,0.10155547
905,2018-12-10,4381.3799,4396.4048,4350.2271,4359.312,539403.5,4010318.5,-1.1709,0.1365862
905,2018-12-11,4373.0269,4398.063,4365.1182,4395.5698,504307.81,3719424.3,0.83170003,0.14235592
905,2018-12-12,4408.9141,4417.604,4381.3242,4393.3242,480936.13,3582607.0,-0.051100001,0.1435999
905,2018-12-13,4405.0859,4471.2568,4378.46,4443.1572,636139.13,4777555.5,1.1343,0.11969655
905,2018-12-14,4436.002,4439.0459,4331.3789,4337.103,657865.44,4733530.5,-2.3868999,0.14421867
905,2018-12-17,4322.5942,4341.2031,4285.2139,4330.647,515028.16,3856189.3,-0.1489,0.15628979
905,2018-12-18,4308.0479,4339.4038,4266.4521,4307.2681,513034.78,3732789.8,-0.5399,0.14933175
905,2018-12-19,4311.2788,4315.1079,4245.1499,4247.8989,462601.75,3385434.8,-1.3783,0.20065527
905,2018-12-20,4240.373,4274.0122,4225.1348,4259.7612,469678.53,3473100.0,0.27919999,0.19359043
905,2018-12-21,4246.4292,4260.2891,4204.4858,4231.144,471104.25,3537480.3,-0.67180002,0.1913381
905,2018-12-24,4227.354,4276.9751,4215.0229,4274.7222,418419.41,3270612.3,1.0299,0.1755199
905,2018-12-25,4233.543,4244.9521,4132.7642,4225.5122,603836.75,4375031.5,-1.1512001,0.19338436
905,2018-12-26,4218.6621,4241.3511,4194.3052,4208.4048,450329.34,3432858.5,-0.40490001,0.1573936
905,2018-12-27,4263.335,4272.8081,4159.7661,4161.27,542193.94,4032776.5,-1.12,0.17310917
905,2018-12-28,4168.9399,4192.6958,4138.9351,4168.0361,499641.84,3735005.8,0.1626,0.16214569
905,2019-01-02,4176.1099,4179.7231,4125.936,4131.957,474944.5,3557246.3,-0.86559999,0.1724582
905,2019-01-03,4131.6948,4182.1982,4110.5269,4112.8071,554912.44,4110371.3,-0.46349999,0.1820559
905,2019-01-04,4075.6221,4210.8789,4071.6899,4210.8789,734487.38,5223068.0,2.3845999,0.16966656
905,2019-01-07,4235.0352,4297.0239,4223.459,4288.3232,811534.5,5923130.5,1.8391,0.15011059
905,2019-01-08,4278.2798,4289.6279,4264.6001,4277.2969,695569.38,4970013.0,-0.25709999,0.15238318
905,2019-01-09,4286.231,4354.1992,4280.6558,4288.772,851535.94,6151093.0,0.2683,0.12948623
905,2019-01-10,4289.5591,4319.4941,4274.1958,4281.8608,689108.88,4924314.0,-0.1611,0.13938545
905,2019-01-11,4282.394,4316.541,4267.2891,4314.876,683550.88,4659996.0,0.77100003,0.10700173
905,2019-01-14,4317.5239,4325.9468,4278.7612,4286.5469,676796.13,4476595.5,-0.65649998,0.12536223
905,2019-01-15,4282.9858,4350.9341,4271.6362,4347.356,720051.81,5060814.5,1.4186,0.12091738
905,2019-01-16,4347.0762,4364.0962,4330.7441,4336.8779,692747.44,5003006.5,-0.241,0.12791811
905,2019-01-17,4334.6309,4347.1792,4297.668,4303.731,745621.13,4842113.5,-0.76429999,0.13810782
905,2019-01-18,4307.1392,4351.438,4297.4771,4347.811,833716.13,5547693.5,1.0242,0.12631807
905,2019-01-21,4354.7002,4395.063,4352.8101,4373.6328,727815.31,5293764.5,0.59390002,0.12559015
905,2019-01-22,4370.8569,4370.8569,4291.9619,4308.252,694966.75,4782660.0,-1.4949,0.1380957
905,2019-01-23,4298.938,4322.8901,4292.0869,4315.6851,584857.38,4057187.5,0.1725,0.12855065
905,2019-01-24,4318.709,4363.2178,4292.8301,4338.1699,706303.06,5157206.0,0.52100003,0.10874401
905,2019-01-25,4341.4131,4359.4639,4315.9531,4318.4419,716574.75,5250491.0,-0.45480001,0.100393385
905,2019-01-28,4341.4922,4370.8979,4297.9629,4307.2202,672799.38,4928748.0,-0.2599,0.079713315
905,2019-01-29,4301.4692,4301.4692,4188.5942,4254.2881,777537.25,5422381.0,-1.2289,0.08745898
905,2019-01-30,4235.2749,4266.8809,4211.1909,4211.624,585137.69,4246676.0,-1.0028,0.1055358
905,2019-01-31,4203.9771,4240.7158,4151.4141,4176.4741,715112.06,4769471.5,-0.83459997,0.10149205
905,2019-02-01,4189.1099,4295.0381,4189.1099,4294.27,660996.75,4769347.0,2.8204999,0.09099915
905,2019-02-11,4306.2012,4403.728,4306.2012,4402.8672,752973.56,5674368.0,2.5288999,0.058035135
905,2019-02-12,4398.4429,4452.501,4394.834,4439.4849,852711.56,6158892.5,0.83170003,0.055041272
905,2019-02-13,4442.728,4526.27,4433.0269,4512.4092,1132189.0,8294046.5,1.6426001,0.043023713
905,2019-02-14,4507.8408,4555.2329,4494.5518,4532.1699,948285.31,7016406.0,0.43790001,0.042031344
905,2019-02-15,4523.9448,4544.3862,4497.3862,4502.7349,935116.06,6725462.0,-0.64950001,0.08268335
905,2019-02-18,4527.9692,4660.999,4527.9692,4660.999,1241240.0,9218994.0,3.5148001,0.045399494
905,2019-02-19,4683.3252,4706.5249,4614.2778,4667.2842,1438747.6,10570425.0,0.1348,0.046158962
905,2019-02-20,4667.353,4677.978,4619.46,4667.624,1202131.3,8730339.0,0.0073000002,0.04719534
905,2019-02-21,4666.2808,4750.418,4643.1099,4659.1431,1459511.1,11132912.0,-0.18170001,0.0490989
905,2019-02-22,4651.5381,4777.2979,4649.2158,4777.2979,1461661.4,11154008.0,2.536,0.016360734
905,2019-02-25,4840.543,5045.0762,4835.4829,5044.3472,2417835.8,19054118.0,5.5900002,-0.021454351
905,2019-02-26,5059.2842,5149.623,5004.5518,5038.5439,2628332.8,19625756.0,-0.115,-0.021901188
905,2019-02-27,5027.3882,5093.7949,4964.623,5017.8838,2088540.9,15547204.0,-0.41,-0.016680278
905,2019-02-28,5017.4399,5072.6689,4994.0498,5025.291,1560428.8,11697225.0,0.1476,-0.027619675
905,2019-03-01,5047.228,5067.3071,4984.9932,5067.2251,1498283.3,11276539.0,0.83450001,-0.011629482
905,2019-03-04,5112.9521,5253.3882,5108.2822,5158.2471,2324468.8,18378174.0,1.7963001,-0.022113306
905,2019-03-05,5146.6201,5295.2881,5125.1538,5295.2881,2068912.6,16804574.0,2.6566999,-0.038151275
905,2019-03-06,5328.1279,5395.5542,5256.793,5390.0288,2649643.3,20951326.0,1.7891999,-0.046683237
905,2019-03-07,5381.2271,5512.644,5353.5742,5458.6152,2669672.3,21481170.0,1.2725,-0.055687565
905,2019-03-08,5340.106,5480.1729,5245.5308,5245.7002,2856802.5,22986770.0,-3.9005001,0.0033854013
905,2019-03-11,5279.751,5456.4199,5272.1899,5456.3809,2142522.3,18576688.0,4.0163002,-0.038684193
905,2019-03-12,5500.936,5591.686,5458.7598,5551.0029,2493340.0,21621610.0,1.7342,-0.06011741
905,2019-03-13,5557.1558,5557.1558,5388.2461,5424.8638,2243492.3,20148372.0,-2.2723999,-0.03359568
905,2019-03-14,5381.1099,5432.521,5236.7529,5298.502,1786086.8,15428929.0,-2.3292999,-0.009089776
905,2019-03-15,5328.8091,5418.3291,5308.062,5359.0088,1528464.6,13968159.0,1.142,-0.0407834
905,2019-03-18,5387.376,5501.1831,5333.2559,5501.1831,1726552.5,15388384.0,2.6530001,-0.06546683
905,2019-03-19,5505.6992,5555.123,5486.7988,5522.1802,1667139.3,15023366.0,0.38170001,-0.059851598
905,2019-03-20,5518.3091,5533.0532,5415.7549,5515.7861,1768207.4,15438010.0,-0.1158,-0.05643823
905,2019-03-21,5525.9922,5634.6621,5513.3921,5589.478,2071500.5,18400510.0,1.336,-0.07478231
905,2019-03-22,5591.043,5625.0952,5505.8062,5622.1401,1819548.3,16861042.0,0.58429998,-0.07851066
905,2019-03-25,5521.251,5629.228,5507.3579,5549.6709,1784329.4,16638428.0,-1.289,-0.08336748
905,2019-03-26,5571.5249,5589.4131,5380.854,5394.8789,1761647.3,16053992.0,-2.7892001,-0.07871144
905,2019-03-27,5431.978,5447.8799,5333.7852,5447.8799,1449566.1,13471450.0,0.9824,-0.08117837
905,2019-03-28,5432.9438,5487.7651,5370.123,5370.123,1492610.9,14131249.0,-1.4273,-0.079927444
905,2019-03-29,5370.4209,5550.7598,5346.2139,5547.6558,1783330.1,16495457.0,3.3059001,-0.10921633
905,2019-04-01,5591.665,5763.5811,5591.665,5757.8379,2211816.3,20846484.0,3.7887001,-0.13457896
905,2019-04-02,5794.7881,5833.022,5750.3301,5775.5498,2287502.8,21601760.0,0.30759999,-0.1262548
905,2019-04-03,5744.2222,5843.4678,5724.126,5836.0371,1991047.6,18230428.0,1.0473,-0.13374144
905,2019-04-04,5868.3921,5894.9878,5813.4619,5871.5581,2088348.6,19684526.0,0.60860002,-0.12610404
905,2019-04-08,5921.2109,5939.498,5765.9072,5847.6299,2383174.8,22290710.0,-0.4075,-0.13452065
905,2019-04-09,5834.29,5877.8398,5798.374,5858.0459,1793635.0,16907256.0,0.1781,-0.13992548
905,2019-04-10,5826.0259,5906.4268,5782.3691,5850.7612,1787536.1,17267158.0,-0.1244,-0.14030775
905,2019-04-11,5852.6362,5866.9219,5720.5518,5727.1748,1658760.8,15739702.0,-2.1122999,-0.13363792
905,2019-04-12,5720.0479,5749.3369,5673.7451,5714.3682,1400783.4,12612198.0,-0.2236,-0.13358134
905,2019-04-15,5795.501,5815.3921,5654.3442,5655.9829,1577541.4,14793291.0,-1.0217,-0.11499853
905,2019-04-16,5625.1221,5777.0112,5583.6138,5777.0112,1560296.4,14739454.0,2.1398001,-0.14017913
905,2019-04-17,5776.6348,5840.625,5757.9951,5807.729,1698001.5,15885683.0,0.53170002,-0.14626749
905,2019-04-18,5804.3008,5826.6738,5762.5679,5775.1709,1513225.0,14140685.0,-0.56059998,-0.13516535
905,2019-04-19,5762.501,5810.1802,5710.7949,5810.1802,1487242.9,13350730.0,0.60619998,-0.1249036
905,2019-04-22,5821.0229,5824.521,5704.9771,5723.042,1581610.3,14341062.0,-1.4997,-0.12499106
905,2019-04-23,5710.7329,5710.7329,5610.7349,5628.062,1498714.6,13376825.0,-1.6596,-0.12085279
905,2019-04-24,5636.4019,5682.479,5568.4082,5679.7261,1347844.1,12197072.0,0.91799998,-0.13421582
905,2019-04-25,5652.0059,5662.79,5457.8252,5458.4189,1514017.1,13209871.0,-3.8964,-0.09088141
905,2019-04-26,5427.623,5496.0352,5407.1938,5408.0308,1242798.8,10897082.0,-0.92309999,-0.07769832
905,2019-04-29,5405.1641,5421.6572,5252.0488,5265.6011,1386723.9,11971320.0,-2.6336999,-0.045635417
905,2019-04-30,5244.0449,5349.9438,5244.0449,5307.5601,1021903.4,9084965.0,0.79689997,-0.062707946
905,2019-05-06,5122.4702,5125.1621,4874.6431,4908.7979,1433862.4,11659752.0,-7.5131001,0.020018954
905,2019-05-07,4933.043,4990.1938,4886.0571,4973.4038,1165736.9,9766095.0,1.3161,0.0029939455
905,2019-05-08,4865.7881,5028.5259,4842.5601,4947.7422,1077381.3,8850343.0,-0.51599997,-0.014467811
905,2019-05-09,4897.978,4955.7842,4879.6948,4888.4131,909346.56,7543886.0,-1.1991,-0.0013909013
905,2019-05-10,4940.481,5064.3232,4842.6069,5064.3232,1221774.9,10392682.0,3.5985,-0.03727649
905,2019-05-13,5009.4751,5040.5039,4985.188,5005.9038,917363.94,8126940.0,-1.1535,-0.018737055
905,2019-05-14,4942.394,5018.4131,4941.9268,4965.6118,875409.69,7826915.0,-0.80489999,-0.019569552
905,2019-05-15,5002.605,5086.73,4999.3369,5076.5552,974638.63,8815003.0,2.2342,-0.036263626
905,2019-05-16,5071.1089,5118.4448,5059.207,5108.3589,1044221.7,9120618.0,0.62650001,-0.026083935
905,2019-05-17,5112.2412,5116.9932,4923.6729,4942.5791,1190712.1,10393111.0,-3.2453001,0.0007479496
905,2019-05-20,4937.1768,4947.7461,4835.8091,4923.5591,956865.0,8427152.0,-0.38479999,0.0045008296
905,2019-05-21,4917.3418,5026.2842,4904.8232,5009.873,1008370.8,9130126.0,1.7531,-0.021116303
905,2019-05-22,5002.1602,5018.1089,4941.0098,4976.3931,940927.06,8650794.0,-0.66829997,-0.015049273
905,2019-05-23,4955.252,4957.9858,4860.188,4872.9199,905636.81,8258276.5,-2.0792999,0.0018966452
905,2019-05-24,4848.5762,4892.459,4831.335,4841.7568,779334.38,6930538.0,-0.63950002,0.012908538
905,2019-05-27,4848.6421,4974.2681,4824.1421,4962.9468,930764.13,8167835.5,2.503,-0.014847429
905,2019-05-28,4965.5908,5002.249,4933.897,4955.4858,902639.88,8364197.5,-0.1503,-0.012217551
905,2019-05-29,4943.5679,4992.9888,4930.4312,4956.8638,858768.5,7864129.5,0.027799999,-0.010378115
905,2019-05-30,4933.501,4933.854,4865.7749,4926.4028,947796.0,8082255.0,-0.61449999,1.0616265e-05
905,2019-05-31,4923.9199,4969.0508,4902.7378,4912.001,867167.31,7573111.5,-0.29229999,0.0017644541
905,2019-06-03,4921.708,4942.0649,4838.3521,4853.8149,985408.31,8358069.0,-1.1846,0.023442838
905,2019-06-04,4847.6631,4853.811,4768.0391,4795.4131,867516.5,7725079.5,-1.2032,0.044854674
905,2019-06-05,4837.895,4850.8042,4777.978,4783.8252,813001.63,7277285.5,-0.24160001,0.050331857
905,2019-06-06,4776.4902,4776.688,4668.541,4678.7842,834169.31,7042964.0,-2.1958001,0.079137355
905,2019-06-10,4693.7632,4750.542,4662.7808,4725.2642,733613.81,6326536.5,0.99339998,0.06391465
905,2019-06-11,4730.8091,4903.8672,4728.4829,4901.4722,1168114.5,9966992.0,3.7291,0.022550123
905,2019-06-12,4889.3608,4917.0918,4852.9829,4863.4922,1078475.6,9468523.0,-0.77490002,0.0432187
905,2019-06-13,4855.54,4892.5811,4831.519,4877.6509,961725.38,7969710.5,0.2911,0.059124403
905,2019-06-14,4880.2261,4893.9282,4786.1948,4795.5269,1028038.9,8314066.5,-1.6837,0.09186375
905,2019-06-17,4796.1201,4826.5962,4779.6431,4802.8188,733611.38,6409000.0,0.1521,0.09001093
905,2019-06-18,4804.3018,4825.625,4773.5498,4797.147,665239.0,5669490.5,-0.1181,0.09267817
905,2019-06-19,4902.96,4931.1099,4856.9028,4858.916,982743.75,8824682.0,1.2876,0.06704351
905,2019-06-20,4853.209,4987.5952,4837.1758,4954.7339,1196959.6,10280434.0,1.972,0.026160276
905,2019-06-21,4973.585,5045.7148,4973.585,5021.3052,1228142.1,10683274.0,1.3436,0.028033469
905,2019-06-24,5032.375,5038.48,4996.1699,5024.2051,996201.56,8644222.0,0.057799999,0.0316257
905,2019-06-25,5020.2012,5020.2012,4910.1968,4974.9878,992021.81,8571385.0,-0.97960001,0.04907596
905,2019-06-26,4943.7749,4991.1279,4928.7329,4962.5942,700356.88,6420672.0,-0.2491,0.043646265
905,2019-06-27,4974.9858,5030.3721,4972.6699,5007.4829,816312.69,7711771.0,0.90450001,0.04682095
905,2019-06-28,5005.1919,5005.1919,4920.4351,4950.48,771646.25,7027142.0,-1.1384,0.06407098
905,2019-07-01,5044.6641,5100.2622,5016.2358,5100.2622,1116302.1,10815718.0,3.0256,0.05212987
905,2019-07-02,5092.8418,5102.4092,5066.251,5084.4102,970806.38,9161811.0,-0.31079999,0.058261823
905,2019-07-03,5074.71,5074.71,5021.896,5040.7231,853585.88,7921021.5,-0.8592,0.07818858
905,2019-07-04,5046.8828,5067.9971,5002.332,5025.021,801471.88,7201647.5,-0.31150001,0.09449091
905,2019-07-05,5026.332,5055.0151,5001.5229,5042.6602,649041.44,6055201.0,0.35100001,0.07558247
905,2019-07-08,5028.6348,5028.6348,4855.2148,4870.7808,917660.75,8143128.0,-3.4085,0.12867798
905,2019-07-09,4868.4751,4892.5581,4838.937,4881.624,610125.13,5675542.0,0.2226,0.12262394
905,2019-07-10,4891.9111,4896.041,4829.2852,4843.8652,607951.94,5526126.0,-0.77350003,0.14776666
905,2019-07-11,4867.6831,4905.1602,4821.5518,4844.5469,626284.81,5648315.5,0.0141,0.14403516
905,2019-07-12,4848.2222,4874.3198,4820.6641,4861.5679,614794.0,5406454.5,0.3513,0.13749865
905,2019-07-15,4850.8901,4951.624,4787.9058,4925.3242,845944.81,7586511.5,1.3114001,0.12229526
905,2019-07-16,4917.793,4940.231,4909.6631,4932.0459,689249.63,6095897.0,0.1365,0.117192544
905,2019-07-17,4930.647,4953.4092,4914.4922,4929.085,753610.88,6586076.5,-0.059999999,0.13358486
905,2019-07-18,4909.7168,4909.7168,4843.5132,4844.1089,726361.56,5984889.5,-1.724,0.14034222
905,2019-07-19,4861.2129,4920.4141,4861.2031,4878.6899,685973.0,5739076.0,0.71390003,0.14283
905,2019-07-22,4885.4292,4886.4019,4766.0718,4776.5752,721915.75,6119881.5,-2.0931001,0.12585711
905,2019-07-23,4778.0532,4823.918,4778.0532,4823.918,547292.63,4830096.5,0.99110001,0.018031588
905,2019-07-24,4837.7671,4898.8052,4837.7671,4873.0269,694513.81,6358610.0,1.018,0.025332756
905,2019-07-25,4873.1738,4899.7148,4861.772,4891.6431,673844.19,6554081.0,0.382,0.047493
905,2019-07-26,4880.7192,4902.0918,4868.1968,4898.1099,592527.75,5719068.5,0.1322,0.07855728
905,2019-07-29,4897.6519,4914.48,4872.5449,4897.0181,565815.19,5481576.0,-0.022299999,0.087812416
905,2019-07-30,4902.8408,4961.0249,4902.7808,4922.918,711941.25,6555397.5,0.52890003,0.09456121
905,2019-07-31,4914.0439,4921.7222,4892.5562,4903.2031,627545.5,5877619.0,-0.4005,0.09342338
905,2019-08-01,4877.5571,4900.0869,4850.5278,4870.4692,643325.06,6180193.0,-0.66759998,0.12103076
905,2019-08-02,4773.4302,4816.8101,4756.4038,4809.9199,790023.63,7384805.0,-1.2431999,0.12534967
905,2019-08-05,4795.9111,4838.7588,4749.9438,4751.9849,716125.44,6902591.5,-1.2045,0.14074504
905,2019-08-06,4665.8398,4684.5161,4558.0601,4650.563,986678.69,8423933.0,-2.1343,0.20295908
905,2019-08-07,4678.4282,4686.7319,4624.7422,4626.3638,674174.06,6234472.5,-0.52029997,0.22359897
905,2019-08-08,4641.8672,4663.0322,4636.2388,4656.1011,600777.94,5674320.0,0.64279997,0.20342387
905,2019-08-09,4677.248,4690.6538,4593.2241,4600.353,644433.38,6447732.5,-1.1973,0.24049456
905,2019-08-12,4608.1172,4685.0449,4591.6621,4685.0449,619465.06,6214804.5,1.841,0.23457348
905,2019-08-13,4649.3491,4667.7148,4638.0288,4658.3882,586913.19,5773056.5,-0.56900001,0.25911936
905,2019-08-14,4713.5029,4731.8628,4677.1299,4683.8398,711487.88,6943852.0,0.54640001,0.25916395
905,2019-08-15,4585.0942,4709.3628,4576.4609,4706.5498,782616.13,7261838.5,0.4849,0.22029796
905,2019-08-16,4702.1421,4755.9531,4696.9209,4722.6631,775424.56,7650244.0,0.34240001,0.21832277
905,2019-08-19,4765.0581,4875.0361,4765.0581,4875.0361,1065809.3,10514437.0,3.2263999,0.118205056
905,2019-08-20,4878.6748,4912.9922,4864.8159,4872.606,1002022.9,9482527.0,-0.049800001,0.16086113
905,2019-08-21,4865.7168,4896.291,4859.3281,4882.7212,849407.88,8312177.5,0.2076,0.16943476
905,2019-08-22,4894.3628,4896.5752,4851.9692,4887.9141,822381.13,8203136.5,0.1064,0.16951957
905,2019-08-23,4888.5332,4902.7832,4861.2002,4887.9019,825025.25,8117888.5,-0.00019999999,0.18683235
905,2019-08-26,4799.4829,4867.3032,4793.8442,4855.458,884531.44,8678025.0,-0.6638,0.18708882
905,2019-08-27,4878.2891,4976.5811,4878.2891,4936.124,1081926.4,10537629.0,1.6612999,0.11946477
905,2019-08-28,4929.894,4948.0181,4910.603,4928.1938,989942.94,9216854.0,-0.16069999,0.15156
905,2019-08-29,4937.5908,4954.957,4912.2202,4934.1841,968179.94,9406243.0,0.1215,0.13281764
905,2019-08-30,4963.2788,4975.9722,4862.582,4886.4941,1024516.3,10813547.0,-0.96649998,0.12429969
905,2019-09-02,4894.0498,5020.2651,4890.2251,5008.2959,1082929.3,10920432.0,2.4926,0.08963235
905,2019-09-03,5019.4048,5044.1812,4999.8872,5044.1812,1090904.5,11505272.0,0.71649998,0.030913362
905,2019-09-04,5036.5239,5093.2661,5027.667,5093.2661,1224992.3,12320842.0,0.97310001,0.02332411
905,2019-09-05,5119.5742,5209.0,5119.4282,5138.4048,1589473.8,16073703.0,0.88620001,-0.0036845286
905,2019-09-06,5152.1851,5167.4829,5111.7349,5154.6382,1127985.8,12260522.0,0.3159,0.0006180841
905,2019-09-09,5202.7061,5263.459,5171.8511,5263.459,1329419.3,13954229.0,2.1111,-0.008393378
905,2019-09-10,5264.3281,5264.3281,5212.5249,5245.3052,1311115.5,13817523.0,-0.34490001,-0.046974387
905,2019-09-11,5262.4951,5273.9678,5206.9731,5217.291,1156039.4,11906234.0,-0.5341,-0.02324003
905,2019-09-12,5230.2939,5255.7852,5197.5698,5242.6118,960442.25,9987427.0,0.4853,-0.0048044757
905,2019-09-16,5263.3008,5279.5898,5228.29,5250.3398,1141363.4,11696395.0,0.14740001,-0.016042942
905,2019-09-17,5237.5591,5237.5591,5118.208,5140.4502,1147714.4,11365622.0,-2.0929999,-0.00060564734
905,2019-09-18,5148.063,5163.8101,5119.6138,5141.0381,895560.0,9204413.0,0.0114,-0.022087427
905,2019-09-19,5150.498,5191.6689,5126.1528,5191.6689,881293.13,9272418.0,0.98479998,-0.02893401
905,2019-09-20,5198.728,5220.2349,5180.0781,5204.4849,941864.38,10427035.0,0.24690001,-0.035597317
905,2019-09-23,5192.8838,5192.8838,5124.7979,5171.4839,946576.81,10375723.0,-0.63410002,-0.0046953256
905,2019-09-24,5168.1221,5237.4102,5159.332,5180.7422,945279.94,10859022.0,0.17900001,-0.014226359
905,2019-09-25,5162.1509,5162.1509,5087.0088,5087.0088,922029.19,10376893.0,-1.8092999,0.03539691
905,2019-09-26,5099.5181,5108.8042,4970.2402,4970.2402,946707.5,10090921.0,-2.2953999,0.060672257
905,2019-09-27,4974.0322,5033.1851,4974.0322,5005.6299,743298.31,7777354.0,0.71200001,0.06329493
905,2019-09-30,5009.1392,5022.4292,4940.9028,4940.9028,657851.31,6697733.5,-1.2931,0.05416156
905,2019-10-08,4955.0781,4994.4429,4937.0278,4941.7612,664434.25,6952804.5,0.0174,0.046018936
905,2019-10-09,4926.209,4985.4409,4904.3218,4982.9541,665057.56,6722409.0,0.83359998,0.06133685
905,2019-10-10,4988.1411,5049.2192,4979.1948,5046.3589,738181.56,7596230.5,1.2724,0.044069618
905,2019-10-11,5057.811,5074.9038,5012.3838,5055.5171,827860.19,8269267.0,0.1815,0.05171659
905,2019-10-14,5095.2158,5151.6938,5089.313,5131.1309,1036888.8,10073769.0,1.4957,0.03650739
905,2019-10-15,5115.248,5115.248,5057.2842,5061.0029,883214.31,8649476.0,-1.3667001,0.063383326
905,2019-10-16,5064.333,5086.9731,5036.5029,5038.356,782214.06,7374440.0,-0.44749999,0.0606398
905,2019-10-17,5039.271,5049.3608,5017.4678,5029.854,705145.06,6594291.0,-0.16869999,0.071129106
905,2019-10-18,5033.8169,5056.5581,4953.1479,4961.8071,820388.5,7443125.5,-1.3529,0.079806186
905,2019-10-21,4956.793,4957.2358,4906.3618,4951.0352,698992.69,6536624.5,-0.21709999,0.065140255
905,2019-10-22,4954.1079,5011.0132,4954.1079,5005.5532,655349.81,6362785.5,1.1011,0.05197665
905,2019-10-23,5009.3569,5009.9399,4955.0562,4967.1948,690365.06,6555905.0,-0.76630002,0.05247457
905,2019-10-24,4961.6851,4972.7632,4921.1118,4958.2471,648684.44,6207466.0,-0.18009999,0.054165293
905,2019-10-25,4953.3271,5001.5088,4922.084,4994.5679,731587.75,7267283.0,0.73250002,0.071936555
905,2019-10-28,5026.064,5084.688,5026.064,5084.4678,1029073.9,10106461.0,1.8,0.07215074
905,2019-10-29,5080.9302,5080.9302,5007.7129,5007.7129,1087063.0,10527543.0,-1.5096,0.087472886
905,2019-10-30,4975.6729,4984.4038,4938.103,4947.895,857621.56,8362006.0,-1.1945,0.11313938
905,2019-10-31,4950.0259,4967.7451,4911.376,4917.417,795826.88,7965064.0,-0.616,0.11769897
905,2019-11-01,4908.6479,4967.0479,4896.0068,4962.3501,741556.56,7244711.5,0.9138,0.11085752
905,2019-11-04,4974.3628,5016.937,4974.3628,4987.8359,812782.25,8224160.0,0.51359999,0.10995629
905,2019-11-05,4995.4619,5041.2358,4972.7168,5025.3032,850729.5,8423595.0,0.75120002,0.09189569
905,2019-11-06,5022.105,5027.7891,4955.8262,4974.7339,832162.75,8270356.5,-1.0063,0.10718165
905,2019-11-07,4970.5288,5020.2241,4960.8389,5007.0669,720922.0,7061291.0,0.64990002,0.094217815
905,2019-11-08,5036.6572,5051.564,4985.9492,4988.2939,790965.56,8030170.0,-0.37490001,0.112179056
905,2019-11-11,4961.1938,4961.1938,4868.4351,4876.1592,770964.0,7195130.0,-2.2479999,0.12582503
905,2019-11-12,4878.9722,4887.2959,4823.4292,4881.6138,687854.94,6402494.0,0.1119,0.111553475
905,2019-11-13,4878.9678,4888.1909,4853.5952,4875.543,606064.06,6016220.0,-0.1244,0.092847936
905,2019-11-14,4875.249,4925.4419,4871.5571,4912.1079,639101.13,6827883.0,0.75,0.082346745
905,2019-11-15,4910.2051,4936.9849,4868.437,4868.437,700764.06,7405105.5,-0.889,0.11333738
905,2019-11-18,4862.2798,4901.001,4851.3901,4892.4609,639653.75,6391478.0,0.49349999,0.097504735
905,2019-11-19,4892.3398,4975.1128,4890.7559,4975.1128,723633.69,7322963.5,1.6894,0.077597074
905,2019-11-20,4975.7559,4991.6958,4941.9111,4946.2759,789982.75,8138820.0,-0.57959998,0.09301218
905,2019-11-21,4929.8511,4963.0889,4919.5942,4945.7192,661675.13,6328204.5,-0.0113,0.12612136
905,2019-11-22,4954.3101,5018.064,4876.812,4904.083,880276.94,8930663.0,-0.84189999,0.13506313
905,2019-11-25,4904.9951,4915.3452,4853.8428,4901.502,863472.63,7862048.0,-0.0526,0.13685825
905,2019-11-26,4906.4292,4920.6768,4882.1621,4882.1621,812597.31,7455016.0,-0.3946,0.14227135
905,2019-11-27,4881.4019,4935.6279,4872.3018,4904.2568,726469.38,7008773.5,0.4526,0.13889283
905,2019-11-28,4897.6528,4916.8052,4878.0068,4889.2598,596723.13,5692566.5,-0.30579999,0.14031662
905,2019-11-29,4888.3481,4909.4111,4850.5879,4894.9419,613956.19,5893397.0,0.1162,0.14615804
905,2019-12-02,4897.6309,4930.585,4889.3188,4905.4209,631501.56,6151727.5,0.2141,0.1447014
905,2019-12-03,4889.4072,4926.4551,4863.6621,4926.4551,603455.25,5997019.0,0.42879999,0.13450788
905,2019-12-04,4902.4849,4935.5698,4901.0361,4920.668,634964.5,6504944.5,-0.1175,0.13632677
905,2019-12-05,4927.7759,4978.9902,4923.1118,4967.6021,740771.06,7799149.5,0.95380002,0.12542106
905,2019-12-06,4968.041,5010.5132,4954.7861,5010.5098,737059.56,7761589.0,0.86379999,0.13667092
905,2019-12-09,5020.2222,5040.2412,5005.8408,5024.604,884864.13,9250170.0,0.28130001,0.14146668
905,2019-12-10,5012.4722,5054.312,4998.1479,5049.0508,829363.31,8562136.0,0.48649999,0.13573878
905,2019-12-11,5044.937,5052.3501,5007.5601,5027.2778,860110.38,8719862.0,-0.4312,0.15114942
905,2019-12-12,5025.4912,5044.1968,5008.3682,5012.001,800554.38,8203190.5,-0.3039,0.15403546
905,2019-12-13,5047.897,5082.7598,5029.8828,5073.686,999791.81,10021479.0,1.2307,0.14400907
905,2019-12-16,5095.3481,5166.0391,5081.9092,5166.0391,1165225.4,11807792.0,1.8202,0.12060493
905,2019-12-17,5167.229,5257.8281,5161.1519,5236.062,1502191.4,14300773.0,1.3554,0.100528985
905,2019-12-18,5235.4761,5267.4058,5221.6982,5235.125,1292644.0,12638074.0,-0.017899999,0.12020554
905,2019-12-19,5236.915,5255.1689,5215.8838,5241.7378,1136663.0,11131900.0,0.12630001,0.1221256
905,2019-12-20,5244.2129,5258.0059,5182.063,5184.6748,1179984.8,10740491.0,-1.0886,0.15248863
905,2019-12-23,5161.2822,5188.8501,5079.4419,5084.3511,1056525.3,9821494.0,-1.9349999,0.19022264
905,2019-12-24,5098.8052,5165.1558,5092.9058,5162.0698,854519.19,8024402.0,1.5286,0.2204126
905,2019-12-25,5157.3672,5195.8662,5153.5142,5183.0991,959186.75,9732148.0,0.40740001,0.23092915
905,2019-12-26,5181.3809,5219.1401,5171.4399,5219.1401,956255.31,8916921.0,0.6954,0.2522015
905,2019-12-27,5223.4702,5252.7881,5175.8521,5179.1929,1262596.3,11627307.0,-0.76539999,0.29243016
905,2019-12-30,5160.3101,5242.124,5119.856,5241.938,1168694.5,10683591.0,1.2115,0.27365813
905,2019-12-31,5239.9131,5269.874,5228.1729,5267.6621,1038896.6,9535658.0,0.49070001,0.3097875
905,2020-01-02,5306.668,5374.9082,5288.168,5366.1382,1458944.0,13681375.0,1.8694,0.2686455
905,2020-01-03,5376.0332,5395.2588,5351.8052,5380.6372,1284520.3,12219973.0,0.27020001,0.2338386
905,2020-01-06,5365.2168,5481.5498,5355.0239,5434.8501,1595874.1,15819094.0,1.0075999,0.16286519
905,2020-01-07,5441.9028,5499.8398,5440.6919,5499.8398,1441427.3,14219416.0,1.1957999,0.15359557
905,2020-01-08,5481.9839,5500.1602,5409.5688,5423.7969,1554068.5,14983807.0,-1.3825999,0.20336972
905,2020-01-09,5465.8569,5497.543,5457.3501,5497.543,1324316.6,13596101.0,1.3597,0.193865
905,2020-01-10,5511.6738,5516.0952,5455.252,5480.228,1138198.3,11819697.0,-0.315,0.20810467
905,2020-01-13,5478.3159,5559.627,5447.7319,5559.627,1180761.8,12865195.0,1.4488,0.19074282
905,2020-01-14,5576.6289,5583.7202,5539.8999,5542.332,1298113.9,13484533.0,-0.31110001,0.13381568
905,2020-01-15,5532.9609,5545.1011,5492.6509,5530.0269,1124250.3,11814284.0,-0.222,0.1390062
905,2020-01-16,5539.4209,5559.0181,5514.6909,5527.668,1118972.8,12233796.0,-0.0427,0.15051484
905,2020-01-17,5539.7231,5555.4121,5499.4668,5510.0449,1049493.3,11049186.0,-0.3188,0.1851575
905,2020-01-20,5523.0098,5587.5361,5500.5942,5587.5361,1154030.0,12821212.0,1.4064,0.16535014
905,2020-01-21,5581.0098,5581.98,5515.1929,5523.9419,1246048.1,13522099.0,-1.1381,0.1911186
905,2020-01-22,5502.5869,5597.9941,5440.2002,5575.5132,1234747.8,13825025.0,0.93360001,0.20882308
905,2020-01-23,5521.792,5558.4258,5326.9321,5377.7412,1457730.8,16186192.0,-3.5472,0.24544986
905,2020-02-03,4896.895,4960.7461,4896.895,4910.9009,817770.81,8945504.0,-8.6809998,0.37914446
905,2020-02-04,4736.123,5013.77,4736.123,4996.4741,1896722.8,17537500.0,1.7424999,0.3550159
905,2020-02-05,5035.4092,5178.438,5026.4082,5123.9619,1710953.4,17735236.0,2.5516,0.30541208
905,2020-02-06,5128.186,5299.1782,5100.4819,5282.8921,1859574.5,19727406.0,3.1017001,0.273033
905,2020-02-07,5287.269,5329.356,5226.7002,5327.0371,1911476.4,20349554.0,0.83560002,0.23912169
905,2020-02-10,5322.0088,5389.0391,5301.4121,5388.4351,1767032.9,18676792.0,1.1526,0.21155767
905,2020-02-11,5390.5259,5396.9561,5323.7598,5361.2769,1525081.8,15730289.0,-0.50400001,0.22221951
905,2020-02-12,5345.522,5461.6738,5340.4868,5459.9458,1510414.8,16455222.0,1.8404,0.21311882
905,2020-02-13,5456.6592,5482.7949,5397.2319,5412.8418,1582026.4,17567982.0,-0.86269999,0.24602698
905,2020-02-14,5407.4741,5474.4678,5375.9258,5420.8032,1453465.0,16274200.0,0.1471,0.25247082
905,2020-02-17,5454.4629,5594.437,5454.4629,5594.437,1746366.6,18387872.0,3.2031,0.19158977
905,2020-02-18,5607.8398,5660.814,5577.8979,5660.814,1850987.0,20642852.0,1.1865,0.16481219
905,2020-02-19,5654.1782,5678.8188,5601.3921,5603.2632,1856420.9,21059142.0,-1.0167,0.1857276
905,2020-02-20,5619.52,5712.1831,5580.0669,5706.7129,1920760.3,20556498.0,1.8462,0.17212218
905,2020-02-21,5704.8359,5822.397,5700.9521,5784.0322,2072362.4,23017504.0,1.3549,0.15015748
905,2020-02-24,5784.5752,5884.1401,5754.6792,5865.4668,2180989.5,25015444.0,1.4079,0.11259327
905,2020-02-25,5745.6172,5912.2739,5643.8838,5897.7222,2673666.8,30196092.0,0.5499,0.115479976
905,2020-02-26,5824.0479,5885.27,5724.499,5743.3931,2663750.8,28104574.0,-2.6168001,0.16502734
905,2020-02-27,5770.2178,5829.0371,5689.5391,5753.728,2046948.8,22190208.0,0.17990001,0.15897608
905,2020-02-28,5558.416,5641.772,5438.8521,5451.29,2243067.0,23287978.0,-5.2564001,0.23098569
905,2020-03-02,5516.439,5683.2432,5505.2681,5656.4189,1995116.1,21350500.0,3.7629001,0.18759912
905,2020-03-03,5756.791,5832.353,5658.1211,5710.0239,2263255.0,24420436.0,0.94770002,0.16676429
905,2020-03-04,5670.5,5719.1782,5603.9292,5716.5112,1851331.0,19498016.0,0.1136,0.15779991
905,2020-03-05,5795.25,5811.207,5732.168,5801.1201,2172322.3,21723838.0,1.4801,0.11682087
905,2020-03-06,5737.0962,5802.6289,5723.7329,5763.8599,1852971.5,17749650.0,-0.64230001,0.1320709
905,2020-03-09,5668.6372,5699.9199,5525.8169,5525.8169,2185381.0,21204210.0,-4.1299,0.14901076
905,2020-03-10,5459.1729,5675.876,5423.4292,5675.1108,2084028.8,21047232.0,2.7018001,0.09875719
905,2020-03-11,5692.7168,5708.915,5589.5308,5589.5308,1877509.1,19001026.0,-1.508,0.12924805
905,2020-03-12,5507.3208,5549.3501,5446.7939,5493.8838,1587531.6,15410293.0,-1.7112,0.15605688
905,2020-03-13,5225.5059,5507.3901,5224.7271,5457.2012,1952666.6,18840510.0,-0.66769999,0.17054158
905,2020-03-16,5496.8892,5496.8892,5183.3442,5200.1138,1868499.5,18492354.0,-4.711,0.22186477
905,2020-03-17,5245.5229,5300.5591,5052.6548,5212.062,1591378.8,15255127.0,0.2298,0.22159348
905,2020-03-18,5257.9438,5333.1201,5119.4722,5119.4722,1642866.0,16053606.0,-1.7765,0.26369846
905,2020-03-19,5119.9438,5185.0889,5020.439,5157.8242,1545937.0,14868063.0,0.74910003,0.24974497
905,2020-03-20,5217.4878,5225.0269,5129.0732,5219.2808,1275132.9,13151900.0,1.1914999,0.2183004
905,2020-03-23,5079.355,5129.1411,4981.668,4998.9102,1386847.5,13372770.0,-4.2221999,0.27868533
905,2020-03-24,5089.1519,5118.0361,4963.292,5096.041,1407877.0,13737142.0,1.943,0.2253903
905,2020-03-25,5200.7749,5229.2212,5160.3892,5217.4238,1468810.8,14231008.0,2.3819001,0.1953965
905,2020-03-26,5180.4658,5227.4678,5157.1479,5166.1089,1256524.5,12698201.0,-0.9835,0.19596186
905,2020-03-27,5222.8511,5227.792,5134.4902,5137.3369,1170450.8,11848079.0,-0.55690002,0.21245134
905,2020-03-30,5073.7051,5074.625,4974.3169,5027.4858,1239813.1,12455916.0,-2.1382999,0.23172997
905,2020-03-31,5073.5229,5090.5679,5030.5732,5041.4531,1116056.1,10653845.0,0.27779999,0.26113862
905,2020-04-01,5029.584,5108.1748,5007.7119,5019.2192,1121541.1,11065111.0,-0.44100001,0.30322576
905,2020-04-02,4998.626,5147.2021,4998.106,5147.2021,1133510.8,11782217.0,2.5499001,0.27280778
905,2020-04-03,5143.519,5161.5732,5085.0952,5107.0391,1094789.8,11275117.0,-0.78030002,0.2743928
905,2020-04-07,5202.5469,5273.0859,5197.583,5267.0732,1451094.5,14682656.0,3.1336,0.22649539
905,2020-04-08,5243.1621,5291.415,5232.6162,5271.7959,1377862.5,13649953.0,0.089699998,0.21944821
905,2020-04-09,5301.2661,5336.1172,5289.3848,5322.4609,1250984.6,12835289.0,0.96109998,0.19462048
905,2020-04-10,5321.7871,5321.7871,5197.9839,5208.5098,1238163.9,12646821.0,-2.1408999,0.23319587
905,2020-04-13,5176.4429,5198.3711,5140.8511,5169.1758,981809.94,10135572.0,-0.75520003,0.22843823
905,2020-04-14,5197.1719,5288.5928,5189.8242,5288.5928,1101882.5,11891732.0,2.3102,0.19448486
905,2020-04-15,5291.9658,5320.5791,5264.0112,5268.75,1224774.0,12802573.0,-0.3752,0.17926703
905,2020-04-16,5245.9248,5328.1201,5238.4341,5316.9712,1207421.9,12206916.0,0.9152,0.16878156
905,2020-04-17,5354.9829,5377.147,5309.5811,5318.4551,1369698.4,15674577.0,0.027899999,0.16976465
905,2020-04-20,5329.8691,5381.7861,5311.1968,5381.7861,1206421.9,13082582.0,1.1908,0.16058105
905,2020-04-21,5358.6011,5358.6011,5287.6631,5343.8809,1307444.3,13976843.0,-0.70429999,0.17053375
905,2020-04-22,5304.731,5388.207,5296.2642,5387.623,1235970.0,12794577.0,0.81849998,0.13435555
905,2020-04-23,5402.6479,5407.4902,5354.9399,5357.79,1446183.0,14532460.0,-0.55369997,0.14657652
905,2020-04-24,5350.543,5354.7632,5258.5688,5273.5469,1313833.6,12721120.0,-1.5723,0.18359962
905,2020-04-27,5278.979,5314.4111,5249.313,5265.7251,1171324.3,11073840.0,-0.14830001,0.18391258
905,2020-04-28,5268.126,5273.2568,5102.061,5227.8462,1408249.1,13397124.0,-0.71939999,0.2150279
905,2020-04-29,5203.71,5269.7349,5201.4731,5226.812,1059268.5,10333932.0,-0.0198,0.2055624
905,2020-04-30,5261.0469,5368.894,5261.0469,5353.8599,1330366.9,14252379.0,2.4307001,0.1994432
905,2020-05-06,5320.9399,5451.4561,5318.4429,5451.3159,1416790.5,15994570.0,1.8203,0.16909112
905,2020-05-07,5454.252,5473.7739,5425.7959,5445.752,1401463.5,14797536.0,-0.1021,0.15587452
905,2020-05-08,5474.874,5527.0898,5467.646,5507.6968,1363186.3,14638477.0,1.1375,0.14666699
905,2020-05-11,5529.106,5547.9419,5466.6162,5496.1919,1298519.9,14205491.0,-0.2089,0.14751637
905,2020-05-12,5494.0688,5519.2871,5441.7012,5512.4639,1159436.8,12758536.0,0.29609999,0.15871437
905,2020-05-13,5495.897,5546.5542,5483.9868,5536.2798,1078958.3,12047711.0,0.43200001,0.14462078
905,2020-05-14,5513.082,5528.0918,5485.0151,5487.1069,1191977.0,12959579.0,-0.88819999,0.15562068
905,2020-05-15,5510.145,5543.9331,5486.2559,5507.9341,1126515.1,13231704.0,0.37959999,0.15480687
905,2020-05-18,5522.7231,5528.7749,5454.9619,5478.8218,1336546.6,15838905.0,-0.52850002,0.17232959
905,2020-05-19,5515.0288,5548.2178,5504.2329,5547.876,1120088.6,13318270.0,1.2604001,0.16674024
905,2020-05-20,5545.0439,5547.1689,5473.79,5489.7021,1234912.6,14135456.0,-1.0486,0.17951538
905,2020-05-21,5508.2041,5511.2319,5415.5991,5426.1748,1145591.1,12888385.0,-1.1572,0.17032117
905,2020-05-22,5421.728,5421.8872,5307.2959,5328.2271,1064157.1,11570549.0,-1.8051,0.18882024
905,2020-05-25,5323.9658,5344.2852,5293.229,5316.604,843856.81,9137535.0,-0.2181,0.19467461
905,2020-05-26,5341.1108,5421.9048,5341.082,5420.2129,909690.06,9935101.0,1.9488,0.16617998
905,2020-05-27,5426.5562,5426.5562,5358.4702,5369.499,1039603.7,11310943.0,-0.93559998,0.19687445
905,2020-05-28,5367.2661,5390.1401,5290.29,5361.167,1025242.5,10758382.0,-0.1552,0.20029445
905,2020-05-29,5349.5679,5416.6602,5336.0669,5406.3398,1050032.5,11002322.0,0.84259999,0.19135703
905,2020-06-01,5446.291,5576.6538,5446.291,5569.48,1416975.9,14787997.0,3.0176001,0.160743
905,2020-06-02,5595.3589,5596.4399,5544.186,5566.4438,1390291.0,14920330.0,-0.054499999,0.15418072
905,2020-06-03,5583.7012,5618.2891,5567.0732,5572.313,1383455.3,14621827.0,0.1054,0.15277998
905,2020-06-04,5589.3452,5597.2622,5549.3579,5576.7539,1207784.6,12380999.0,0.079700001,0.13098432
905,2020-06-05,5585.1592,5592.3452,5542.8701,5585.4229,1122539.0,11516743.0,0.15539999,0.13153405
905,2020-06-08,5618.375,5627.189,5567.209,5575.3042,1194461.9,12806119.0,-0.1812,0.113737755
905,2020-06-09,5582.144,5616.0361,5560.1392,5610.377,1148709.3,11937887.0,0.62910002,0.11561453
905,2020-06-10,5611.6582,5616.6108,5581.915,5615.2422,1083681.0,11411500.0,0.0867,0.11581688
905,2020-06-11,5618.6411,5673.311,5567.5381,5589.1021,1275154.5,14459525.0,-0.4655,0.11564165
905,2020-06-12,5483.7852,5620.2061,5479.271,5591.4868,1295454.6,14213838.0,0.0427,0.1283047
905,2020-06-15,5605.8828,5661.9712,5590.644,5590.644,1453597.8,15256715.0,-0.0151,0.12543707
905,2020-06-16,5633.2588,5695.3008,5624.855,5695.3008,1339517.0,14208750.0,1.872,0.12348747
905,2020-06-17,5708.687,5735.418,5685.624,5735.418,1468375.1,15368318.0,0.7044,0.08973069
905,2020-06-18,5738.0308,5744.4531,5705.2949,5734.4028,1581543.6,16076312.0,-0.0177,0.09995831
905,2020-06-19,5733.4292,5796.3599,5727.623,5787.1479,1417681.0,14782714.0,0.91979998,0.07224236
905,2020-06-22,5793.7881,5815.394,5770.8091,5784.0269,1453923.5,15737041.0,-0.0539,0.08548907
905,2020-06-23,5783.1201,5809.2832,5755.3979,5804.3428,1257481.3,14027742.0,0.35120001,0.075829275
905,2020-06-24,5808.5391,5824.313,5773.291,5789.0889,1102414.4,12853678.0,-0.26280001,0.070954725
905,2020-06-29,5774.459,5789.1592,5740.2559,5762.438,1177611.5,13167113.0,-0.46039999,0.087950625
905,2020-06-30,5790.0649,5875.3271,5788.208,5864.416,1153503.3,13967152.0,1.7697001,0.08572025
905,2020-07-01,5884.54,5885.874,5814.7549,5881.8882,1428329.9,16143763.0,0.29789999,0.102160886
905,2020-07-02,5880.8828,5979.9902,5858.5742,5975.2788,2011813.8,20006318.0,1.5878,0.09446473
905,2020-07-03,5989.9961,6052.5229,5968.0659,6051.5098,2268268.3,21708750.0,1.2758,0.07876271
905,2020-07-06,6095.9561,6318.3081,6095.9561,6299.855,3023765.0,29174200.0,4.1039,0.03782011
905,2020-07-07,6368.314,6480.0288,6300.2451,6380.0278,3258654.3,32932740.0,1.2726001,0.027831916
905,2020-07-08,6378.9458,6541.438,6352.373,6535.415,2888474.0,29226170.0,2.4354999,-0.012243461
905,2020-07-09,6541.2852,6712.145,6530.021,6693.7451,3174122.8,33458290.0,2.4226,-0.022486081
905,2020-07-10,6664.3262,6763.812,6644.3589,6676.437,2887366.8,32250978.0,-0.2586,-0.026889177
905,2020-07-13,6710.6348,6899.6221,6710.6348,6899.5181,2973056.0,33518616.0,3.3413,-0.066618174
905,2020-07-14,6897.0029,6897.0029,6672.7998,6807.7271,2938683.0,34185476.0,-1.3304,-0.057321057
905,2020-07-15,6815.6162,6838.1519,6598.5229,6638.8379,2564728.3,30087962.0,-2.4807999,-0.018734302
905,2020-07-16,6642.3291,6710.9951,6305.1328,6319.998,2533158.8,27700816.0,-4.8025999,0.024743047
905,2020-07-17,6327.0269,6447.5088,6272.9419,6344.5908,1968039.1,21507690.0,0.38909999,0.03007729
905,2020-07-20,6419.0801,6526.833,6340.6499,6526.833,2124132.3,22584858.0,2.8724,0.014656894
905,2020-07-21,6546.5649,6591.0098,6500.8682,6563.3242,1939659.5,21468228.0,0.55909997,0.01134806
905,2020-07-22,6554.168,6699.687,6534.7432,6620.689,2101012.0,23294742.0,0.87400001,0.0037194013
905,2020-07-23,6562.0488,6629.207,6431.2612,6620.0859,2079924.6,24088244.0,-0.0091000004,-0.013160706
905,2020-07-24,6584.8091,6609.2881,6265.3789,6283.9829,2190177.8,24723280.0,-5.0770001,0.04347214
905,2020-07-27,6304.5859,6337.3281,6229.4712,6298.7349,1455424.8,16802336.0,0.2348,0.018360196
905,2020-07-28,6345.6821,6385.3911,6307.7891,6359.6641,1388381.5,16244048.0,0.9673,-0.0021269834
905,2020-07-29,6341.0078,6530.271,6324.0479,6530.271,1592216.9,18689836.0,2.6826,-0.02097818
905,2020-07-30,6548.7012,6564.7749,6491.4492,6511.436,1776155.6,20928546.0,-0.28839999,-0.0087002
905,2020-07-31,6499.394,6619.2622,6463.415,6579.6699,1799129.4,20786248.0,1.0479,-0.02740835
905,2020-08-03,6635.3428,6739.8091,6614.4312,6739.8091,2072667.5,24094672.0,2.4338,-0.06098407
905,2020-08-04,6758.4941,6764.9048,6672.894,6697.707,2094789.4,24508478.0,-0.62470001,-0.06835711
905,2020-08-05,6696.687,6790.0078,6653.2769,6772.8418,1848438.1,21799418.0,1.1217999,-0.06639454
905,2020-08-06,6780.3271,6792.2759,6656.2778,6770.3018,2052298.4,24092892.0,-0.037500001,-0.046145786
905,2020-08-07,6743.291,6755.5278,6578.667,6688.8818,1981282.1,22797666.0,-1.2026,-0.02447581
905,2020-08-10,6666.5601,6768.8662,6651.7422,6725.2959,1753532.3,21039090.0,0.54439998,-0.016467974
905,2020-08-11,6727.769,6756.8452,6594.979,6600.8472,1808457.8,20342778.0,-1.8505,0.015548716
905,2020-08-12,6580.0059,6599.6572,6395.0059,6528.3999,1778890.5,19796944.0,-1.0975,0.019707171
905,2020-08-13,6552.3701,6592.1162,6518.4229,6552.6572,1620605.1,16681225.0,0.3716,0.01199083
905,2020-08-14,6542.603,6629.5059,6506.0269,6623.563,1568759.9,16130061.0,1.0821,-0.0131918425
905,2020-08-17,6646.542,6752.3179,6614.1851,6744.5469,2014073.6,20754066.0,1.8266,-0.036384076
905,2020-08-18,6747.606,6811.564,6737.5288,6789.3979,1891661.8,20857636.0,0.66500002,-0.06260421
905,2020-08-19,6782.5928,6782.5928,6661.9878,6666.2739,1943091.4,20547586.0,-1.8135,-0.026676808
905,2020-08-20,6622.0049,6672.4912,6570.6948,6593.7852,1576462.6,16342936.0,-1.0874,-0.024334596
905,2020-08-21,6628.9009,6686.0229,6589.1968,6643.9438,1429634.9,15312820.0,0.76069999,-0.017940067
905,2020-08-24,6667.2959,6702.749,6589.9292,6688.9648,1430203.5,15794851.0,0.67760003,-0.042902395
905,2020-08-25,6698.1201,6734.438,6631.6851,6652.5479,1470981.3,15824310.0,-0.54439998,-0.037437055
905,2020-08-26,6650.4492,6660.7632,6501.2412,6525.8789,1537347.8,17054610.0,-1.9040999,-0.041292477
905,2020-08-27,6538.1362,6585.7192,6486.751,6578.791,1298362.0,14213998.0,0.81080002,-0.07156149
905,2020-08-28,6571.8979,6695.3569,6553.9229,6691.21,1419495.9,15587861.0,1.7088,-0.09399722
905,2020-08-31,6719.2861,6765.8848,6667.6792,6668.4331,1560243.9,17331252.0,-0.34040001,-0.068172105
905,2020-09-01,6667.168,6710.46,6637.6338,6710.46,1256324.9,14020445.0,0.63020003,-0.07273422
905,2020-09-02,6725.6909,6742.5532,6647.0342,6717.5581,1495625.5,16081847.0,0.1058,-0.08093507
905,2020-09-03,6715.104,6732.6738,6638.4482,6662.252,1421103.4,15159173.0,-0.8233,-0.0700976
905,2020-09-04,6545.8882,6631.0288,6538.4902,6618.5762,1253584.6,13207739.0,-0.65560001,-0.05941116
905,2020-09-07,6619.8979,6669.394,6459.103,6478.812,1555817.5,16721621.0,-2.1117001,-0.03163481
905,2020-09-08,6493.7739,6542.9951,6432.9521,6525.0981,1612303.1,14814873.0,0.71439999,-0.048810914
905,2020-09-09,6455.3052,6471.4819,6319.271,6349.2231,2169163.5,17668852.0,-2.6954,-0.006856146
905,2020-09-10,6404.665,6414.9619,6219.6362,6235.5688,1810495.0,14933534.0,-1.79,-0.0026303616
905,2020-09-11,6209.7881,6319.6689,6209.7881,6311.9668,1246292.0,11569088.0,1.2252001,-0.026841538
905,2020-09-14,6350.355,6381.1821,6297.9019,6351.2422,1305022.8,12930397.0,0.62220001,-0.030519227
905,2020-09-15,6351.0371,6388.1299,6328.5371,6387.8809,1151841.5,11707708.0,0.57690001,-0.021303935
905,2020-09-16,6379.5181,6387.7671,6321.5669,6353.8359,1133798.9,11250443.0,-0.53299999,-0.015564299
905,2020-09-17,6345.6719,6416.0088,6291.6338,6367.021,1189596.8,12368250.0,0.2075,-0.01361109
905,2020-09-18,6367.792,6473.6001,6353.561,6469.4692,1352262.6,13678892.0,1.609,-0.033294756
905,2020-09-21,6492.2251,6515.3369,6434.3242,6445.9648,1260237.3,13364032.0,-0.3633,-0.020834848
905,2020-09-22,6392.0249,6462.9751,6341.4839,6358.6519,1213059.0,12298974.0,-1.3545001,-0.005039732
905,2020-09-23,6382.2808,6411.2051,6356.1641,6392.0332,950488.31,10602714.0,0.52499998,-0.0076559363
905,2020-09-24,6353.6938,6354.6831,6243.2822,6244.6392,1128014.6,11262461.0,-2.3059001,0.016564127
905,2020-09-25,6271.7012,6285.4722,6206.1821,6236.8901,877987.88,9298917.0,-0.1241,0.019218361
905,2020-09-28,6255.021,6261.9302,6171.02,6178.4692,789629.13,8752627.0,-0.93669999,0.025373533
905,2020-09-29,6206.9912,6280.4429,6179.8809,6228.771,813711.63,9178326.0,0.81410003,-0.00037776312
905,2020-09-30,6245.1162,6260.123,6155.021,6192.5049,814840.94,8961546.0,-0.58219999,0.0027896466
905,2020-10-09,6300.0698,6373.937,6290.4712,6357.9712,1003862.3,11514993.0,2.6719999,-0.012702213
905,2020-10-12,6408.083,6541.3101,6399.6831,6541.1758,1448243.5,16096001.0,2.8815,-0.04046901
905,2020-10-13,6538.835,6557.8638,6486.3091,6551.3989,1115584.5,13028381.0,0.15629999,-0.03233021
905,2020-10-14,6547.8379,6547.8379,6492.6582,6508.374,1186296.0,13353999.0,-0.65670002,-0.012770133
905,2020-10-15,6511.0708,6518.5498,6456.771,6460.041,1070042.5,11559591.0,-0.74260002,-0.0048761303
905,2020-10-16,6456.7378,6473.6338,6388.646,6428.6821,987320.25,10904653.0,-0.48539999,-0.0013102685
905,2020-10-19,6466.5659,6483.5078,6346.2632,6358.3208,1036683.6,11468288.0,-1.0944999,0.013705662
905,2020-10-20,6349.644,6423.1572,6324.3892,6423.1128,861892.25,9532732.0,1.0190001,0.006171945
905,2020-10-21,6426.1938,6426.5098,6323.4409,6350.0132,875122.56,10212093.0,-1.1381,0.014587655
905,2020-10-22,6331.8042,6334.542,6256.2319,6317.144,857247.31,9674575.0,-0.5176,0.020442497
905,2020-10-23,6312.0078,6362.4282,6202.5352,6213.2632,805650.88,9395436.0,-1.6444,0.0444985
905,2020-10-26,6195.354,6239.7158,6127.3828,6214.3779,733929.56,8525507.0,0.017899999,0.044662606
905,2020-10-27,6187.4731,6227.8418,6168.9712,6221.3408,755865.19,8931587.0,0.112,0.042493604
905,2020-10-28,6221.7402,6254.7158,6164.2412,6245.999,871308.88,10407923.0,0.39629999,0.038960956
905,2020-10-29,6168.9082,6287.6479,6159.144,6255.1929,925874.81,10976129.0,0.1472,0.030254863
905,2020-10-30,6272.9268,6274.6162,6103.8911,6111.48,1121223.6,12646100.0,-2.2974999,0.059644163
905,2020-11-02,6119.4512,6162.2759,6095.8042,6143.1162,1117563.8,12379441.0,0.5176,0.050938625
905,2020-11-03,6175.1592,6245.5581,6155.7349,6241.7681,1054400.4,11586306.0,1.6059,0.043302104
905,2020-11-04,6246.6372,6256.0698,6181.0972,6234.1582,929297.44,10822661.0,-0.1219,0.032862287
905,2020-11-05,6294.6138,6358.4448,6273.3149,6351.979,1188432.1,13260215.0,1.8899,0.027365519
905,2020-11-06,6366.1851,6366.1851,6254.0869,6301.248,1182442.1,13170211.0,-0.79869998,0.04394242
905,2020-11-09,6337.4419,6452.9141,6337.4419,6421.6509,1600278.9,17507178.0,1.9108,0.027710663
905,2020-11-10,6434.4302,6435.4131,6339.2861,6373.085,1419289.4,15593147.0,-0.75629997,0.033155404
905,2020-11-11,6356.3672,6375.2402,6292.8369,6294.606,1307280.8,13443904.0,-1.2314,0.040368676
905,2020-11-12,6305.0659,6340.998,6285.291,6315.4941,1046806.9,11318412.0,0.33180001,0.033626776
905,2020-11-13,6304.459,6319.4131,6248.355,6306.9702,1071163.3,11294361.0,-0.13500001,0.037601557
905,2020-11-16,6319.7041,6387.415,6294.29,6387.3711,1336773.3,13178194.0,1.2747999,0.03636861
905,2020-11-17,6380.769,6380.769,6300.5669,6336.9409,1412743.1,13897238.0,-0.7895,0.0459632
905,2020-11-18,6333.4512,6382.4971,6314.3091,6341.0142,1339824.6,12979586.0,0.064300001,0.054311596
905,2020-11-19,6328.084,6370.1812,6293.5552,6360.6001,1238048.5,12105961.0,0.3089,0.048355468
905,2020-11-20,6354.7871,6429.8701,6351.3081,6422.9849,1306676.5,12806540.0,0.98079997,0.047642384
905,2020-11-23,6435.9189,6516.2412,6407.0571,6472.9302,1819256.6,17021808.0,0.77759999,0.04122275
905,2020-11-24,6472.7471,6495.1372,6454.665,6475.188,1540629.6,14875954.0,0.034899998,0.031850997
905,2020-11-25,6489.2549,6489.7222,6350.3672,6350.3672,1538131.0,15662491.0,-1.9277,0.04997489
905,2020-11-26,6349.8618,6358.1738,6284.9731,6334.3042,1232369.4,12552847.0,-0.2529,0.056636512
905,2020-11-27,6337.3838,6351.8101,6276.0732,6351.6118,1208851.1,11740796.0,0.27320001,0.05823564
905,2020-11-30,6360.4619,6397.7202,6309.4448,6320.9438,1631576.9,15751765.0,-0.48280001,0.057526093
905,2020-12-01,6307.854,6437.9429,6299.4141,6426.6162,1509573.4,15256284.0,1.6718,0.041435275
905,2020-12-02,6437.9561,6446.8071,6392.9888,6434.979,1497051.0,15049096.0,0.1301,0.05138556
905,2020-12-03,6437.3838,6461.0879,6392.8989,6440.8809,1522149.4,15289175.0,0.091700003,0.0442539
905,2020-12-04,6426.0259,6471.856,6409.6782,6464.7349,1288551.8,13532089.0,0.37040001,0.03077113
905,2020-12-07,6465.9878,6472.8501,6417.6479,6424.6821,1210782.9,13084702.0,-0.6196,0.022040624
905,2020-12-08,6424.1592,6448.3931,6406.7241,6423.6509,1054949.9,11832485.0,-0.016000001,0.029970948
905,2020-12-09,6430.4771,6437.4331,6307.2212,6307.2212,1215162.1,13343944.0,-1.8125,0.05557804
905,2020-12-10,6295.353,6350.918,6267.1709,6320.0962,1105771.4,12239860.0,0.2041,0.06124584
905,2020-12-11,6328.8281,6340.395,6163.4121,6209.4268,1326416.0,14345707.0,-1.7510999,0.08541322
905,2020-12-14,6207.8262,6260.6128,6176.54,6259.0181,1068771.5,12390078.0,0.79860002,0.08482604
905,2020-12-15,6250.0972,6276.584,6228.6792,6265.582,979809.94,11971856.0,0.1049,0.07809078
905,2020-12-16,6268.2109,6271.0298,6219.0859,6235.4351,992839.5,11410804.0,-0.48120001,0.09269265
905,2020-12-17,6225.0791,6312.0059,6184.543,6308.9009,1277027.5,14008314.0,1.1782,0.08236224
905,2020-12-18,6310.1602,6332.5332,6269.2129,6291.918,1286222.9,13753141.0,-0.2692,0.07525557
905,2020-12-21,6302.2578,6401.5459,6293.9219,6398.5991,1363478.3,15676170.0,1.6955,0.064011514
905,2020-12-22,6372.8789,6378.499,6241.5601,6250.061,1513106.1,17245652.0,-2.3213999,0.07465607
905,2020-12-23,6255.3521,6330.603,6242.625,6307.604,1440443.3,16625856.0,0.92070001,0.05555848
905,2020-12-24,6308.48,6308.48,6202.4028,6205.2251,1312216.5,14768897.0,-1.6231,0.08151019
905,2020-12-25,6190.9922,6284.585,6186.0249,6278.498,1344782.6,14383177.0,1.1808,0.06864699
905,2020-12-28,6283.7822,6288.2441,6219.0908,6244.4819,1489602.1,16049556.0,-0.54180002,0.08321746
905,2020-12-29,6240.7358,6280.04,6196.415,6199.8521,1544760.4,15567466.0,-0.71469998,0.088518515
905,2020-12-30,6196.4512,6289.27,6188.5928,6269.248,1380416.8,14822784.0,1.1193,0.085383624
905,2020-12-31,6282.958,6370.5698,6281.0142,6367.1152,1601940.9,17428932.0,1.5611,0.084381476
905,2021-01-04,6395.6118,6501.5889,6359.0801,6482.7871,1866212.1,21112692.0,1.8167,0.073897384
905,2021-01-05,6470.25,6539.7319,6452.5249,6539.7319,1967262.9,22703300.0,0.87840003,0.054897983
905,2021-01-06,6549.731,6569.1992,6472.7451,6528.1431,1785210.9,20933336.0,-0.1772,0.061926138
905,2021-01-07,6523.6758,6567.2729,6467.437,6538.1162,1971356.4,21923880.0,0.15279999,0.0591924
905,2021-01-08,6541.5581,6598.3809,6484.3979,6557.5962,1808374.3,20711382.0,0.29789999,0.050588917
905,2021-01-11,6557.4531,6572.854,6419.731,6455.3989,1832572.8,21794040.0,-1.5585001,0.06904808
905,2021-01-12,6425.8149,6543.229,6425.8149,6543.229,1623112.4,19904854.0,1.3606,0.067445755
905,2021-01-13,6550.0352,6553.6489,6457.8809,6496.9131,1849134.3,22296264.0,-0.70779997,0.08152099
905,2021-01-14,6471.7891,6516.269,6402.6001,6439.8848,1630238.1,19873264.0,-0.87779999,0.08476319
905,2021-01-15,6427.1299,6447.876,6339.4282,6417.501,1382432.0,16696280.0,-0.34760001,0.07023077
905,2021-01-18,6414.8301,6529.4131,6392.0649,6514.4639,1368328.1,16989154.0,1.5109,0.03143651
905,2021-01-19,6510.479,6532.647,6456.1152,6476.374,1476167.1,17454510.0,-0.58469999,0.0224834
905,2021-01-20,6477.668,6535.4751,6449.2842,6535.4189,1285254.4,15337891.0,0.91170001,0.034193415
905,2021-01-21,6552.0352,6649.8628,6550.8799,6622.4961,1568095.9,18920874.0,1.3324,0.021867858
905,2021-01-22,6619.8599,6643.665,6573.8198,6637.8052,1580623.1,20286168.0,0.23119999,0.035281964
905,2021-01-25,6636.2202,6711.5708,6599.9741,6645.314,1656231.0,22355674.0,0.1131,0.025686853
905,2021-01-26,6621.1479,6624.4492,6515.2578,6532.9609,1433713.1,19189238.0,-1.6907001,0.060979396
905,2021-01-27,6527.6802,6564.2861,6481.1572,6557.1611,1397600.5,17477606.0,0.37040001,0.054088652
905,2021-01-28,6475.8608,6529.8418,6405.814,6414.3809,1448254.0,17481770.0,-2.1775,0.08176741
905,2021-01-29,6448.6699,6462.374,6255.7031,6346.1372,1460415.8,17207724.0,-1.0639,0.099806964
905,2021-02-01,6338.645,6397.0142,6328.3359,6393.2778,1373251.9,15757928.0,0.7428,0.09790756
905,2021-02-02,6404.853,6459.48,6361.0879,6454.7852,1323943.1,16172046.0,0.96210003,0.09585707
905,2021-02-03,6459.6641,6484.4932,6399.332,6399.332,1454571.5,17569942.0,-0.85909998,0.10874105
905,2021-02-04,6375.6719,6414.2979,6249.5308,6328.7881,1488613.3,17370894.0,-1.1023999,0.120101996
905,2021-02-05,6343.8301,6382.957,6236.2671,6239.8711,1351328.8,16250063.0,-1.405,0.13022973
905,2021-02-08,6247.9189,6354.02,6215.728,6323.1621,1161340.0,14159220.0,1.3348,0.09034114
905,2021-02-09,6334.416,6468.4282,6330.792,6457.8809,1193191.1,14685092.0,2.1306,0.07481199
905,2021-02-10,6474.75,6542.7451,6424.7212,6525.166,1190426.6,15003576.0,1.0419,0.064655855
905,2021-02-18,6657.3071,6678.6128,6564.3062,6614.5439,1668923.9,19499642.0,1.3697,0.04618323
905,2021-02-19,6600.2461,6706.3901,6542.7822,6703.4819,1787678.1,20146876.0,1.3446,0.047897942
905,2021-02-22,6731.5049,6810.9219,6657.0562,6657.0562,2370655.8,25994830.0,-0.69260001,0.065152824
905,2021-02-23,6613.6011,6701.4302,6609.0781,6631.229,1926568.6,20614466.0,-0.38800001,0.078684494
905,2021-02-24,6633.2822,6661.4331,6477.751,6536.186,1737188.4,19679784.0,-1.4333,0.089143455
905,2021-02-25,6600.2051,6609.564,6484.5552,6499.1528,1620681.9,17145116.0,-0.56660002,0.10477614
905,2021-02-26,6365.7388,6446.9458,6346.1328,6364.353,1507602.0,16365550.0,-2.0741,0.13552497
905,2021-03-01,6407.1641,6491.937,6404.8892,6488.439,1586084.4,16579221.0,1.9497,0.11819527
905,2021-03-02,6514.021,6514.021,6386.4902,6433.3281,1658770.8,17402546.0,-0.84939998,0.11809937
905,2021-03-03,6426.0371,6528.2222,6420.207,6524.751,1710175.3,16966746.0,1.4211,0.119890675
905,2021-03-04,6482.7871,6485.1641,6371.73,6401.9922,1943346.1,19265776.0,-1.8814,0.13694003
905,2021-03-05,6325.752,6442.0161,6319.5322,6403.4961,1665048.9,16366650.0,0.023499999,0.14865392
905,2021-03-08,6453.7798,6488.8188,6253.6968,6256.4092,1685463.4,17712004.0,-2.2969999,0.198599
905,2021-03-09,6235.314,6250.9351,6033.4082,6108.0029,1964326.9,18188846.0,-2.3721001,0.23510763
905,2021-03-10,6164.7681,6179.854,6053.019,6062.2549,1425542.8,13561124.0,-0.74900001,0.2565376
905,2021-03-11,6074.335,6213.9341,6045.5488,6213.832,1608146.4,14941266.0,2.5002999,0.22431292
905,2021-03-12,6231.4849,6232.501,6137.9902,6222.3799,1757461.8,16034695.0,0.1376,0.22923192
905,2021-03-15,6192.2988,6229.5718,6111.3579,6173.8721,1707996.9,15056493.0,-0.77960002,0.22396708
905,2021-03-16,6176.0688,6222.1821,6124.7769,6195.2441,1528459.9,13885279.0,0.34619999,0.22550558
905,2021-03-17,6180.8931,6230.5591,6124.0498,6225.3589,1348404.0,12510692.0,0.48609999,0.19622582
905,2021-03-18,6231.1929,6300.9448,6227.1929,6273.856,1407256.6,13798497.0,0.77899998,0.17879099
905,2021-03-19,6195.2529,6258.1318,6167.5068,6206.6021,1432382.8,14389849.0,-1.072,0.20091878
905,2021-03-22,6208.9321,6307.5479,6206.0811,6305.6919,1430414.5,13848439.0,1.5965,0.1898518
905,2021-03-23,6307.98,6307.98,6181.1338,6219.167,1509640.5,14408564.0,-1.3722,0.18671581
905,2021-03-24,6180.312,6232.1309,6131.8232,6142.5439,1476731.1,13768457.0,-1.232,0.16736485
905,2021-03-25,6118.8701,6190.938,6108.2612,6157.4072,1293070.9,12210159.0,0.242,0.16914421
905,2021-03-26,6164.8242,6264.5552,6164.8242,6251.7939,1288876.1,13040507.0,1.5329,0.12131323
905,2021-03-29,6269.999,6277.7651,6215.7979,6254.9429,1396339.0,13760714.0,0.0504,0.1356791
905,2021-03-30,6239.4702,6287.874,6217.3271,6280.3589,1344095.9,13890265.0,0.40630001,0.12912908
905,2021-03-31,6277.6958,6277.6958,6205.939,6254.0698,1251284.9,12453960.0,-0.41859999,0.13373643
905,2021-04-01,6259.4141,6321.5801,6238.3071,6311.6641,1303748.1,12497161.0,0.92089999,0.101482876
905,2021-04-02,6316.5562,6341.6548,6291.7139,6326.606,1239388.8,12530945.0,0.2367,0.10352932
905,2021-04-06,6345.8911,6367.7852,6323.2422,6343.0962,1114891.6,11597971.0,0.2606,0.10487572
905,2021-04-07,6350.3779,6350.3779,6289.0649,6348.0762,1500167.8,13965914.0,0.078500003,0.10650219
905,2021-04-08,6332.9258,6385.1948,6309.123,6356.7529,1737412.8,14743281.0,0.1367,0.11190495
905,2021-04-09,6345.29,6360.4502,6307.6558,6335.2388,1413069.0,12753922.0,-0.33840001,0.123932205
905,2021-04-12,6325.2642,6344.1621,6203.5688,6226.418,1554414.4,14201834.0,-1.7177,0.14332123
905,2021-04-13,6210.2231,6254.897,6193.8091,6209.7798,1303877.1,11603238.0,-0.26719999,0.14307658
905,2021-04-14,6206.6372,6287.8379,6206.6372,6277.2109,1174382.1,10728282.0,1.0858999,0.11929773
905,2021-04-15,6263.6279,6281.4258,6211.6602,6276.4609,1197761.8,11158212.0,-0.0119,0.13184579
905,2021-04-16,6283.8618,6344.9468,6276.4321,6339.5908,1267646.5,11998463.0,1.0058,0.12033005
905,2021-04-19,6331.71,6431.7769,6315.083,6425.2612,1422009.3,14472053.0,1.3513,0.09701439
905,2021-04-20,6419.731,6467.3809,6410.2778,6428.541,1346745.3,14336475.0,0.050999999,0.0811593
905,2021-04-21,6396.272,6434.6299,6369.77,6420.2588,1210517.4,12835489.0,-0.1288,0.0938031
905,2021-04-22,6444.2842,6472.8042,6424.7539,6445.4658,1249238.8,13190616.0,0.3926,0.09546092
905,2021-04-23,6445.5161,6463.9751,6412.9878,6462.7559,1261173.0,13517099.0,0.2683,0.08082376
905,2021-04-26,6480.2998,6546.6431,6437.1909,6442.645,1449641.4,16658677.0,-0.31119999,0.0892815
905,2021-04-27,6434.6128,6466.252,6399.436,6446.2822,1258947.1,13832009.0,0.056499999,0.09735377
905,2021-04-28,6433.0991,6489.7441,6410.3169,6489.7441,1172349.4,13637785.0,0.6742,0.0773781
905,2021-04-29,6495.646,6502.4248,6453.52,6491.9282,1283054.4,14550231.0,0.0337,0.08241681
905,2021-04-30,6470.353,6503.1538,6434.73,6485.708,1442542.4,16374633.0,-0.095799997,0.09190144
905,2021-05-06,6503.6011,6548.0659,6440.3311,6489.3491,1541419.8,16743613.0,0.0561,0.08829576
905,2021-05-07,6505.5752,6524.1802,6439.895,6444.4429,1775187.5,17791564.0,-0.69199997,0.104805954
905,2021-05-10,6461.418,6493.4971,6437.1069,6475.9941,1890801.4,18090662.0,0.4896,0.105098724
905,2021-05-11,6436.292,6472.8691,6349.7871,6456.0381,1872636.1,17535014.0,-0.3082,0.099468865
905,2021-05-12,6434.9141,6521.4878,6419.7368,6512.0498,1564909.3,15012720.0,0.86760002,0.08198482
905,2021-05-13,6448.96,6496.9961,6426.5762,6439.0269,1596586.5,15585365.0,-1.1214,0.10335526
905,2021-05-14,6454.6792,6525.8042,6421.208,6525.8042,1662434.1,16361126.0,1.3477,0.085641384
905,2021-05-17,6521.8862,6613.895,6521.8862,6578.1401,1593637.6,17202926.0,0.80199999,0.0899549
905,2021-05-18,6578.9712,6604.6851,6558.7778,6599.5991,1325054.9,14198653.0,0.32620001,0.09932044
905,2021-05-19,6582.104,6590.981,6544.8408,6584.3872,1351812.5,14634635.0,-0.2305,0.10281772
905,2021-05-20,6541.0928,6580.437,6506.4082,6548.7109,1623299.3,16713580.0,-0.54180002,0.10802139
905,2021-05-21,6557.4878,6570.457,6512.8062,6527.8638,1343507.0,14599015.0,-0.31830001,0.10810247
905,2021-05-24,6515.833,6564.0708,6494.6162,6544.1221,1372266.1,15073921.0,0.2491,0.10325903
905,2021-05-25,6549.3442,6628.6929,6524.3032,6619.6709,1446920.4,15803557.0,1.1545,0.09097537
905,2021-05-26,6631.3662,6642.3799,6612.4229,6628.207,1562370.0,16990462.0,0.12890001,0.09422577
905,2021-05-27,6629.2368,6685.4829,6620.7202,6685.4048,1451666.8,16464245.0,0.86290002,0.08786784
905,2021-05-28,6699.2842,6718.0898,6643.644,6668.1699,1573183.9,17661176.0,-0.25780001,0.08425368
905,2021-05-31,6681.5498,6729.0742,6667.2578,6728.9912,1469294.9,17672870.0,0.91210002,0.085142896
905,2021-06-01,6718.6431,6742.98,6656.6631,6739.7622,1610919.6,18503858.0,0.1601,0.07428955
905,2021-06-02,6740.5029,6748.1509,6662.751,6681.4292,1573653.3,17426556.0,-0.86549997,0.078635424
905,2021-06-03,6680.105,6744.5181,6654.4551,6667.7261,1548856.9,16759894.0,-0.2051,0.09527463
905,2021-06-04,6642.0601,6725.686,6628.0059,6693.0571,1378664.0,16125714.0,0.37990001,0.093718134
905,2021-06-07,6705.7358,6729.8452,6689.7021,6721.502,1405609.0,17415402.0,0.42500001,0.08705554
905,2021-06-08,6726.0869,6752.627,6652.3911,6684.563,1386849.5,16990662.0,-0.54960001,0.10000172
905,2021-06-09,6677.1382,6712.252,6656.0552,6692.9048,1365110.4,15548611.0,0.1248,0.09431301
905,2021-06-10,6688.8188,6773.4561,6683.4941,6765.644,1542809.6,17700302.0,1.0868,0.081088334
905,2021-06-11,6773.6421,6775.8628,6717.2729,6725.915,1695696.1,19441338.0,-0.58719999,0.097396724
905,2021-06-15,6734.0952,6736.5371,6649.2041,6663.6621,1522092.5,16635928.0,-0.92559999,0.09767872
905,2021-06-16,6659.4941,6662.7778,6554.8931,6566.2861,1368078.8,15226946.0,-1.4613,0.09589698
905,2021-06-17,6554.3008,6618.5039,6554.3008,6616.1738,1244925.6,14379595.0,0.75980002,0.09964883
905,2021-06-18,6610.2661,6671.8818,6587.0352,6657.7642,1380225.8,16154007.0,0.6286,0.096834116
905,2021-06-21,6652.6528,6722.9839,6638.5171,6707.1758,1430311.8,17477656.0,0.74220002,0.093931355
905,2021-06-22,6723.2979,6748.9658,6691.8218,6739.7939,1465435.0,17014748.0,0.48629999,0.07996713
905,2021-06-23,6741.5771,6803.9741,6720.582,6789.9458,1553096.1,18458204.0,0.74409997,0.07110561
905,2021-06-24,6791.8608,6791.8608,6743.3271,6754.8662,1450465.3,17262766.0,-0.51660001,0.078634866
905,2021-06-25,6748.8662,6824.8579,6739.0161,6813.4141,1514856.6,17432926.0,0.86680001,0.063750684
905,2021-06-28,6814.3169,6843.519,6802.8579,6828.5161,1455040.5,17544798.0,0.2217,0.07065135
905,2021-06-29,6833.0571,6835.0479,6756.916,6765.4199,1366257.3,16762224.0,-0.92400002,0.08779677
905,2021-06-30,6767.7422,6812.3799,6757.3398,6808.1831,1254061.6,15503184.0,0.63209999,0.08023771
905,2021-07-01,6827.6968,6827.6968,6716.666,6716.666,1383508.1,16819992.0,-1.3442,0.07533631
905,2021-07-02,6701.064,6718.5049,6651.4849,6658.0449,1364722.9,16230231.0,-0.87279999,0.085898355
905,2021-07-05,6670.126,6716.147,6663.5439,6711.0142,1347347.3,16513586.0,0.7956,0.069238655
905,2021-07-06,6727.9668,6747.8472,6633.6152,6709.498,1450179.5,18356934.0,-0.022600001,0.07183149
905,2021-07-07,6661.854,6765.4341,6642.5708,6764.1318,1476469.5,17626676.0,0.8143,0.05486163
905,2021-07-08,6774.8452,6797.0771,6740.8501,6748.6538,1595645.4,20304302.0,-0.2288,0.066424996
905,2021-07-09,6721.6089,6814.6528,6683.7861,6804.5391,1661070.0,20457674.0,0.82810003,0.04309178
905,2021-07-12,6852.4751,6926.7578,6840.0181,6904.3818,1935610.5,23988354.0,1.4673001,0.025601031
905,2021-07-13,6901.812,6961.9741,6889.0259,6961.8481,1796208.4,22383120.0,0.83230001,0.028154995
905,2021-07-14,6953.8218,6973.6152,6898.75,6898.75,1717354.5,21490454.0,-0.90630001,0.038327117
905,2021-07-15,6874.8052,6936.5791,6828.4819,6932.4058,1732211.1,20519928.0,0.48789999,0.026881924
905,2021-07-16,6931.0508,6992.834,6922.3462,6925.123,1849078.6,22155930.0,-0.1051,0.019012254
905,2021-07-19,6912.0981,6931.144,6856.6499,6889.3379,1697348.1,20807710.0,-0.51670003,0.012668605
905,2021-07-20,6831.0508,6901.1328,6825.8232,6901.1318,1401406.3,17114050.0,0.17120001,0.011319056
905,2021-07-21,6923.6118,6998.2852,6922.9209,6984.542,1630092.8,20493958.0,1.2086,-0.03444535
905,2021-07-22,6996.2549,7026.7339,6960.2969,7026.5479,1902333.1,21950028.0,0.60140002,-0.034721415
905,2021-07-23,7036.2979,7061.668,6968.3071,6985.75,2250790.8,25375124.0,-0.58060002,-0.054372687
905,2021-07-26,6974.1089,6986.4971,6778.4971,6868.207,2081972.4,24270224.0,-1.6826,-0.041885342
905,2021-07-27,6877.4419,6925.9712,6719.2559,6719.2559,2286143.5,26695798.0,-2.1687,-0.006346551
905,2021-07-28,6650.1519,6709.2261,6534.918,6621.9849,1972671.6,22246640.0,-1.4476,0.018152714
905,2021-07-29,6720.6162,6773.5669,6682.1191,6758.8872,1710178.9,20914200.0,2.0674,0.01244875
905,2021-07-30,6739.7549,6775.0059,6702.5112,6767.3159,1897117.4,22251480.0,0.1247,0.010812115
905,2021-08-02,6756.813,6875.416,6731.7759,6872.0,2062051.8,24964020.0,1.5469,-0.018477313
905,2021-08-03,6844.3701,6879.5928,6792.7119,6816.0112,1941894.4,23772302.0,-0.81470001,-0.017651878
905,2021-08-04,6814.085,6931.7808,6813.228,6931.3369,1740643.5,21618976.0,1.692,-0.024679093
905,2021-08-05,6920.939,6946.335,6880.6909,6911.8291,1793718.9,22667238.0,-0.2814,-0.020225456
905,2021-08-06,6929.0229,6947.5361,6885.647,6938.8682,1723569.1,21495874.0,0.39120001,-0.024511073
905,2021-08-09,6914.3218,6989.7061,6877.1948,6979.5259,1738333.8,21095564.0,0.58590001,-0.020703971
905,2021-08-10,6970.8262,7019.6851,6958.8052,7019.228,1730879.6,22266042.0,0.56879997,-0.021671215
905,2021-08-11,7024.769,7076.373,6999.9331,7073.522,1883579.0,22175952.0,0.77350003,-0.040822633
905,2021-08-12,7059.4668,7115.8872,7051.0132,7095.2021,1940791.3,22607488.0,0.30649999,-0.02928434
905,2021-08-13,7070.4712,7124.9219,7050.3052,7088.8882,1921906.0,22186598.0,-0.089000002,-0.045707054
905,2021-08-16,7087.5801,7102.396,7039.103,7052.4878,1881788.9,22208046.0,-0.51349998,-0.03304601
905,2021-08-17,7045.7549,7063.0181,6876.499,6894.4038,2019363.8,22655300.0,-2.2414999,-0.005960733
905,2021-08-18,6883.2661,6950.8848,6865.0659,6941.0078,1753673.3,19199740.0,0.676,-0.009647432
905,2021-08-19,6917.5088,6978.9829,6869.293,6947.0562,1718135.9,19499292.0,0.087099999,-0.010337616
905,2021-08-20,6915.0181,6952.519,6843.002,6920.0249,1756271.4,20513564.0,-0.38909999,-0.008738856
905,2021-08-23,6949.332,7031.8838,6949.332,7024.5649,1894566.1,21629954.0,1.5107,-0.031422716
905,2021-08-24,7031.6479,7098.0288,7009.6899,7090.7822,2027269.0,23647932.0,0.94260001,-0.060838435
905,2021-08-25,7092.147,7153.2739,7058.5708,7153.0039,1981268.9,22873740.0,0.8775,-0.10109245
905,2021-08-26,7151.5298,7175.5122,7115.8452,7118.8442,2301762.0,25536354.0,-0.47760001,-0.11423699
905,2021-08-27,7096.6548,7185.7271,7083.2109,7180.1089,2238304.8,25899782.0,0.86059999,-0.10656788
905,2021-08-30,7202.626,7262.604,7190.6138,7226.8818,2506491.5,30101544.0,0.65140003,-0.10416038
905,2021-08-31,7202.5239,7255.3418,7159.3018,7255.3418,2451083.5,28865732.0,0.39379999,-0.12842451
905,2021-09-01,7271.0342,7278.1558,7100.3071,7193.1001,2955201.5,33102316.0,-0.85790002,-0.17073572
905,2021-09-02,7172.3989,7309.332,7172.3989,7307.0078,2534117.0,27154488.0,1.5836,-0.157484
905,2021-09-03,7335.6958,7385.2432,7227.0352,7278.6812,2888012.5,31501680.0,-0.38769999,-0.1389204
905,2021-09-06,7297.3608,7359.5371,7231.729,7355.4009,2558751.5,27372034.0,1.054,-0.1391065
905,2021-09-07,7360.3828,7501.126,7350.6958,7498.9258,2607275.5,28040336.0,1.9513,-0.15201949
905,2021-09-08,7496.334,7549.4541,7483.8711,7544.041,2728478.0,28785094.0,0.60159999,-0.15720117
905,2021-09-09,7534.9819,7617.6572,7526.9692,7617.4512,2872040.8,30238004.0,0.97310001,-0.16007324
905,2021-09-10,7613.604,7661.4258,7564.2612,7607.6748,2934686.5,32268800.0,-0.1283,-0.16609012
905,2021-09-13,7613.54,7650.8789,7566.7759,7648.748,2636186.0,29895606.0,0.5399,-0.1804884
905,2021-09-14,7630.7148,7688.604,7544.0161,7556.6162,2715015.0,30646442.0,-1.2045,-0.16850603
905,2021-09-15,7535.251,7627.6699,7521.877,7592.3062,2333984.3,27407280.0,0.47229999,-0.17639402
905,2021-09-16,7616.8809,7657.2251,7445.2329,7446.9351,2676497.8,30116298.0,-1.9147,-0.14355719
905,2021-09-17,7421.8052,7471.4189,7275.9829,7395.5649,2336042.3,25901910.0,-0.68980002,-0.14476298
905,2021-09-22,7305.0791,7453.9321,7298.0269,7453.625,1967945.4,22183888.0,0.78509998,-0.14611736
905,2021-09-23,7512.3311,7543.6602,7467.2021,7502.8389,2411587.0,26765924.0,0.66030002,-0.15273046
905,2021-09-24,7490.5649,7490.5649,7373.2852,7380.3838,2317155.8,24898314.0,-1.6321,-0.15700985
905,2021-09-27,7400.0049,7410.4668,7128.5122,7170.5898,2395424.0,25509692.0,-2.8426001,-0.1319937
905,2021-09-28,7158.6201,7227.457,7155.2739,7198.897,2028005.6,19620238.0,0.39480001,-0.1623864
905,2021-09-29,7142.7612,7161.2119,6996.5718,7010.2192,2105707.0,20783060.0,-2.6208999,-0.12600347
905,2021-09-30,7034.6938,7116.0371,7034.6938,7103.6079,2024826.1,18618566.0,1.3322001,-0.14911883
905,2021-10-08,7191.2251,7198.9609,7058.8311,7091.3359,2054677.0,20287750.0,-0.1728,-0.13605979
905,2021-10-11,7102.8818,7123.7461,7048.873,7090.4668,1954208.4,19470950.0,-0.0123,-0.14381532
905,2021-10-12,7069.3521,7079.7051,6891.8452,6952.1899,2016667.3,19414654.0,-1.9502,-0.12631749
905,2021-10-13,6957.729,6991.2441,6887.3389,6981.5952,1626046.5,16367828.0,0.42300001,-0.12736332
905,2021-10-14,6970.647,7033.396,6949.481,7008.333,1547646.6,16294674.0,0.38299999,-0.15002313
905,2021-10-15,6996.1201,7034.0278,6975.2402,7024.1602,1741083.4,18899974.0,0.22579999,-0.1800015
905,2021-10-18,7027.1401,7071.8701,6983.7158,7068.105,1756270.1,19431300.0,0.62559998,-0.18776193
905,2021-10-19,7060.7749,7127.2358,7051.7788,7120.3789,1681357.6,18270116.0,0.7396,-0.24586642
905,2021-10-20,7081.9849,7154.9092,7067.1348,7118.7959,1705113.4,18627650.0,-0.0222,-0.26476246
905,2021-10-21,7127.6348,7145.584,7069.4512,7098.2539,1679719.6,18436488.0,-0.2886,-0.23403175
905,2021-10-22,7089.1348,7110.6572,7020.8711,7026.0679,1716151.5,18419196.0,-1.017,-0.22876291
905,2021-10-25,7019.022,7105.9771,7003.7788,7103.9858,1590046.0,18460728.0,1.109,-0.20778249
905,2021-10-26,7120.0659,7155.6279,7085.0688,7102.4341,1750322.0,20499802.0,-0.0218,-0.19933054
905,2021-10-27,7093.124,7097.8569,7017.8618,7048.604,1790208.9,21252390.0,-0.7579,-0.21065661
905,2021-10-28,7026.2939,7043.417,6930.541,6950.2769,1880753.4,21038052.0,-1.395,-0.19305141
905,2021-10-29,6955.8472,7022.7539,6920.3071,7022.499,1707795.4,20701190.0,1.0391001,-0.18973476
905,2021-11-01,7005.0688,7087.292,6993.27,7060.7559,1841429.9,22653356.0,0.54479998,-0.18736507
905,2021-11-02,7061.002,7093.6118,6921.8501,6985.1001,1961147.3,23063360.0,-1.0714999,-0.1778069
905,2021-11-03,6975.064,7034.0918,6962.8691,7017.854,1508146.5,18353064.0,0.4689,-0.1739924
905,2021-11-04,7031.9468,7073.8521,7018.6089,7073.8521,1526520.5,18853336.0,0.79790002,-0.18133982
905,2021-11-05,7071.083,7073.8521,6991.1519,6991.9082,1772413.9,20729970.0,-1.1584001,-0.16813298
905,2021-11-08,6986.4961,7034.1411,6984.8101,7026.9722,1463608.6,17681036.0,0.50150001,-0.17496611
905,2021-11-09,7037.5732,7087.0229,7028.313,7081.7539,1416968.5,17562042.0,0.77960002,-0.17557044
905,2021-11-10,7061.6362,7072.1479,6965.8628,7062.3311,1621383.5,18712158.0,-0.27430001,-0.16040643
905,2021-11-11,7048.8628,7121.9219,7033.0879,7119.8589,1654006.9,18663778.0,0.81459999,-0.16210026
905,2021-11-12,7118.9932,7165.106,7112.582,7156.6128,1685134.3,19524998.0,0.51620001,-0.19715165
905,2021-11-15,7166.0371,7176.77,7083.7778,7098.2129,1611482.0,20193976.0,-0.81599998,-0.17665827
905,2021-11-16,7083.9209,7121.7441,7040.5068,7045.939,1623703.1,19203224.0,-0.73640001,-0.16099742
905,2021-11-17,7043.6328,7106.0542,7033.9531,7104.5342,1403471.1,16887530.0,0.83160001,-0.1695564
905,2021-11-18,7108.7798,7130.2881,7066.4888,7084.6831,1627148.6,18515296.0,-0.27939999,-0.1611718
905,2021-11-19,7083.0068,7174.251,7073.7168,7169.876,1781858.5,19360134.0,1.2025,-0.15950613
905,2021-11-22,7177.4009,7259.5322,7177.4009,7255.0742,1805224.8,22298622.0,1.1883,-0.16973364
905,2021-11-23,7245.9458,7292.917,7239.0,7261.3789,1895950.4,21829902.0,0.086900003,-0.16290897
905,2021-11-24,7260.2158,7278.396,7229.604,7256.1118,1776740.8,20953706.0,-0.072499998,-0.14727832
905,2021-11-25,7262.793,7262.793,7228.291,7233.542,1640681.0,19032776.0,-0.31099999,-0.14473893
905,2021-11-26,7216.6382,7249.1992,7201.1948,7219.8618,1594231.4,19209382.0,-0.1891,-0.13878849
905,2021-11-29,7129.939,7226.3389,7125.4302,7221.8979,1669414.0,19855172.0,0.028200001,-0.15109767
905,2021-11-30,7252.332,7281.1338,7210.835,7252.7549,1863361.6,21321752.0,0.42730001,-0.13962308
905,2021-12-01,7239.1279,7272.9399,7215.6719,7272.8369,1718063.0,19611186.0,0.27689999,-0.14289029
905,2021-12-02,7256.4238,7279.9458,7221.3618,7229.9878,1765555.5,19862704.0,-0.58920002,-0.13200893
905,2021-12-03,7233.5718,7310.2749,7223.7959,7301.917,1862227.4,20079122.0,0.99489999,-0.14254558
905,2021-12-06,7308.9888,7330.4692,7235.4482,7240.4561,2130699.5,21832270.0,-0.84170002,-0.13474762
905,2021-12-07,7274.126,7284.645,7148.0679,7206.8262,1922438.5,20613608.0,-0.46450001,-0.12356578
905,2021-12-08,7225.0,7302.9912,7214.2588,7302.9912,1692804.5,19027998.0,1.3344001,-0.13317792
905,2021-12-09,7298.7959,7331.584,7290.2681,7320.3179,1960871.6,21149206.0,0.23729999,-0.14252344
905,2021-12-10,7285.9741,7317.2661,7276.6128,7306.646,1872307.0,20939768.0,-0.1868,-0.15425357
905,2021-12-13,7334.1099,7371.3101,7322.438,7353.0308,1853630.6,21074154.0,0.63480002,-0.14314583
905,2021-12-14,7330.2358,7349.8779,7314.4302,7324.1328,1595837.5,18355600.0,-0.39300001,-0.13050686
905,2021-12-15,7319.6641,7352.3789,7302.3828,7314.2588,1599239.3,18385942.0,-0.1348,-0.123937875
905,2021-12-16,7323.4121,7380.9971,7323.4121,7380.9971,1776903.4,18700876.0,0.91240001,-0.11917699
905,2021-12-17,7380.7202,7384.0181,7308.7222,7314.5601,1962653.4,20343964.0,-0.90009999,-0.12854679
905,2021-12-20,7290.9492,7313.4819,7191.0498,7195.9731,1817278.5,19035068.0,-1.6212,-0.10309863
905,2021-12-21,7190.9731,7285.7212,7190.9731,7275.4678,1762167.5,16425806.0,1.1047,-0.11503448
905,2021-12-22,7289.9072,7318.605,7271.8179,7302.4629,1741171.9,17108840.0,0.37099999,-0.1067218
905,2021-12-23,7306.1592,7349.9951,7290.3789,7337.1899,1691317.6,18046700.0,0.4756,-0.112530835
905,2021-12-24,7336.0,7339.9409,7257.5269,7278.7559,1694187.0,18268110.0,-0.79640001,-0.11818105
905,2021-12-27,7269.3701,7323.876,7255.7158,7272.749,1486187.9,16558565.0,-0.082500003,-0.11271711
905,2021-12-28,7281.0039,7290.5391,7240.9282,7286.0342,1432620.4,16478285.0,0.18269999,-0.12099795
905,2021-12-29,7275.6738,7290.8599,7242.3018,7247.7739,1362095.5,15574398.0,-0.52509999,-0.12812676
905,2021-12-30,7246.0308,7324.498,7244.2222,7310.96,1416511.1,15844827.0,0.87180001,-0.14628462
905,2021-12-31,7320.936,7368.1299,7317.7051,7359.4019,1499090.0,16945692.0,0.66259998,-0.14823322
905,2022-01-04,7387.8062,7392.1021,7317.501,7354.4561,2008100.1,21917510.0,-0.067199998,-0.1430458
905,2022-01-05,7343.8999,7346.2622,7200.731,7222.6748,1940024.0,20980976.0,-1.7919,-0.14203534
905,2022-01-06,7187.9502,7242.7661,7167.8081,7229.96,1733357.6,17990754.0,0.1009,-0.12691689
905,2022-01-07,7232.4092,7262.8052,7168.04,7175.6758,2000180.1,20249846.0,-0.75080001,-0.11705752
905,2022-01-10,7161.438,7193.9219,7122.0889,7191.4512,1657488.8,17671792.0,0.2198,-0.10856532
905,2022-01-11,7187.0161,7206.9189,7118.8379,7135.2231,1694945.6,17964536.0,-0.78189999,-0.11038548
905,2022-01-12,7160.1758,7196.9331,7148.6279,7196.9331,1560514.9,17033430.0,0.86489999,-0.12608147
905,2022-01-13,7203.2432,7203.2432,7096.3252,7097.7588,1691489.6,17459902.0,-1.378,-0.12208403
905,2022-01-14,7063.4229,7125.0918,7052.6348,7081.1411,1755912.0,18151396.0,-0.2341,-0.109189324
905,2022-01-17,7080.6162,7169.3452,7078.6631,7157.8589,1617797.3,18349080.0,1.0834,-0.11534539
905,2022-01-18,7163.1279,7191.0049,7133.1948,7163.1592,1792353.9,19500022.0,0.074000001,-0.11377566
905,2022-01-19,7144.4771,7182.062,7078.3608,7118.7622,1631783.6,17467528.0,-0.61979997,-0.115841545
905,2022-01-20,7119.5098,7135.7759,7040.0142,7056.7852,1686662.9,17275320.0,-0.87059999,-0.1005506
905,2022-01-21,7037.939,7040.4248,6965.333,6976.6162,1446797.9,15820402.0,-1.1361001,-0.11561767
905,2022-01-24,6942.918,7006.7012,6925.771,6979.2461,1226795.6,13592072.0,0.037700001,-0.12249621
905,2022-01-25,6959.9951,6979.4829,6743.957,6743.957,1503372.5,15426549.0,-3.3713,-0.086777255
905,2022-01-26,6762.3511,6799.813,6721.896,6782.5762,1206153.1,13023471.0,0.57260001,-0.07549713
905,2022-01-27,6781.6079,6785.7271,6605.916,6605.916,1252437.5,13224473.0,-2.6046,-0.04281629
905,2022-01-28,6690.1758,6690.1758,6510.1812,6580.5298,1270888.3,13025802.0,-0.38429999,-0.03632668
905,2022-02-07,6664.5679,6702.332,6656.1309,6676.6118,1450926.3,13864153.0,1.4601001,-0.05310412
905,2022-02-08,6678.9888,6742.4019,6599.3672,6742.1919,1595985.8,14545866.0,0.98220003,-0.044916105
905,2022-02-09,6736.751,6848.6948,6725.7979,6843.0269,1628227.3,15536252.0,1.4956,-0.06169403
905,2022-02-10,6841.1611,6864.686,6797.0068,6840.4849,1549165.6,14706485.0,-0.037099998,-0.058135614
905,2022-02-11,6811.7798,6840.7212,6735.894,6745.0239,1598013.5,15670019.0,-1.3954999,-0.041487902
905,2022-02-14,6711.5879,6765.5161,6667.4902,6695.6958,1370824.6,13219201.0,-0.7313,-0.030197145
905,2022-02-15,6700.8179,6762.8589,6686.9492,6760.2778,1128057.6,12126841.0,0.96450001,-0.04311533
905,2022-02-16,6779.208,6788.3638,6751.7998,6772.0342,1084140.0,11468514.0,0.17389999,-0.05616014
905,2022-02-17,6764.334,6797.6152,6730.1802,6768.7891,1229850.9,13070676.0,-0.047899999,-0.043746214
905,2022-02-18,6734.519,6835.2031,6727.8159,6835.022,1399526.4,13440667.0,0.97850001,-0.05393065
905,2022-02-21,6843.084,6871.9932,6822.876,6867.1128,1451463.1,15007240.0,0.46950001,-0.084829785
905,2022-02-22,6827.0469,6827.0469,6743.8491,6784.7622,1486099.1,15290626.0,-1.1992,-0.06810355
905,2022-02-23,6785.103,6889.6958,6785.103,6887.4238,1441166.3,15941301.0,1.5131,-0.085525416
905,2022-02-24,6861.4121,6898.4141,6688.7529,6764.876,2108497.5,21805710.0,-1.7793,-0.06718144
905,2022-02-25,6805.6372,6895.0439,6801.3271,6819.4312,1564291.4,16410558.0,0.8064,-0.078232974
905,2022-02-28,6831.4878,6853.3428,6770.0508,6853.3081,1396013.9,14858535.0,0.49680001,-0.10178471
905,2022-03-01,6868.6221,6889.3311,6837.2471,6874.0449,1377172.1,14753531.0,0.3026,-0.10870978
905,2022-03-02,6853.0718,6878.3501,6828.063,6875.2402,1371149.8,14087132.0,0.0174,-0.10556917
905,2022-03-03,6900.9771,6907.4092,6843.9868,6859.5518,1890917.8,17351674.0,-0.2282,-0.098680615
905,2022-03-04,6823.835,6871.0859,6779.4141,6803.834,1774118.9,16585259.0,-0.81230003,-0.075290374
905,2022-03-07,6800.7671,6800.8159,6628.4829,6659.3901,1664846.0,16463676.0,-2.1229999,-0.053732563
905,2022-03-08,6650.5801,6665.9468,6416.7998,6429.8892,1862960.8,18444420.0,-3.4463,-0.02446605
905,2022-03-09,6443.2021,6462.478,6066.7642,6305.6089,1978027.4,18833560.0,-1.9328001,0.001802094
905,2022-03-10,6424.9121,6475.144,6390.7251,6414.9399,1531523.5,15897183.0,1.7339,-0.017851764
905,2022-03-11,6343.186,6479.7212,6270.0229,6474.127,1521145.0,15877125.0,0.92259997,-0.034624606
905,2022-03-14,6419.2388,6490.6118,6323.5781,6323.5781,1379540.0,15370645.0,-2.3254001,-0.034123436
905,2022-03-15,6272.4429,6278.0688,5964.981,5964.981,1947137.5,18410246.0,-5.6708002,-0.0017564348
905,2022-03-16,6068.8999,6173.7881,5824.3301,6156.271,1788268.5,17861344.0,3.2068999,-0.03949178
905,2022-03-17,6233.644,6369.8882,6225.98,6267.5239,1704385.4,18484506.0,1.8071001,-0.049338765
905,2022-03-18,6249.4761,6338.2241,6231.7261,6332.2168,1526202.1,15330242.0,1.0322,-0.05584706
905,2022-03-21,6340.5591,6389.21,6284.853,6358.9429,1596537.3,16177409.0,0.42210001,-0.06181186
905,2022-03-22,6343.3999,6404.8271,6313.2739,6358.1089,1511078.8,14570539.0,-0.0131,-0.0736865
905,2022-03-23,6368.313,6420.1592,6353.3359,6398.1011,1431793.6,14168493.0,0.62900001,-0.09249357
905,2022-03-24,6370.9712,6384.4048,6315.1421,6344.1152,1377490.9,13917599.0,-0.84380001,-0.06684336
905,2022-03-25,6346.7109,6373.4658,6268.2378,6268.2378,1349722.5,13518184.0,-1.196,-0.07956268
905,2022-03-28,6230.1211,6322.1279,6176.248,6283.2808,1448578.9,13699174.0,0.23999999,-0.08139058
905,2022-03-29,6289.4761,6316.313,6233.2822,6253.0688,1413621.3,14040140.0,-0.4808,-0.086198606
905,2022-03-30,6272.002,6377.874,6261.8042,6377.874,1640145.8,15560080.0,1.9959,-0.116365284
905,2022-03-31,6361.104,6383.0742,6313.9658,6324.9609,1769039.5,16707282.0,-0.82959998,-0.10125833
905,2022-04-01,6289.3901,6373.2598,6274.001,6364.521,1751286.0,15455171.0,0.62550002,-0.08548434
905,2022-04-06,6363.002,6363.002,6279.0718,6356.9268,1968535.9,16952502.0,-0.1193,-0.082837336
905,2022-04-07,6321.8091,6364.6279,6221.5908,6221.5908,1907621.9,16373581.0,-2.1289999,-0.039885588
905,2022-04-08,6227.1948,6237.915,6117.0142,6224.1172,1839548.9,15924530.0,0.040600002,-0.033502102
905,2022-04-11,6202.0229,6202.0229,6001.5659,6029.894,1783848.1,16220144.0,-3.1205001,0.0009585243
905,2022-04-12,6019.6738,6135.5698,5964.3892,6126.9072,1731801.9,15143239.0,1.6089,-0.02516508
905,2022-04-13,6094.6851,6129.6592,6039.9229,6044.3262,1670430.6,14727011.0,-1.3478,-0.015794052
905,2022-04-14,6074.1338,6156.4961,6060.6812,6126.4902,1590331.0,14708947.0,1.3594,-0.027684579
905,2022-04-15,6094.1221,6122.29,6048.1602,6070.749,1846270.0,16217012.0,-0.90979999,-0.028636698
905,2022-04-18,6019.5308,6094.6709,5975.4458,6074.0068,1491863.8,13155363.0,0.0537,-0.033622947
905,2022-04-19,6067.48,6106.9312,6052.0962,6092.396,1419975.4,12922743.0,0.30270001,-0.01982716
905,2022-04-20,6082.812,6093.7832,5942.0049,5956.9209,1510556.0,13472086.0,-2.2237,0.0010211652
905,2022-04-21,5933.7891,5971.1938,5742.418,5759.8008,1578545.0,13562576.0,-3.3090999,0.0038188994
905,2022-04-22,5728.1929,5794.335,5667.3379,5740.9839,1399976.0,12024369.0,-0.3267,0.011517555
905,2022-04-25,5656.394,5656.394,5369.7168,5369.7168,1867534.8,15066397.0,-6.467,0.10641682
905,2022-04-26,5374.2549,5434.7041,5225.207,5234.0059,1712994.4,13914383.0,-2.5272999,0.14592996
905,2022-04-27,5179.0308,5440.0688,5158.4761,5437.0371,1796933.9,14816559.0,3.8791001,0.1029388
905,2022-04-28,5398.9038,5472.8232,5339.6089,5418.7642,1550397.8,13302398.0,-0.33610001,0.1318933
905,2022-04-29,5458.915,5630.9331,5443.665,5627.9019,1812895.1,15772321.0,3.8594999,0.09124312
905,2022-05-05,5612.4961,5728.6162,5606.9409,5686.7021,1686432.1,15361401.0,1.0448,0.07870182
905,2022-05-06,5560.9761,5629.647,5542.1812,5563.769,1529933.4,12808492.0,-2.1617999,0.100122795
905,2022-05-09,5552.4761,5626.5908,5537.9751,5608.5161,1315539.3,11455507.0,0.80430001,0.0857943
905,2022-05-10,5532.6001,5698.5142,5519.4722,5690.0869,1653296.1,14113684.0,1.4543999,0.0788273
905,2022-05-11,5697.4292,5856.1919,5696.7021,5737.8169,1851636.3,17285514.0,0.83880001,0.068265736
905,2022-05-12,5707.5562,5779.3198,5687.1748,5743.1011,1392161.8,12595290.0,0.092100002,0.08589135
905,2022-05-13,5765.3169,5796.8008,5731.8599,5796.8008,1365597.8,11678529.0,0.935,0.070231184
905,2022-05-16,5840.2432,5855.7231,5767.5449,5791.0811,1513872.8,13245089.0,-0.098700002,0.073582806
905,2022-05-17,5789.916,5816.3379,5724.4448,5816.3379,1308293.9,11926045.0,0.43610001,0.064526856
905,2022-05-18,5815.605,5846.8442,5785.4551,5797.4902,1272438.5,11431997.0,-0.32409999,0.06765321
905,2022-05-19,5708.8008,5838.4072,5700.106,5838.4072,1366237.4,12273005.0,0.7058,0.04915599
905,2022-05-20,5854.0142,5929.542,5849.7612,5929.4878,1657273.3,15189081.0,1.5599999,0.03138841
905,2022-05-23,5941.1421,5968.8511,5908.6592,5965.728,1538760.1,14337616.0,0.61119998,0.025870757
905,2022-05-24,5962.1489,5967.2329,5745.6748,5745.6748,1775408.4,16185919.0,-3.6886001,0.059555076
905,2022-05-25,5741.2349,5844.2822,5736.1392,5844.2549,1435906.4,12668750.0,1.7157,0.036108848
905,2022-05-26,5848.0259,5928.707,5780.9702,5911.561,1623503.6,14266705.0,1.1517,0.042672284
905,2022-05-27,5921.332,5952.6152,5854.6099,5899.915,1434068.6,12850261.0,-0.197,0.043429777
905,2022-05-30,5918.2432,5942.9971,5867.1919,5942.832,1338526.5,12418359.0,0.7274,0.040935047
905,2022-05-31,5940.3721,6033.4731,5902.2749,6026.2368,1559449.1,14782525.0,1.4035,0.023526523
905,2022-06-01,6008.752,6042.3721,5970.4932,6023.644,1553657.8,14312725.0,-0.043000001,0.031788066
905,2022-06-02,6000.6182,6084.3169,5987.6411,6078.4351,1595716.8,15003630.0,0.90960002,0.02185051
905,2022-06-06,6079.8848,6194.4258,6070.707,6187.4438,1826799.6,18011938.0,1.7934,0.0026765657
905,2022-06-07,6186.5771,6199.7231,6136.0391,6186.5669,1773117.1,16911548.0,-0.0142,-4.569578e-05
905,2022-06-08,6184.96,6227.3291,6110.0601,6217.8281,1864288.6,17667060.0,0.50529999,-0.004105501
905,2022-06-09,6207.7271,6209.1099,6088.4639,6130.686,1721297.8,16039901.0,-1.4015,0.0039348127
905,2022-06-10,6083.501,6250.3628,6078.7852,6240.103,1925413.4,17868654.0,1.7847,-0.0189806
905,2022-06-13,6188.7661,6250.6812,6172.915,6233.6191,1881324.0,19765238.0,-0.1039,-0.022014964
905,2022-06-14,6161.6201,6278.9722,6061.1909,6275.5649,1974031.6,19616622.0,0.67290002,-0.027676553
905,2022-06-15,6275.3711,6398.3589,6261.0391,6261.061,2381407.8,23170474.0,-0.23109999,-0.030058516
905,2022-06-16,6262.2871,6330.3501,6242.3291,6264.8218,1946150.9,20089050.0,0.0601,-0.05241118
905,2022-06-17,6220.583,6328.3608,6181.854,6316.3091,1678591.3,18855534.0,0.82179999,-0.06938835
905,2022-06-20,6323.4058,6359.0,6277.2158,6330.394,1752071.5,20246310.0,0.223,-0.07654484
905,2022-06-21,6324.8408,6337.083,6215.292,6277.001,1644616.3,17881338.0,-0.8434,-0.079328455
905,2022-06-22,6281.8672,6285.6519,6176.8511,6179.5698,1540943.1,16424086.0,-1.5522,-0.06735478
905,2022-06-23,6186.9868,6300.4751,6142.937,6300.4751,1682660.5,17952560.0,1.9565001,-0.072569005
905,2022-06-24,6306.8291,6378.498,6304.082,6368.2832,1577127.0,18199558.0,1.0762,-0.075785115
905,2022-06-27,6398.3599,6449.3379,6390.2852,6407.7451,1689181.9,20165294.0,0.61970001,-0.08515444
905,2022-06-28,6412.4399,6506.665,6392.1089,6501.3521,1705827.1,19647938.0,1.4608001,-0.09904866
905,2022-06-29,6479.1699,6501.3931,6370.0161,6374.2969,1907283.1,21597630.0,-1.9543,-0.07998217
905,2022-06-30,6385.2148,6493.0908,6385.2148,6454.0781,1638467.8,19359898.0,1.2516,-0.077188574
905,2022-07-01,6450.75,6481.1489,6423.8569,6438.5381,1442046.4,17265774.0,-0.24079999,-0.07549602
905,2022-07-04,6445.0752,6524.2949,6405.3789,6523.1309,1578199.8,19378446.0,1.3139,-0.07859217
905,2022-07-05,6535.4541,6548.3018,6435.7368,6511.5298,1866254.8,20672492.0,-0.1778,-0.07658952
905,2022-07-06,6489.021,6496.9722,6359.4658,6418.5449,1771045.0,18828310.0,-1.428,-0.058973785
905,2022-07-07,6414.4082,6482.418,6380.167,6452.9858,1573511.3,17690622.0,0.53659999,-0.06271344
905,2022-07-08,6478.291,6490.1489,6404.1611,6404.439,1509867.0,17116274.0,-0.75230002,-0.060939264
905,2022-07-11,6387.4492,6387.4492,6274.7378,6319.1401,1519936.6,16942050.0,-1.3319,-0.04808455
905,2022-07-12,6317.8779,6346.5142,6238.563,6241.479,1445130.9,16274522.0,-1.229,-0.029446403
905,2022-07-13,6238.6802,6287.6401,6207.7222,6268.4941,1427107.3,14894120.0,0.43279999,-0.022703586
905,2022-07-14,6267.4722,6339.4219,6254.6821,6302.4321,1403540.5,15603497.0,0.54140002,-0.026940854
905,2022-07-15,6279.6768,6323.5352,6196.7998,6196.7998,1583868.3,16916528.0,-1.6761,-0.0073172767
905,2022-07-18,6216.1001,6315.6558,6200.52,6312.356,1591446.3,16389948.0,1.8648,-0.017114023
905,2022-07-19,6318.8369,6347.2432,6283.4019,6335.709,1463847.8,16301268.0,0.37,-0.013301574
905,2022-07-20,6353.0029,6416.8721,6351.8179,6410.709,1429325.8,15778231.0,1.1838,-0.019870173
905,2022-07-21,6400.0659,6408.458,6347.5981,6347.5981,1482101.9,16317275.0,-0.98449999,-0.009207924
905,2022-07-22,6353.9248,6371.3179,6236.3428,6289.5332,1306206.8,14378839.0,-0.91479999,0.01214265
905,2022-07-25,6297.1001,6319.1802,6213.4741,6231.2358,1294580.3,13971410.0,-0.92690003,0.022291774
905,2022-07-26,6239.209,6319.249,6213.8369,6307.9561,1172765.4,12916589.0,1.2312,0.0056642597
905,2022-07-27,6301.6079,6344.207,6286.3521,6332.2329,1204351.3,13324968.0,0.3849,-0.0047215414
905,2022-07-28,6361.2729,6393.7271,6339.5498,6348.166,1384734.3,15266227.0,0.2516,-0.0048719896
905,2022-07-29,6356.52,6365.2598,6285.7192,6294.1138,1379257.9,15296133.0,-0.85149997,-0.004105089
905,2022-08-01,6293.3828,6350.0381,6253.0552,6347.2212,1286790.1,15134890.0,0.84380001,0.0011565376
905,2022-08-02,6288.606,6288.606,6095.0571,6169.9961,1829025.4,19287338.0,-2.7922001,0.026621718
905,2022-08-03,6171.6172,6261.9102,6111.2202,6124.3149,1472134.1,17554484.0,-0.74040002,0.042374242
905,2022-08-04,6160.4858,6177.6172,6080.1011,6158.7349,1136463.8,13780565.0,0.56199998,0.03872222
905,2022-08-05,6175.481,6274.2729,6163.5049,6270.5112,1242844.5,15045072.0,1.8149,0.018154325
905,2022-08-08,6266.5669,6324.3398,6249.6162,6323.0752,1161329.4,14990968.0,0.83829999,-0.005313269
905,2022-08-09,6314.104,6344.8398,6290.8721,6341.481,1169666.5,14868203.0,0.2911,-0.016411971
905,2022-08-10,6331.4131,6362.291,6298.8608,6322.0562,1188999.3,15341174.0,-0.30630001,0.0037980839
905,2022-08-11,6349.4961,6439.3589,6341.7222,6439.3589,1420382.9,16839910.0,1.8555,-0.008686284
905,2022-08-12,6425.1099,6463.0669,6416.291,6420.853,1403999.1,15838347.0,-0.28740001,-0.007130688
905,2022-08-15,6405.7168,6462.5381,6394.2178,6442.8091,1336274.9,15148192.0,0.34189999,-0.012803312
905,2022-08-16,6446.7598,6492.54,6440.376,6465.187,1358415.0,15095090.0,0.34729999,-0.019232668
905,2022-08-17,6473.2529,6501.3618,6428.9648,6493.5049,1462203.3,16533699.0,0.43799999,-0.028690021
905,2022-08-18,6481.3701,6483.6929,6448.7461,6468.8062,1304517.6,15158105.0,-0.3804,-0.017201165
905,2022-08-19,6468.8232,6477.314,6390.9331,6391.7158,1425908.5,16177762.0,-1.1917,0.0016310643
905,2022-08-22,6381.3398,6472.7939,6363.2178,6472.6802,1337355.0,15542948.0,1.2667,-0.013973855
905,2022-08-23,6460.1719,6475.8232,6436.0811,6466.4048,1336763.8,15281239.0,-0.096900001,-0.011766492
905,2022-08-24,6470.686,6472.6831,6277.9888,6284.5771,1581038.8,17192292.0,-2.8118999,0.017605338
905,2022-08-25,6303.145,6327.0918,6225.6758,6322.6958,1419463.6,15234852.0,0.60650003,-0.0060728844
905,2022-08-26,6331.0791,6381.4829,6286.5229,6298.374,1304058.4,14560422.0,-0.3847,0.0004988748
905,2022-08-29,6213.4019,6310.9932,6205.127,6310.4019,1252688.5,13296641.0,0.191,-0.0038745233
905,2022-08-30,6309.5791,6319.1699,6248.1382,6285.9268,1321092.0,13658322.0,-0.38789999,-0.012890367
905,2022-08-31,6265.5928,6280.186,6132.2329,6155.7461,1472754.1,15377654.0,-2.0710001,0.014499754
905,2022-09-01,6153.2871,6207.2441,6118.5771,6126.769,1185750.5,12467086.0,-0.4707,0.010222027
905,2022-09-02,6135.2959,6176.1709,6117.7271,6149.4268,1065643.9,11421622.0,0.3698,0.012230945
905,2022-09-05,6147.7061,6184.8042,6122.6191,6182.647,1174792.5,11975800.0,0.5402,-0.0067632846
905,2022-09-06,6198.4868,6292.5322,6187.9521,6291.5708,1298460.4,13589198.0,1.7618001,-0.017227288
905,2022-09-07,6269.9912,6314.1182,6256.6128,6301.564,1201602.9,13071840.0,0.15880001,-0.022408722
905,2022-09-08,6299.9072,6309.897,6266.5181,6272.5752,1161642.8,12097024.0,-0.46000001,-0.006041538
905,2022-09-09,6275.8979,6321.8232,6254.2612,6316.9722,1213892.3,12465834.0,0.70779997,-0.00747738
905,2022-09-13,6334.8608,6343.7739,6291.4448,6300.4219,1181063.1,12386180.0,-0.26199999,0.00084707025
905,2022-09-14,6214.9121,6273.6338,6206.9248,6249.9629,1091211.6,11464479.0,-0.80089998,0.009621689
905,2022-09-15,6280.4458,6282.6929,6053.7988,6107.7959,1416435.0,14820236.0,-2.2746999,0.03336788
905,2022-09-16,6091.4199,6102.542,5954.5039,5954.5039,1371721.1,13150808.0,-2.5098,0.05465073
905,2022-09-19,5947.8569,5967.6548,5880.4941,5913.1489,1040254.1,10460980.0,-0.69450003,0.058750745
905,2022-09-20,5949.3359,6002.792,5940.5811,5958.292,888130.0,9679508.0,0.76340002,0.05503
905,2022-09-21,5943.0942,5998.7002,5876.5161,5978.5811,1034636.4,10000126.0,0.3405,0.06042183
905,2022-09-22,5938.0991,6015.1191,5931.731,5965.8848,998676.0,10228581.0,-0.2124,0.07508062
905,2022-09-23,5961.062,5986.8208,5839.9321,5889.6021,1006094.4,10470662.0,-1.2787,0.088171795
905,2022-09-26,5841.5781,5922.3198,5798.2788,5806.3179,1032443.6,10256835.0,-1.4141001,0.10514896
905,2022-09-27,5823.5479,5920.0532,5808.252,5920.0532,974180.25,10395359.0,1.9588,0.09196076
905,2022-09-28,5910.0488,5910.0488,5769.52,5769.52,936948.5,9905268.0,-2.5427999,0.11110144
905,2022-09-29,5823.272,5856.1602,5741.0181,5771.8809,953858.0,9755785.0,0.040899999,0.112441
905,2022-09-30,5764.1519,5804.2021,5714.063,5714.063,855451.69,8714308.0,-1.0017,0.12764578
905,2022-10-10,5729.7549,5758.042,5618.8042,5635.7109,974693.44,9732094.0,-1.3712,0.13643977
905,2022-10-11,5642.479,5703.271,5606.9941,5684.5059,865714.69,8873310.0,0.86580002,0.13133295
905,2022-10-12,5680.3638,5820.4541,5594.2969,5820.4541,1061017.6,11081637.0,2.3915999,0.1097485
905,2022-10-13,5789.6611,5876.4761,5780.1758,5830.3359,1057222.6,11492215.0,0.1698,0.10625753
905,2022-10-14,5866.8589,5996.0439,5866.8589,5973.439,1182122.5,13846301.0,2.4545,0.074250564
905,2022-10-17,5952.3799,6023.5259,5945.4282,6015.5962,1114618.8,12716023.0,0.70569998,0.065855436
905,2022-10-18,6031.0469,6074.373,5996.3931,6035.6738,1057502.0,12713054.0,0.33379999,0.035600185
905,2022-10-19,6021.7998,6037.4429,5970.437,5972.7231,938810.63,11229066.0,-1.043,0.039522458
905,2022-10-20,5943.4771,6035.5518,5886.396,5948.8618,1033882.4,12176693.0,-0.39950001,0.028457712
905,2022-10-21,5959.207,5993.876,5928.9189,5956.8809,968262.94,11226108.0,0.1348,0.031102333
905,2022-10-24,5968.542,6061.208,5857.8579,5896.9028,1195010.8,13732897.0,-1.0069,0.044266153
905,2022-10-25,5864.0249,5926.5679,5785.4092,5869.7808,1070458.5,12365596.0,-0.45989999,0.06328402
905,2022-10-26,5871.0771,6016.917,5871.0771,5971.6011,1165300.8,14374256.0,1.7345999,0.048695166
905,2022-10-27,5978.2852,6020.8931,5962.9741,5963.0039,1170882.3,14796976.0,-0.14399999,0.039841045
905,2022-10-28,5922.8188,5934.7969,5760.0449,5781.7969,1316763.4,14737342.0,-3.0388999,0.08073374
905,2022-10-31,5745.0781,5859.5972,5743.5552,5807.106,1270160.6,15005922.0,0.4377,0.064553685
905,2022-11-01,5814.2148,5942.1362,5786.8711,5941.145,1366167.8,16517613.0,2.3081999,0.039161492
905,2022-11-02,5925.6509,6028.7671,5916.061,5997.8042,1423302.9,18316620.0,0.95370001,0.026120558
905,2022-11-03,5944.5112,6018.418,5937.605,5996.7192,1063869.0,14516273.0,-0.018100001,0.015829789
905,2022-11-04,5996.3052,6157.4282,5996.3052,6133.4629,1387071.1,17445712.0,2.2802999,0.004227025
905,2022-11-07,6133.2388,6166.1909,6100.606,6141.4092,1380924.1,16729475.0,0.1296,-0.004979655
905,2022-11-08,6139.8901,6141.0229,6095.4448,6134.2559,1082675.3,13437267.0,-0.1165,-0.0019894997
905,2022-11-09,6140.542,6182.3379,6118.729,6120.8291,1047622.5,12703747.0,-0.2189,0.0012002785
905,2022-11-10,6085.2852,6119.0352,6061.8081,6089.6948,1164019.3,12914271.0,-0.50870001,0.0044974666
905,2022-11-11,6223.228,6249.3491,6134.6821,6138.6211,1764921.3,19817712.0,0.80339998,-0.0037966508
905,2022-11-14,6140.188,6189.3828,6104.9302,6129.5132,1594867.3,17406472.0,-0.14839999,-0.012575713
905,2022-11-15,6125.1069,6236.3838,6112.6191,6236.3838,1498609.6,17148180.0,1.7435,-0.036975402
905,2022-11-16,6238.584,6263.1558,6190.0122,6203.917,1297703.8,15185494.0,-0.52060002,-0.03477287
905,2022-11-17,6182.6909,6217.2051,6148.6152,6217.2051,1234302.0,15268375.0,0.2142,-0.029309344
905,2022-11-18,6213.0908,6251.1069,6181.5542,6191.6479,1311810.9,16459122.0,-0.4111,-0.02688995
905,2022-11-21,6147.7168,6196.647,6116.2959,6189.709,1128543.9,14178950.0,-0.031300001,-0.020744093
905,2022-11-22,6178.1631,6196.1958,6100.1128,6125.3999,1160860.3,13758701.0,-1.039,-0.01266825
905,2022-11-23,6114.269,6140.1138,6045.0239,6115.605,1151935.1,12868679.0,-0.15989999,-0.010488741
905,2022-11-24,6126.5981,6149.96,6099.75,6120.0659,1002007.0,11748044.0,0.072899997,-0.002426134
905,2022-11-25,6095.126,6107.0732,6062.0029,6087.8589,1077423.5,11005981.0,-0.52630001,0.0015189413
905,2022-11-28,5999.855,6059.0161,5970.0859,6055.2842,1179401.1,12569791.0,-0.53509998,-0.011868031
905,2022-11-29,6071.4492,6173.8491,6071.2241,6163.8208,1553244.8,15951211.0,1.7924,-0.028685065
905,2022-11-30,6156.772,6175.6821,6118.9019,6156.147,1546479.8,15312558.0,-0.1245,-0.030863315
905,2022-12-01,6211.291,6229.834,6186.1021,6186.1021,1525233.3,17147920.0,0.48660001,-0.028534787
905,2022-12-02,6177.9229,6206.9858,6154.209,6168.0132,1155009.8,13333976.0,-0.2924,-0.022746595
905,2022-12-05,6201.98,6227.2139,6182.9761,6215.124,1704772.1,17769874.0,0.76380002,-0.027527511
905,2022-12-06,6202.5239,6244.6382,6185.4941,6211.252,1493728.1,16421581.0,-0.0623,-0.026914848
905,2022-12-07,6198.0532,6243.9019,6183.334,6204.0049,1378212.5,15523884.0,-0.1167,-0.017278645
905,2022-12-08,6199.1641,6206.1411,6168.7808,6186.2842,1310513.3,14934840.0,-0.28560001,-0.0061864275
905,2022-12-09,6185.7939,6213.5171,6159.5039,6192.3008,1678068.3,18023930.0,0.0973,-0.009837378
905,2022-12-12,6181.2441,6182.0781,6146.2549,6154.8091,1340983.1,16242026.0,-0.60549998,-0.004662419
905,2022-12-13,6153.7378,6154.2969,6113.4141,6121.6621,1048575.1,13151561.0,-0.53860003,-0.021369344
905,2022-12-14,6122.4321,6139.7378,6084.0801,6096.3862,950899.19,12534610.0,-0.4129,-0.034340672
905,2022-12-15,6090.1182,6108.96,6078.0039,6101.8789,881904.56,11308837.0,0.090099998,-0.025217807
905,2022-12-16,6071.9561,6087.458,6036.0508,6072.8628,939106.75,11341213.0,-0.47549999,-0.021497572
905,2022-12-19,6058.894,6081.4438,5911.8799,5936.4751,1051062.0,12108318.0,-2.2458999,0.0006911509
905,2022-12-20,5919.0269,5920.9868,5857.8579,5878.0308,786232.75,9636967.0,-0.98449999,0.020533781
905,2022-12-21,5879.272,5892.9072,5819.668,5845.835,697834.31,8525778.0,-0.54769999,0.03360974
905,2022-12-22,5867.7241,5875.4741,5761.9839,5779.0562,822318.75,9744680.0,-1.1423,0.04779355
905,2022-12-23,5751.9492,5805.5098,5732.4712,5763.3462,665568.63,8191119.5,-0.27180001,0.044674497
905,2022-12-26,5769.0688,5850.9121,5769.0688,5843.2559,754241.31,9364610.0,1.3865,0.024865812
905,2022-12-27,5857.7539,5891.354,5832.27,5885.6621,817804.25,10127209.0,0.72570002,0.012903204
905,2022-12-28,5869.4561,5889.3179,5848.2422,5862.0972,900989.0,10267923.0,-0.40040001,0.020842984
905,2022-12-29,5843.9429,5895.981,5835.334,5857.4019,795107.94,9442970.0,-0.0801,0.029335532
905,2022-12-30,5875.2788,5885.8901,5848.9551,5864.4668,753450.31,8611794.0,0.1206,0.01676659
905,2023-01-03,5861.5498,5964.8188,5848.146,5955.897,995578.38,11927124.0,1.5591,0.014802321
905,2023-01-04,5952.5059,5970.5762,5922.8652,5952.4541,971604.44,11435873.0,-0.057799999,0.013114742
905,2023-01-05,5959.438,6017.3408,5950.0898,6010.4639,966299.81,11747998.0,0.97460002,0.0003703541
905,2023-01-06,6004.1729,6050.8872,5998.835,6012.8149,992448.75,12159640.0,0.039099999,-0.0018319373
905,2023-01-09,6028.3989,6070.1611,6023.6392,6040.019,1006968.3,12492133.0,0.4524,-0.0077161845
905,2023-01-10,6044.6411,6053.585,6017.1519,6048.2969,963933.5,11396706.0,0.1371,-0.020305386
905,2023-01-11,6049.0391,6070.4482,6004.2192,6014.1572,944063.88,11287960.0,-0.56449997,-0.014720467
905,2023-01-12,6022.561,6048.189,5995.9111,6015.2871,929001.25,10490300.0,0.0188,-0.016387114
905,2023-01-13,6030.9302,6058.2251,6015.2178,6057.6899,900250.19,10244987.0,0.70490003,-0.006777996
905,2023-01-16,6068.9121,6168.7451,6068.1401,6126.1768,1296197.3,14652675.0,1.1306,-0.020344956
905,2023-01-17,6129.7349,6138.1738,6107.7612,6132.6392,959217.0,10918021.0,0.1055,-0.0279578
905,2023-01-18,6139.6909,6168.374,6136.9702,6151.4561,945558.38,10305255.0,0.30680001,-0.017591283
905,2023-01-19,6145.6211,6204.3262,6130.4238,6204.3262,997777.94,11447242.0,0.85949999,-0.01871001
905,2023-01-20,6214.0249,6253.269,6214.0249,6251.4341,1139045.4,12836219.0,0.75929999,-0.024403233
905,2023-01-30,6331.876,6342.4492,6279.4512,6283.3271,1465179.3,17369772.0,0.51020002,-0.032763265
905,2023-01-31,6266.2959,6303.9121,6259.5278,6289.1499,1353020.9,14663040.0,0.092699997,-0.030284364
905,2023-02-01,6300.5,6368.791,6293.4922,6365.9048,1524422.3,16644908.0,1.2204,-0.03728435
905,2023-02-02,6383.2979,6402.2642,6347.729,6370.1411,1492928.1,16621311.0,0.066500001,-0.043862466
905,2023-02-03,6354.7139,6354.7139,6267.438,6343.686,1215071.9,13871438.0,-0.41530001,-0.04375751
905,2023-02-06,6314.6001,6330.793,6274.543,6302.335,1084853.1,12765206.0,-0.65179998,-0.044520643
905,2023-02-07,6309.2212,6318.8408,6273.5952,6317.2378,1096626.9,12507806.0,0.23649999,-0.04519806
905,2023-02-08,6319.5161,6323.8491,6263.7632,6268.2759,1059949.0,11698627.0,-0.77509999,-0.056622557
905,2023-02-09,6256.312,6354.8032,6250.4551,6354.562,1090311.3,12904425.0,1.3766,-0.0688889
905,2023-02-10,6348.999,6368.4878,6296.5479,6334.252,1201008.3,13499491.0,-0.31959999,-0.071748674
905,2023-02-13,6333.2192,6386.7241,6331.3691,6383.8281,1315662.3,15137456.0,0.7827,-0.08625112
905,2023-02-14,6394.6201,6408.5508,6369.5732,6397.2148,1246743.9,14396712.0,0.2097,-0.081731506
905,2023-02-15,6398.874,6407.7529,6365.311,6384.3481,1159070.3,14347232.0,-0.20110001,-0.095005974
905,2023-02-16,6384.2148,6429.0532,6244.479,6289.479,1683884.1,19079136.0,-1.4859999,-0.09201099
905,2023-02-17,6284.9229,6308.5679,6237.4048,6237.4048,1172109.9,14342245.0,-0.82800001,-0.07957537
905,2023-02-20,6248.2559,6349.4072,6227.3491,6346.0679,1403340.8,15728927.0,1.7421,-0.11291526
905,2023-02-21,6349.9072,6396.7422,6337.5981,6383.4248,1418247.1,15370580.0,0.5887,-0.114476465
905,2023-02-22,6352.0278,6397.145,6344.9858,6375.0679,1090830.3,12834132.0,-0.1309,-0.12452511
905,2023-02-23,6377.293,6396.6558,6328.644,6360.3198,1160646.5,13599225.0,-0.2313,-0.11260105
905,2023-02-24,6367.6309,6372.4922,6308.2212,6340.8442,969572.81,11987793.0,-0.3062,-0.08997671
905,2023-02-27,6318.6392,6349.0908,6288.2988,6307.2061,1010827.4,12488749.0,-0.53049999,-0.08435641
905,2023-02-28,6323.8418,6357.5352,6293.1792,6357.5352,966031.63,11909483.0,0.79799998,-0.09722908
905,2023-03-01,6356.5039,6410.522,6340.0049,6402.1411,1239076.4,14432764.0,0.70160002,-0.101737514
905,2023-03-02,6398.2559,6410.231,6375.0068,6382.2319,1253493.0,14759710.0,-0.31099999,-0.086560264
905,2023-03-03,6384.064,6398.4712,6346.959,6390.3179,1232347.8,14027336.0,0.1267,-0.09414291
905,2023-03-06,6398.1021,6405.8198,6362.4722,6395.2192,1268456.4,15512369.0,0.076700002,-0.094576634
905,2023-03-07,6389.811,6396.541,6284.2202,6284.2988,1379288.8,14930829.0,-1.7344,-0.09254773
905,2023-03-08,6264.4321,6303.7109,6258.3169,6301.5161,986983.56,11446380.0,0.27399999,-0.09408738
905,2023-03-09,6311.042,6311.335,6258.4502,6285.9521,926889.13,11186658.0,-0.24699999,-0.08132755
905,2023-03-10,6251.5601,6261.3301,6202.6118,6204.8989,1080522.9,12914457.0,-1.2894,-0.069940396
905,2023-03-13,6189.9761,6245.0029,6178.6719,6245.0029,1080065.5,13247410.0,0.64630002,-0.08480475
905,2023-03-14,6237.731,6243.418,6127.688,6189.397,1212001.5,14997775.0,-0.89039999,-0.07873059
905,2023-03-15,6210.9282,6254.4858,6210.9282,6224.6401,1129485.3,12945580.0,0.56940001,-0.08353527
905,2023-03-16,6191.2959,6209.9731,6133.833,6140.832,1276326.9,14375902.0,-1.3464,-0.06858077
905,2023-03-17,6174.1919,6233.7529,6169.8442,6183.1841,1371083.4,15722249.0,0.68970001,-0.08010164
905,2023-03-20,6195.3511,6201.9741,6152.8081,6160.354,1455808.9,16782618.0,-0.36919999,-0.082681626
905,2023-03-21,6171.8862,6235.0059,6171.2832,6234.6792,1230253.3,14417474.0,1.2065001,-0.0998865
905,2023-03-22,6244.3618,6271.5229,6242.1572,6269.7378,1282663.9,14986792.0,0.56230003,-0.091059774
905,2023-03-23,6253.5771,6305.7588,6245.9829,6305.7588,1291796.5,16412455.0,0.57450002,-0.101350956
905,2023-03-24,6312.4312,6315.6802,6279.541,6310.0981,1410209.9,17944934.0,0.068800002,-0.10514009
905,2023-03-27,6304.479,6320.6621,6265.0049,6311.6001,1446648.6,18420930.0,0.023800001,-0.100965664
905,2023-03-28,6314.582,6331.5581,6272.7168,6279.9219,1391561.0,17493528.0,-0.50190002,-0.09381516
905,2023-03-29,6285.9541,6294.2949,6239.937,6260.5508,1315482.9,16656542.0,-0.30849999,-0.09623239
905,2023-03-30,6257.6401,6287.4399,6213.9751,6286.1768,1232186.0,15515864.0,0.4093,-0.10432505
905,2023-03-31,6284.8521,6343.23,6282.1401,6339.8179,1294898.4,16413897.0,0.85329998,-0.11199514
905,2023-04-03,6346.6929,6419.8691,6346.6929,6413.8071,1639210.5,21533052.0,1.1671,-0.11571365
905,2023-04-04,6414.8179,6423.3062,6377.5322,6408.8989,1574917.5,21874092.0,-0.076499999,-0.12100614
905,2023-04-06,6387.229,6428.7222,6382.0332,6416.8462,1440644.5,20700280.0,0.124,-0.13031
905,2023-04-07,6418.2598,6470.0889,6416.6812,6464.4658,1279646.3,17773744.0,0.7421,-0.13444638
905,2023-04-10,6474.9419,6476.2168,6395.375,6410.522,1451341.9,20339786.0,-0.83450001,-0.13819824
905,2023-04-11,6405.6279,6421.4858,6381.0571,6420.877,1423991.1,18880034.0,0.16150001,-0.14902171
905,2023-04-12,6415.7041,6450.3491,6407.2002,6443.439,1494479.5,18816480.0,0.35139999,-0.15826397
905,2023-04-13,6438.1641,6451.7861,6396.0171,6404.646,1561995.8,19603102.0,-0.60210001,-0.17398494
905,2023-04-14,6420.312,6444.8862,6390.918,6431.0688,1453006.6,19074304.0,0.41260001,-0.16778807
905,2023-04-17,6422.8672,6459.2402,6421.394,6459.2402,1688230.8,19675226.0,0.43799999,-0.16770427
905,2023-04-18,6448.7568,6462.249,6422.0532,6449.853,1434713.4,18459816.0,-0.1453,-0.16293688
905,2023-04-19,6444.873,6456.1489,6404.9941,6416.9702,1486997.8,19240358.0,-0.50980002,-0.14414018
905,2023-04-20,6408.8081,6413.0791,6376.3491,6411.7559,1505013.0,19619984.0,-0.081299998,-0.13496579
905,2023-04-21,6411.5142,6411.5142,6250.5449,6250.5449,1623133.0,21080212.0,-2.5143001,-0.1155589
905,2023-04-24,6250.9639,6260.54,6184.7119,6208.7798,1476948.5,19120498.0,-0.66820002,-0.11255255
905,2023-04-25,6205.6182,6208.4028,6042.6421,6118.1528,1624592.8,20084724.0,-1.4597,-0.107663326
905,2023-04-26,6095.1338,6178.168,6093.1982,6142.1538,1521663.5,19769984.0,0.39230001,-0.10286243
905,2023-04-27,6127.644,6190.25,6121.6099,6157.936,1431361.1,17930896.0,0.25690001,-0.08978236
905,2023-04-28,6151.6431,6245.5498,6151.6431,6241.2441,1678764.9,19933572.0,1.3529,-0.10096481
905,2023-05-04,6223.2261,6264.5161,6218.7822,6262.3892,2024879.8,21509874.0,0.33880001,-0.1044924
905,2023-05-05,6255.7041,6256.229,6172.6929,6200.5762,1782610.1,19221786.0,-0.98710001,-0.09813912
905,2023-05-08,6202.6792,6259.687,6200.147,6248.583,2027182.5,19816250.0,0.77420002,-0.10810177
905,2023-05-09,6242.6621,6274.8979,6177.6538,6181.9761,2243894.8,21543706.0,-1.066,-0.09323998
905,2023-05-10,6167.1348,6199.1611,6137.1538,6173.8091,1754537.3,18048530.0,-0.1321,-0.08799364
905,2023-05-11,6185.6689,6190.3911,6151.0698,6154.4702,1460649.5,15227521.0,-0.3132,-0.07959304
905,2023-05-12,6138.9399,6173.9121,6088.2241,6091.646,1404106.6,14231642.0,-1.0208,-0.079171576
905,2023-05-15,6094.6758,6159.3892,6036.814,6159.3892,1498435.9,15962022.0,1.1121,-0.08571731
905,2023-05-16,6159.1689,6159.1689,6095.688,6110.8271,1218411.1,14244747.0,-0.78839999,-0.0738123
905,2023-05-17,6097.9771,6137.0171,6090.8818,6122.0518,1072663.5,12558555.0,0.1837,-0.07856317
905,2023-05-18,6132.5181,6153.9922,6101.2441,6128.1758,1229421.1,14455762.0,0.1,-0.090610474
905,2023-05-19,6116.8428,6149.1431,6085.0439,6117.083,1193049.0,14752452.0,-0.18099999,-0.08077285
905,2023-05-22,6111.8452,6136.8628,6086.2329,6115.3149,1127156.9,12636342.0,-0.028899999,-0.08910318
905,2023-05-23,6114.2139,6117.3599,6052.4302,6052.4302,1111042.5,12062849.0,-1.0283,-0.08028567
905,2023-05-24,6032.689,6058.395,5988.0278,6005.791,1072234.1,11691417.0,-0.77060002,-0.06898257
905,2023-05-25,6000.2192,6028.6392,5926.2041,5988.189,1099228.4,12676924.0,-0.2931,-0.07261862
905,2023-05-26,5983.1372,6045.1289,5953.8809,6034.9829,1063815.9,12326301.0,0.78140002,-0.08118218
905,2023-05-29,6046.543,6058.9209,6012.4009,6025.1548,1251394.1,14680833.0,-0.1629,-0.07606206
905,2023-05-30,6008.4619,6061.3091,5960.3369,6061.3091,1273120.1,15184913.0,0.60009998,-0.08286019
905,2023-05-31,6044.02,6063.1929,6009.248,6047.8018,1174761.0,14465373.0,-0.2228,-0.09712498
905,2023-06-01,6028.8032,6094.2402,6008.271,6051.46,1262503.1,15490728.0,0.0605,-0.09413196
905,2023-06-02,6061.9111,6115.0679,6061.9111,6105.2178,1223067.4,14207354.0,0.8883,-0.10222102
905,2023-06-05,6102.1299,6107.1211,6075.5918,6097.106,1157479.5,13111871.0,-0.1329,-0.098262325
905,2023-06-06,6088.6631,6089.0752,5969.2949,5983.4199,1230453.9,13363623.0,-1.8645999,-0.06995429
905,2023-06-07,5982.3091,6010.0298,5969.1592,5987.0112,935978.94,11359374.0,0.059999999,-0.070291
905,2023-06-08,5971.7251,5992.9692,5922.3872,5966.1479,1089816.4,12438789.0,-0.34850001,-0.07687283
905,2023-06-09,5968.7002,6017.2808,5960.106,6009.583,1275534.4,15876040.0,0.72799999,-0.086571045
905,2023-06-12,5999.6172,6045.6592,5987.2681,6027.7119,1136124.8,15120311.0,0.3017,-0.09587814
905,2023-06-13,6016.686,6047.0601,6014.063,6044.0371,986803.0,13442585.0,0.27079999,-0.10899455
905,2023-06-14,6046.438,6064.29,6034.4722,6044.0771,1096890.3,14804616.0,0.00069999998,-0.10989322
905,2023-06-15,6049.4678,6100.2339,6046.1621,6096.8081,1184177.4,16570004.0,0.87239999,-0.12916939
905,2023-06-16,6094.8442,6154.9321,6091.1851,6148.0132,1153495.6,16569015.0,0.83990002,-0.13162805
905,2023-06-19,6148.855,6148.855,6126.3882,6131.3848,1137872.1,16478045.0,-0.2705,-0.13368838
905,2023-06-20,6122.7451,6144.0068,6100.144,6126.1128,1066308.4,16141976.0,-0.086000003,-0.13234131
905,2023-06-21,6104.2471,6104.2471,5990.7871,5990.8462,1064477.6,15420097.0,-2.2079999,-0.122280225
905,2023-06-26,5947.5698,5970.6108,5875.938,5887.0322,1110817.9,14820362.0,-1.7329,-0.10217413
905,2023-06-27,5897.6948,5956.1812,5884.9492,5948.0029,930391.56,11862514.0,1.0357,-0.0950245
905,2023-06-28,5945.645,5951.127,5857.1309,5942.311,939443.0,12845493.0,-0.095700003,-0.08634385
905,2023-06-29,5928.709,5964.8579,5924.2778,5940.5781,883768.56,12348401.0,-0.029200001,-0.08940595
905,2023-06-30,5931.8711,6016.4458,5927.936,5998.729,945046.69,13336747.0,0.97890002,-0.099576764
905,2023-07-03,6009.27,6056.1631,5997.8472,6042.312,1130759.0,15306523.0,0.72649997,-0.113696575
905,2023-07-04,6042.7222,6059.5732,6027.291,6055.2578,1055837.6,14448464.0,0.21430001,-0.12772152
905,2023-07-05,6050.3462,6059.3789,6011.8701,6020.8208,1041290.4,14219851.0,-0.56870002,-0.14169507
905,2023-07-06,6010.6548,6042.2949,5983.4839,5988.5532,939650.38,13197948.0,-0.5359,-0.13490744
905,2023-07-07,5973.9761,5994.2832,5936.2271,5961.606,941183.44,12168770.0,-0.44999999,-0.1347838
905,2023-07-10,5980.6079,6003.4019,5958.731,5984.2808,851685.63,11394019.0,0.3804,-0.12706923
905,2023-07-11,5991.021,6029.2319,5972.1382,6029.2319,845319.0,11791970.0,0.75120002,-0.13651054
905,2023-07-12,6030.645,6033.583,5960.4312,5962.7939,966922.44,13441939.0,-1.1019,-0.12904991
905,2023-07-13,5986.252,6049.063,5986.252,6044.0581,996564.0,13894187.0,1.3629,-0.14123957
905,2023-07-14,6052.9502,6055.5278,6026.3262,6030.519,949632.0,13788058.0,-0.22400001,-0.1606792
905,2023-07-17,6012.7651,6018.0688,5985.438,6012.6899,884202.13,12499156.0,-0.2956,-0.15728933
905,2023-07-18,6015.9819,6027.606,5984.0601,6001.7998,877199.13,12131019.0,-0.1811,-0.1638453
905,2023-07-19,5998.3809,6017.4492,5962.9858,5993.4131,777910.31,10405456.0,-0.1397,-0.20229508
905,2023-07-20,5996.8379,6009.4268,5920.1509,5925.4839,911953.69,12368493.0,-1.1334,-0.17884459
905,2023-07-21,5914.354,5961.0498,5904.7881,5925.626,819753.06,10706541.0,0.0024000001,-0.16739579
905,2023-07-24,5913.5708,5954.2368,5896.4482,5916.7139,759280.0,9962330.0,-0.1504,-0.14256828
905,2023-07-25,5976.9678,6016.7539,5971.7319,6016.6309,1318963.9,14573285.0,1.6887,-0.16446714
905,2023-07-26,6014.7612,6015.583,5984.3911,6001.54,1218252.3,12054739.0,-0.25080001,-0.17889173
905,2023-07-27,5998.8491,6017.6709,5952.8931,5961.1841,1230008.3,11727210.0,-0.6724,-0.19227605
905,2023-07-28,5945.9141,6049.7642,5932.0601,6043.2441,1631718.8,14914748.0,1.3766,-0.22277175
905,2023-07-31,6059.1099,6133.7178,6059.1099,6088.2432,1865511.0,17959574.0,0.7446,-0.23151378
905,2023-08-01,6086.8979,6113.9839,6077.105,6098.8789,1875886.0,16662836.0,0.17470001,-0.25179327
905,2023-08-02,6088.1362,6111.2441,6059.8652,6077.4648,1471545.3,13575867.0,-0.3511,-0.2660979
905,2023-08-03,6062.6431,6101.811,6047.6758,6098.687,1464790.1,13877746.0,0.34920001,-0.21197778
905,2023-08-04,6126.1499,6164.1548,6105.6392,6128.5562,1969435.0,18685010.0,0.48980001,-0.16626875
905,2023-08-07,6115.8359,6117.916,6072.5352,6090.731,1453191.4,15441633.0,-0.61720002,-0.1544153
905,2023-08-08,6077.3032,6088.0981,6044.2378,6066.1021,1215457.3,13135735.0,-0.40439999,-0.15240398
905,2023-08-09,6049.4492,6062.0239,6012.2471,6021.751,988091.75,11629468.0,-0.73110002,-0.14626859
905,2023-08-10,6013.3501,6040.4609,5999.563,6031.7109,998426.38,10395030.0,0.1654,-0.14799678
905,2023-08-11,6030.0449,6030.0449,5913.3501,5913.3501,1130720.1,11539342.0,-1.9622999,-0.124634475
905,2023-08-14,5864.4819,5919.8042,5833.4629,5916.8032,1036757.1,11632108.0,0.058400001,-0.12153375
905,2023-08-15,5919.769,5926.4199,5830.9702,5879.7778,924173.81,10762621.0,-0.62580001,-0.11638431
905,2023-08-16,5858.5972,5891.812,5833.2158,5833.2158,1049504.3,11401369.0,-0.79189998,-0.09007238
905,2023-08-17,5808.9102,5882.1509,5778.5288,5874.3608,1135763.9,12085297.0,0.70539999,-0.11751302
905,2023-08-18,5875.1099,5891.3979,5777.7969,5777.7969,1029318.4,10976636.0,-1.6438,-0.074596584
905,2023-08-21,5764.668,5802.5122,5710.7778,5710.7778,928357.0,9669199.0,-1.1599,-0.058088392
905,2023-08-22,5733.2549,5754.5752,5646.5122,5741.061,1061751.9,12003518.0,0.53030002,-0.061354723
905,2023-08-23,5732.394,5732.394,5629.5,5629.5,941867.25,10187133.0,-1.9432,-0.049324613
905,2023-08-24,5650.3589,5701.3208,5619.333,5652.6729,1080867.8,12064088.0,0.41159999,-0.05352703
905,2023-08-25,5624.77,5648.624,5560.2168,5581.2119,1062416.0,11473030.0,-1.2642,-0.05445289
905,2023-08-28,5885.8838,5887.5088,5631.6938,5644.1411,1857456.3,18145704.0,1.1275001,-0.05218613
905,2023-08-29,5631.0059,5789.9619,5626.5181,5770.3159,1608519.0,16547628.0,2.2355001,-0.057061885
905,2023-08-30,5780.2852,5817.7339,5753.2158,5775.1528,1360043.9,14507857.0,0.083800003,-0.060852934
905,2023-08-31,5770.9531,5777.4219,5728.4731,5739.3979,1163351.4,12125280.0,-0.61909997,-0.05650159
905,2023-09-01,5746.4131,5775.1768,5732.9668,5750.8032,1041791.0,10706141.0,0.1987,-0.06223068
905,2023-09-04,5772.0269,5829.7842,5758.0308,5829.7842,1356488.8,13599405.0,1.3734,-0.06443432
905,2023-09-05,5819.9668,5822.062,5779.373,5788.7148,1065176.6,11497173.0,-0.70450002,-0.044961274
905,2023-09-06,5771.8491,5800.9648,5748.647,5790.3809,904805.0,10651275.0,0.0288,-0.053909373
905,2023-09-07,5782.0708,5782.0708,5701.7979,5702.7012,929205.19,10571317.0,-1.5142,-0.03669964
905,2023-09-08,5684.6558,5732.375,5683.397,5708.623,795200.25,9305912.0,0.1038,-0.04253108
905,2023-09-11,5723.0181,5802.2051,5704.7002,5774.731,1128371.4,13242568.0,1.158,-0.067564204
905,2023-09-12,5774.4658,5793.8291,5763.2998,5770.9258,860412.06,10503212.0,-0.065899998,-0.08251357
905,2023-09-13,5764.8242,5770.4141,5681.5,5715.397,914724.75,10193319.0,-0.96219999,-0.0754065
905,2023-09-14,5714.6748,5721.207,5679.1992,5702.1021,902477.94,9797977.0,-0.2326,-0.095652096
905,2023-09-15,5716.2939,5741.0708,5680.895,5704.6631,983759.63,11055788.0,0.0449,-0.084291905
905,2023-09-18,5685.853,5734.186,5665.5791,5719.689,923057.25,10924977.0,0.26339999,-0.07579571
905,2023-09-19,5713.4951,5713.6001,5670.4199,5687.9009,851121.0,9454482.0,-0.55580002,-0.050400984
905,2023-09-20,5677.9248,5689.8252,5651.0059,5651.0059,776341.56,8408028.0,-0.6487,-0.047739625
905,2023-09-21,5638.4409,5666.6958,5609.2139,5611.9189,819315.06,8484706.0,-0.69169998,-0.042289224
905,2023-09-22,5606.835,5700.3232,5603.813,5698.8169,1041189.8,12027639.0,1.5484999,-0.07022968
905,2023-09-25,5694.9028,5699.1538,5659.3188,5666.6641,933407.19,11417228.0,-0.56419998,-0.05713524
905,2023-09-26,5661.0322,5682.2788,5646.6538,5646.6538,743096.13,10042443.0,-0.3531,-0.06573463
905,2023-09-27,5642.3848,5701.5078,5641.8511,5674.3452,810862.38,10214915.0,0.49039999,-0.065652706
905,2023-09-28,5687.6411,5704.623,5677.5308,5690.77,794773.38,10145695.0,0.2895,-0.072670445
905,2023-10-09,5679.6411,5680.9521,5634.353,5658.083,900298.38,10909528.0,-0.57440001,-0.05626655
905,2023-10-10,5665.6621,5678.4629,5627.4141,5630.3711,877264.25,10462124.0,-0.48980001,-0.07793748
905,2023-10-11,5639.0718,5674.2539,5617.873,5629.7891,906448.25,11220213.0,-0.0103,-0.05151916
905,2023-10-12,5655.6128,5677.8188,5642.4932,5671.6421,1005029.9,11994748.0,0.74339998,-0.056739513
905,2023-10-13,5645.437,5646.0742,5616.8511,5633.3828,893917.0,11087838.0,-0.67460001,-0.056540735
905,2023-10-16,5633.3008,5636.3188,5559.4209,5580.667,898675.5,10768437.0,-0.93580002,-0.056101877
905,2023-10-17,5585.145,5599.4238,5556.5742,5595.3418,925167.38,10506040.0,0.26300001,-0.06917733
905,2023-10-18,5586.021,5586.021,5519.4561,5524.5991,989535.63,11031059.0,-1.2643,-0.04734461
905,2023-10-19,5496.7568,5529.8701,5463.6519,5464.0269,1080783.4,11734720.0,-1.0964,-0.03746173
905,2023-10-20,5443.4561,5473.2109,5413.0229,5423.6748,949361.13,10771353.0,-0.7385,-0.009505308
905,2023-10-23,5400.5439,5400.7939,5269.8271,5290.334,1030831.3,11222774.0,-2.4584999,0.035566222
905,2023-10-24,5311.6689,5363.1948,5290.5049,5352.0122,1147457.3,12619080.0,1.1659,0.016653344
905,2023-10-25,5386.4258,5423.0142,5375.998,5375.998,1149212.5,12974140.0,0.44819999,0.028386543
905,2023-10-26,5351.1631,5404.9922,5337.4932,5398.9341,1024850.4,11689304.0,0.42660001,0.023736333
905,2023-10-27,5387.2739,5514.3081,5380.9409,5492.0269,1125428.0,13277626.0,1.7243,-0.006058055
905,2023-10-30,5484.624,5559.7852,5483.1592,5546.3882,1230341.9,15306665.0,0.98979998,0.0018719931
905,2023-10-31,5547.3242,5554.1899,5505.9341,5528.2388,1056793.8,12752707.0,-0.3272,0.001294481
905,2023-11-01,5534.8882,5534.9429,5496.8281,5509.9658,871857.88,10563944.0,-0.33050001,-0.0008540888
905,2023-11-02,5514.5171,5532.8511,5457.7451,5459.4521,902026.44,10179579.0,-0.91680002,0.0075622424
905,2023-11-03,5462.144,5537.729,5462.144,5510.3569,979905.75,11400994.0,0.93239999,-0.011560249
905,2023-11-06,5549.291,5609.2578,5549.291,5605.062,1392410.5,15666490.0,1.7187001,-0.032184657
905,2023-11-07,5594.4668,5631.1001,5578.5132,5611.0981,1205793.3,13989884.0,0.1077,-0.021244345
905,2023-11-08,5602.9712,5633.9712,5577.3911,5608.0171,1229945.6,13970850.0,-0.054900002,-0.0150705855
905,2023-11-09,5602.4902,5638.0811,5582.1191,5592.0571,1063628.0,12303951.0,-0.28459999,-0.020232983
905,2023-11-10,5577.3369,5585.2119,5550.8218,5573.1001,943240.25,10967192.0,-0.33899999,-0.018749565
905,2023-11-13,5589.0601,5605.5688,5565.0908,5605.5688,1021589.3,11783377.0,0.5826,-0.043396775
905,2023-11-14,5602.9829,5639.188,5600.7842,5630.5532,1010731.4,11607266.0,0.44569999,-0.056317396
905,2023-11-15,5677.5498,5684.7471,5649.7168,5664.6172,1130879.4,13186434.0,0.60500002,-0.05176839
905,2023-11-16,5647.061,5652.3999,5609.3608,5609.3608,946626.75,10576508.0,-0.97549999,-0.052275456
905,2023-11-17,5598.9531,5632.3892,5593.4902,5631.4229,894223.44,10144384.0,0.3933,-0.053825952
905,2023-11-20,5635.5869,5669.3848,5609.269,5659.7729,1031050.8,11988502.0,0.50340003,-0.062036537
905,2023-11-21,5669.165,5696.0942,5634.272,5641.084,1148612.0,12674061.0,-0.33019999,-0.058950372
905,2023-11-22,5622.8618,5639.0039,5572.8989,5572.8989,1047184.1,10997179.0,-1.2086999,-0.053622022
905,2023-11-23,5566.7329,5627.7949,5548.9722,5622.9888,980424.31,10115120.0,0.89880002,-0.049980287
905,2023-11-24,5619.3188,5619.3188,5556.7139,5570.4209,1012480.4,10070110.0,-0.93489999,-0.052505907
905,2023-11-27,5562.749,5579.7148,5531.6548,5566.5068,982186.5,10769077.0,-0.070299998,-0.06066767
905,2023-11-28,5561.5771,5594.7178,5529.5352,5591.4961,893732.75,9893098.0,0.44890001,-0.06841033
905,2023-11-29,5588.7739,5593.3711,5547.8408,5553.335,895091.5,9692408.0,-0.6825,-0.06047984
905,2023-11-30,5548.5239,5560.3281,5509.9648,5545.0498,878415.06,9535048.0,-0.14920001,-0.05628384
905,2023-12-01,5541.2261,5576.728,5521.0562,5566.8691,933717.06,10745484.0,0.3935,-0.06687409
905,2023-12-04,5578.4209,5590.835,5559.0679,5559.0679,993065.44,11962839.0,-0.1401,-0.06223617
905,2023-12-05,5542.8672,5542.8672,5460.4092,5460.4092,912982.5,10382436.0,-1.7747,-0.04638504
905,2023-12-06,5448.458,5513.0859,5443.0742,5481.8242,883740.0,10208453.0,0.39219999,-0.045775473
905,2023-12-07,5475.2681,5501.478,5443.2939,5481.1362,890486.88,10362197.0,-0.0126,-0.05698023
905,2023-12-08,5484.6831,5522.0581,5477.5288,5497.9902,1181237.8,14078803.0,0.3075,-0.073376864
905,2023-12-11,5473.6509,5574.124,5429.4429,5564.854,1186059.1,14063130.0,1.2162,-0.08311537
905,2023-12-12,5560.436,5576.0088,5545.1621,5566.1782,842323.31,11063910.0,0.023800001,-0.10299131
905,2023-12-13,5557.0459,5558.0571,5507.5132,5507.5132,759298.94,9646464.0,-1.054,-0.10147582
905,2023-12-14,5532.9858,5557.3721,5487.7539,5489.3271,741181.0,8999998.0,-0.33019999,-0.085419394
905,2023-12-15,5499.3691,5516.2202,5438.5278,5449.7861,801254.19,9463190.0,-0.72030002,-0.095735006
905,2023-12-18,5436.9888,5448.0771,5374.5879,5385.27,780224.94,8805383.0,-1.1838,-0.082166314
905,2023-12-19,5380.7349,5406.959,5344.0332,5379.874,703237.25,8219141.0,-0.1002,-0.07002263
905,2023-12-20,5385.9961,5388.4629,5308.5732,5309.2871,753871.0,8620916.0,-1.3121001,-0.06776993
905,2023-12-21,5286.4531,5352.5049,5253.3149,5338.7622,815223.19,9698104.0,0.55519998,-0.08013794
905,2023-12-22,5337.3809,5366.2349,5293.2192,5311.6899,903870.06,10891844.0,-0.50709999,-0.08983806
905,2023-12-25,5301.5742,5339.6641,5288.4668,5315.375,659187.75,8101815.0,0.069399998,-0.08449261
905,2023-12-26,5312.7998,5313.9189,5238.042,5258.2842,675320.06,8091036.5,-1.0741,-0.09027032
905,2023-12-27,5261.5698,5293.7969,5235.4561,5285.5298,753979.19,8425344.0,0.51819998,-0.07731125
905,2023-12-28,5280.6899,5400.2358,5275.4028,5382.7969,1076992.4,12689620.0,1.8403,-0.10006597
905,2023-12-29,5376.9771,5437.1538,5374.688,5429.229,909317.69,11253361.0,0.86260003,-0.090159595
905,2024-01-02,5431.478,5439.478,5409.4551,5409.4551,929647.5,10683992.0,-0.3642,-0.090599015
905,2024-01-03,5398.2939,5428.52,5373.832,5401.395,867052.31,9988360.0,-0.149,-0.095808215
905,2024-01-04,5395.1431,5395.1431,5331.8921,5355.3218,788465.69,9101141.0,-0.85299999,-0.08532802
905,2024-01-05,5347.0732,5373.6792,5260.5942,5281.8711,895388.81,10108457.0,-1.3716,-0.08051919
905,2024-01-08,5268.2339,5268.979,5167.7002,5167.7002,837851.56,9279279.0,-2.1616001,-0.056119412
905,2024-01-09,5176.1128,5220.458,5152.999,5180.6528,787404.19,9095982.0,0.2507,-0.059567705
905,2024-01-10,5167.7319,5211.8159,5118.4331,5158.0781,711739.44,8422781.0,-0.43579999,-0.05662964
905,2024-01-11,5152.3589,5243.1392,5146.8979,5223.8628,850412.94,10615195.0,1.2754,-0.09591829
905,2024-01-12,5213.1362,5262.6172,5206.1611,5206.1782,766198.31,9327139.0,-0.33849999,-0.10336108
905,2024-01-15,5189.5278,5238.958,5171.2402,5193.2959,739251.0,8802779.0,-0.2474,-0.10164002
905,2024-01-16,5188.3691,5210.083,5124.082,5190.3979,830703.69,9233761.0,-0.055799998,-0.087473236
905,2024-01-17,5180.9248,5180.9248,5061.54,5061.54,787418.5,8793064.0,-2.4826,-0.06968152
905,2024-01-18,5033.103,5069.23,4924.6821,5066.958,1187510.5,12343642.0,0.107,-0.07256342
905,2024-01-19,5056.4771,5084.29,5014.7671,5018.4331,784673.81,9203942.0,-0.95770001,-0.026306817
905,2024-01-22,5008.6802,5008.7671,4753.6299,4780.9751,1097084.9,11562286.0,-4.7316999,0.015059271
905,2024-01-23,4771.4961,4889.4219,4727.8809,4865.7432,999447.19,10780885.0,1.773,-0.01585102
905,2024-01-24,4886.2041,4941.4399,4766.8042,4933.7012,1140258.0,11268327.0,1.3967,-0.048615247
905,2024-01-25,4931.627,5074.4941,4910.959,5073.1782,1323077.6,13482285.0,2.8269999,-0.06355036
905,2024-01-26,5055.2881,5086.1289,5009.9731,5027.0928,1170098.4,11923292.0,-0.9084,-0.0547338
905,2024-01-29,5032.1108,5050.1089,4927.9141,4927.9141,1168766.6,11783501.0,-1.9729,-0.034923337
905,2024-01-30,4898.3608,4939.3511,4810.0991,4814.9912,996758.13,9547411.0,-2.2915001,-0.019663816
905,2024-01-31,4786.813,4832.4009,4690.9429,4696.98,1210931.6,11659254.0,-2.4509001,0.003657499
905,2024-02-01,4667.9131,4771.0469,4629.9902,4678.731,1114719.1,10750883.0,-0.38850001,0.011350086
905,2024-02-02,4686.1001,4724.0488,4435.5571,4563.2222,1375018.4,12495308.0,-2.4688001,0.02275826
905,2024-02-05,4527.709,4598.061,4281.2402,4460.2642,1659583.4,14354702.0,-2.2563,0.053384908
905,2024-02-06,4411.2979,4817.1182,4405.3091,4805.9009,1730583.4,15648520.0,7.7491999,-0.028199084
905,2024-02-07,4813.9551,5110.8042,4813.2329,5109.5688,2271989.3,21261828.0,6.3186002,-0.083491564
905,2024-02-08,5131.8032,5367.2241,5129.7842,5150.229,2136761.3,21225566.0,0.79579997,-0.106445596
905,2024-02-19,5225.1382,5225.1382,5074.7612,5141.604,1629498.9,17280584.0,-0.1675,-0.1078422
905,2024-02-20,5107.5679,5151.7202,5072.8838,5140.958,1216463.8,13324221.0,-0.0126,-0.118185736
905,2024-02-21,5101.4111,5252.8789,5074.8218,5139.0371,1508725.0,15556126.0,-0.0374,-0.11713288
905,2024-02-22,5133.5479,5184.623,5117.6802,5176.3428,1166148.0,12754652.0,0.72589999,-0.12209082
905,2024-02-23,5190.647,5197.7119,5118.5679,5197.7119,1352650.0,14544245.0,0.41280001,-0.13514134
905,2024-02-26,5194.7368,5255.3618,5162.9502,5195.4639,1440189.5,15260087.0,-0.043200001,-0.13385813
905,2024-02-27,5174.8188,5307.8042,5160.8779,5307.8042,1389717.5,15720160.0,2.1623001,-0.14128315
905,2024-02-28,5311.4248,5383.3188,5184.0469,5184.0469,2025609.9,21413542.0,-2.3316,-0.10511731
905,2024-02-29,5154.1489,5349.7681,5154.1489,5346.793,1607901.6,17897600.0,3.1394,-0.1496056
905,2024-03-01,5350.8569,5387.7842,5321.5591,5379.0479,1422984.0,17110328.0,0.60329998,-0.1454841
905,2024-03-04,5386.9438,5400.123,5325.9639,5388.8198,1439284.8,17590640.0,0.18170001,-0.14970547
905,2024-03-05,5358.2212,5382.9829,5329.9702,5351.8271,1408164.8,17428268.0,-0.68650001,-0.14027664
905,2024-03-06,5332.833,5405.4912,5293.9521,5350.1021,1210995.6,14684335.0,-0.032200001,-0.15189393
905,2024-03-07,5354.334,5384.6572,5277.2988,5277.2988,1398313.4,15744218.0,-1.3608,-0.14592916
905,2024-03-08,5282.4082,5361.71,5268.5298,5349.5952,1214679.8,14400356.0,1.3699,-0.15737419
905,2024-03-11,5342.1782,5443.042,5339.2612,5441.0508,1429817.4,17358886.0,1.7096,-0.17021249
905,2024-03-12,5445.8779,5473.29,5385.1401,5423.7178,1470725.4,17884876.0,-0.3186,-0.1709392
905,2024-03-13,5430.0439,5459.3218,5389.5249,5415.1128,1297463.0,16452633.0,-0.1587,-0.1780487
905,2024-03-14,5415.1499,5447.542,5352.1201,5392.9268,1318873.6,15733717.0,-0.40970001,-0.17245862
905,2024-03-15,5380.019,5456.7339,5357.1802,5454.146,1364050.3,15871876.0,1.1352,-0.17120041
905,2024-03-18,5472.3149,5528.4468,5459.5449,5528.4468,1598626.4,19079412.0,1.3623,-0.18631937
905,2024-03-19,5514.5498,5533.6392,5477.1172,5478.2251,1467772.4,17666174.0,-0.9084,-0.17953572
905,2024-03-20,5469.606,5499.2378,5455.7612,5493.4141,1262732.6,15703623.0,0.2773,-0.14632392
905,2024-03-21,5505.6992,5517.457,5454.231,5465.8291,1294894.6,15925239.0,-0.50209999,-0.13435344
905,2024-03-22,5454.4141,5463.541,5356.1079,5384.5659,1370960.3,16318596.0,-1.4867001,-0.08290024
905,2024-03-25,5369.7759,5401.5981,5292.6372,5294.7461,1307782.5,15625167.0,-1.6681,-0.01757971
905,2024-03-26,5291.5229,5318.876,5237.8989,5284.4189,1164681.1,14529622.0,-0.19499999,0.08682088
905,2024-03-27,5280.7329,5282.6948,5156.6841,5156.6841,1101071.4,12982871.0,-2.4172001,0.19370934
905,2024-03-28,5156.48,5276.6382,5156.48,5223.8062,1163181.9,14061261.0,1.3017,0.09798122
905,2024-03-29,5220.5518,5287.0381,5211.1948,5286.1611,1090471.5,12657403.0,1.1937,0.07656231
905,2024-04-01,5309.833,5401.7798,5309.833,5401.2251,1367348.5,16655311.0,2.1767001,0.012883726
905,2024-04-02,5395.481,5402.1602,5353.312,5381.229,1321486.4,15577992.0,-0.37020001,0.04216951
905,2024-04-03,5373.502,5386.3418,5350.1602,5374.5952,1336280.5,15411440.0,-0.1233,0.0182274
905,2024-04-08,5358.957,5383.6592,5297.5591,5298.5908,1485885.6,16126096.0,-1.4141001,0.030667985
905,2024-04-09,5294.4741,5342.8979,5284.9561,5342.8979,1133007.5,13326274.0,0.8362,0.014241316
905,2024-04-10,5335.73,5335.73,5242.8628,5275.4731,1179086.1,13225102.0,-1.262,0.06910222
905,2024-04-11,5244.0542,5353.8091,5240.5098,5301.8091,1277451.4,14129091.0,0.49919999,0.07590164
905,2024-04-12,5307.7231,5336.4482,5270.4619,5277.2192,1185249.4,13614512.0,-0.46380001,0.09031857
905,2024-04-15,5270.042,5376.0479,5219.4292,5339.7222,1592176.3,16926930.0,1.1844,0.0817759
905,2024-04-16,5309.1011,5346.7622,5184.6538,5191.5542,1625839.8,16877850.0,-2.7748001,0.10308087
905,2024-04-17,5211.249,5339.7471,5211.249,5339.7471,1475945.5,15566073.0,2.8545001,0.08800808
905,2024-04-18,5317.7988,5410.6958,5299.229,5349.8359,1534976.9,16733886.0,0.18889999,0.09979452
905,2024-04-19,5322.3589,5369.9541,5292.0161,5314.8672,1421342.1,15601035.0,-0.65359998,0.09363575
905,2024-04-22,5289.4072,5340.6309,5264.186,5267.5811,1352668.9,15019044.0,-0.8897,0.10827608
905,2024-04-23,5257.7661,5280.0591,5196.9551,5208.271,1258011.3,13901887.0,-1.1259,0.13306125
905,2024-04-24,5210.1831,5263.0391,5183.7012,5263.0391,1172972.3,13947109.0,1.0516,0.108071156
905,2024-04-25,5240.4819,5297.1631,5229.8252,5259.335,1108339.3,12754460.0,-0.0704,0.12731157
905,2024-04-26,5258.3848,5379.6709,5258.3848,5372.1211,1737777.0,19378886.0,2.1445,0.1377203
905,2024-04-29,5371.2119,5488.2778,5371.2119,5478.4912,1909360.5,21214886.0,1.98,0.11815222
905,2024-04-30,5471.168,5478.0352,5436.5752,5441.1411,1627973.5,17514368.0,-0.68180001,0.14673741
905,2024-05-06,5498.4438,5535.9492,5496.9072,5528.604,1657916.3,18790684.0,1.6073999,0.12550019
905,2024-05-07,5532.3232,5543.125,5507.501,5527.085,1365354.0,16215574.0,-0.0275,0.14538047
905,2024-05-08,5516.4482,5516.4482,5454.874,5458.7559,1239556.3,13947300.0,-1.2363,0.14749275
905,2024-05-09,5461.3599,5568.7319,5461.3599,5556.771,1311212.3,15399987.0,1.7956001,0.12652488
905,2024-05-10,5562.1929,5570.5649,5497.4971,5535.395,1286880.3,14402697.0,-0.3847,0.098079756
905,2024-05-13,5503.1289,5527.2002,5462.5078,5505.2598,1316275.9,14615992.0,-0.54439998,0.07614956
905,2024-05-14,5508.4658,5538.7432,5484.9639,5500.7378,1189944.0,13259206.0,-0.082099997,0.06040977
905,2024-05-15,5495.5571,5497.084,5441.355,5446.6558,1101249.9,12152579.0,-0.98320001,0.0899536
905,2024-05-16,5461.1079,5475.374,5408.125,5424.665,1221081.3,13314876.0,-0.40380001,0.10465625
905,2024-05-17,5418.6582,5493.2012,5409.7051,5491.894,1269161.6,13924461.0,1.2393,0.08984496
905,2024-05-20,5496.79,5536.6621,5484.3579,5523.501,1449714.5,16357208.0,0.57550001,0.041050974
905,2024-05-21,5511.4839,5513.4238,5460.9751,5478.9131,1086911.9,12383237.0,-0.80720001,0.04685889
905,2024-05-22,5472.0098,5486.3052,5455.0771,5468.6069,1130577.9,12657272.0,-0.1881,0.04057196
905,2024-05-23,5448.9399,5448.9399,5352.3931,5362.3052,1266575.8,13574920.0,-1.9439,0.08254506
905,2024-05-24,5348.5098,5400.1592,5311.4888,5313.4551,1065641.8,11739614.0,-0.91100001,0.08358819
905,2024-05-27,5325.8511,5373.1118,5284.5059,5371.3691,1156432.3,12478563.0,1.0899,0.08946879
905,2024-05-28,5363.3301,5365.4731,5310.3179,5316.1289,1109653.8,12097908.0,-1.0283999,0.118036285
905,2024-05-29,5308.5928,5361.7441,5305.9629,5328.3062,1043612.7,11276260.0,0.2291,0.11332211
905,2024-05-30,5316.3979,5349.688,5296.4932,5308.6602,1073501.9,11475761.0,-0.3687,0.10748659
905,2024-05-31,5310.7222,5357.021,5308.54,5308.54,1041511.5,11301970.0,-0.0023000001,0.111790776
905,2024-06-03,5300.7871,5316.335,5232.688,5274.0688,1269685.1,12954376.0,-0.64929998,0.13369715
905,2024-06-04,5263.2261,5352.2842,5247.584,5341.9502,1080831.5,11783561.0,1.2871,0.11328423
905,2024-06-05,5328.8682,5347.4302,5277.9409,5277.9409,1057927.6,11160840.0,-1.1982,0.13530907
905,2024-06-06,5291.521,5305.8779,5213.6621,5228.7998,1333682.3,13573998.0,-0.93110001,0.15649962
905,2024-06-07,5247.146,5258.8179,5172.0508,5208.98,1135274.8,11855377.0,-0.37909999,0.17113043
905,2024-06-11,5182.4131,5232.8501,5159.334,5217.4702,1164371.1,11966063.0,0.163,0.1477386
905,2024-06-12,5209.1338,5245.9912,5205.5718,5232.9531,1030655.7,11134127.0,0.29679999,0.12987848
905,2024-06-13,5231.9102,5233.7949,5182.7422,5194.5898,1182327.6,12319424.0,-0.7331,0.12581807
905,2024-06-14,5180.2891,5235.8779,5163.3838,5213.0928,1339986.3,14600926.0,0.35620001,0.12958208
905,2024-06-17,5189.2842,5223.5889,5184.5991,5207.1279,1079706.6,13570441.0,-0.1144,0.1334302
905,2024-06-18,5207.978,5243.5869,5204.9712,5230.8911,940909.0,12039127.0,0.45640001,0.13119824
905,2024-06-19,5235.4761,5236.3018,5168.8198,5168.8198,878495.88,11174053.0,-1.1866,0.12570201
905,2024-06-20,5162.1611,5184.7471,5092.2871,5094.5649,956090.0,11306278.0,-1.4366,0.1571665
905,2024-06-21,5079.9229,5128.1382,5071.6548,5102.3291,838389.06,9809035.0,0.1524,0.14463198
905,2024-06-24,5072.8032,5078.9551,4986.7681,4992.9102,1001866.4,11310846.0,-2.1445,0.17908409
905,2024-06-25,4989.0708,5007.3359,4918.0391,4948.6338,916367.81,10468375.0,-0.88679999,0.19207992
905,2024-06-26,4942.165,5024.7681,4915.6641,5020.4321,933946.19,10215226.0,1.4509,0.17497532
905,2024-06-27,4998.9941,5000.1748,4925.1602,4928.0508,885371.88,9736498.0,-1.8401,0.16186544
905,2024-06-28,4914.6689,5003.4092,4914.5469,4942.7822,1063083.4,11474325.0,0.29890001,0.12200309
905,2024-07-01,4943.7871,5017.6099,4929.0869,5003.1611,973127.94,11082107.0,1.2216001,0.08487496
905,2024-07-02,5000.5762,5002.7422,4934.1172,4949.4771,962093.31,10590291.0,-1.073,0.09649989
905,2024-07-03,4945.3989,4950.5151,4905.3901,4910.9248,845283.31,9612113.0,-0.77890003,0.116833456
905,2024-07-04,4917.4409,4935.606,4827.3418,4834.498,910084.69,9877161.0,-1.5563,0.12971106
905,2024-07-05,4828.8628,4877.9331,4794.1289,4866.2651,831332.81,9372463.0,0.65710002,0.1213088
905,2024-07-08,4857.0249,4857.2661,4768.564,4783.6172,902545.0,9678920.0,-1.6984,0.122431114
905,2024-07-09,4775.313,4888.4819,4745.3169,4876.8989,1114019.6,12670455.0,1.95,0.103507966
905,2024-07-10,4857.4829,4891.373,4836.1699,4844.1621,1009531.9,11724492.0,-0.67129999,0.15030667
905,2024-07-11,4902.811,4941.7021,4871.1719,4939.7319,1152755.0,13312753.0,1.9729,0.11796735
905,2024-07-12,4926.981,4937.3472,4905.7969,4919.3638,971751.06,11559426.0,-0.41229999,0.12730712
905,2024-07-15,4903.5161,4903.5161,4868.7432,4883.897,868243.13,10273471.0,-0.72100002,0.1440237
905,2024-07-16,4877.6011,4907.832,4850.4321,4898.3628,872679.75,11364828.0,0.29620001,0.14616482
905,2024-07-17,4893.4141,4900.3599,4853.603,4856.5791,969095.5,11793290.0,-0.85299999,0.16006035
905,2024-07-18,4822.1299,4879.6929,4793.4292,4877.6919,966547.5,11528385.0,0.43470001,0.14953122
905,2024-07-19,4853.042,4900.3789,4842.9302,4872.0532,932907.44,11198938.0,-0.1156,0.14618102
905,2024-07-22,4872.6362,4885.3638,4839.1118,4865.978,927104.56,11030768.0,-0.1247,0.16111298
905,2024-07-23,4862.9712,4862.9712,4722.7988,4722.7988,1024037.1,11057830.0,-2.9425001,0.18348104
905,2024-07-24,4712.2871,4738.7622,4661.8271,4668.062,1126746.4,10302673.0,-1.159,0.20272335
905,2024-07-25,4644.4219,4710.4629,4635.2441,4665.4492,886000.75,9588515.0,-0.056000002,0.23201446
905,2024-07-26,4670.4458,4744.4541,4670.4458,4736.377,864720.5,9411861.0,1.5203,0.2317406
905,2024-07-29,4740.499,4742.1479,4702.98,4708.8442,811020.38,9097923.0,-0.58130002,0.25052997
905,2024-07-30,4694.5249,4712.042,4650.5591,4699.2822,833533.81,8618103.0,-0.2031,0.24663311
905,2024-07-31,4694.729,4887.9189,4687.0459,4886.4141,1431809.3,14660167.0,3.9821,0.21572378
905,2024-08-01,4893.8711,4928.2412,4834.6538,4852.9731,1132133.9,11976553.0,-0.68440002,0.21539128
905,2024-08-02,4816.937,4874.7109,4783.1152,4788.6162,985298.44,10565474.0,-1.3261,0.24206987
905,2024-08-05,4756.0762,4846.542,4693.8169,4693.8481,1133381.5,12348746.0,-1.979,0.267344
905,2024-08-06,4740.4541,4774.9282,4699.1768,4750.7759,1077747.8,10528632.0,1.2128,0.22942252
905,2024-08-07,4747.98,4783.4199,4719.938,4751.9409,969894.81,9683477.0,0.024499999,0.25083244
905,2024-08-08,4737.0928,4791.6592,4701.7861,4755.8149,1043092.5,9536415.0,0.081500001,0.2526869
905,2024-08-09,4778.2568,4805.0991,4720.3101,4720.3101,1088195.9,8805750.0,-0.74659997,0.28319216
905,2024-08-12,4716.9609,4737.1909,4696.0532,4714.1592,891008.31,7637585.5,-0.1303,0.28230143
905,2024-08-13,4713.96,4731.835,4680.5879,4731.835,813651.75,7110141.5,0.375,0.2637729
905,2024-08-14,4729.8149,4730.2368,4667.0732,4667.0732,745880.31,6830816.5,-1.3686,0.2966885
905,2024-08-15,4656.6948,4746.4102,4647.7949,4698.375,909732.94,8371290.0,0.67070001,0.2832066
905,2024-08-16,4703.604,4708.019,4662.1128,4670.3789,873795.81,8192727.0,-0.5959,0.2546886
905,2024-08-19,4666.3311,4729.874,4666.2578,4682.9629,871368.69,8074236.0,0.2694,0.25684744
905,2024-08-20,4684.2949,4686.3628,4590.3911,4602.0098,918461.44,8135168.5,-1.7287,0.2902254
905,2024-08-21,4589.0889,4610.8672,4582.2651,4587.1221,835269.13,7480996.5,-0.32350001,0.29726285
905,2024-08-22,4589.4961,4595.0498,4526.25,4533.3701,858568.69,7820247.5,-1.1718,0.33405674
905,2024-08-23,4523.9912,4549.3032,4513.2041,4537.0869,757783.63,7136999.0,0.082000002,0.3254705
905,2024-08-26,4542.856,4558.5918,4523.7271,4544.3589,871182.94,8436525.0,0.1603,0.32331517
905,2024-08-27,4532.4858,4532.4858,4487.0918,4495.2861,825292.06,7874287.0,-1.0799,0.34473625
905,2024-08-28,4486.4312,4527.769,4482.0322,4500.0088,826812.0,7424455.0,0.1051,0.34233007
905,2024-08-29,4483.5532,4577.792,4475.2231,4557.9009,1031155.6,9682997.0,1.2865,0.31507176
905,2024-08-30,4557.501,4704.3408,4548.3828,4639.1138,1515933.6,14474917.0,1.7818,0.31490222
905,2024-09-02,4631.8999,4632.311,4546.8389,4546.8828,1263685.1,11589303.0,-1.9881001,0.3433419
905,2024-09-03,4543.2202,4612.2832,4543.2202,4596.4819,985896.88,9274916.0,1.0908,0.33434698
905,2024-09-04,4567.686,4623.3779,4552.3042,4582.084,924356.88,8864602.0,-0.3132,0.3315856
905,2024-09-05,4585.168,4630.6392,4582.0542,4601.0908,805837.25,8014863.5,0.41479999,0.31696722
905,2024-09-06,4609.3418,4613.3101,4535.3491,4537.4541,901475.94,8021575.0,-1.3831,0.3161412
905,2024-09-09,4517.5659,4541.7939,4487.8428,4507.187,919446.06,8190758.5,-0.667,0.3243469
905,2024-09-10,4509.3242,4528.6689,4432.9131,4507.707,985295.44,8701176.0,0.0115,0.3192852
905,2024-09-11,4490.187,4529.3452,4479.0308,4514.916,852068.44,8170787.0,0.15989999,0.3175215
905,2024-09-12,4518.9878,4568.7461,4496.5918,4496.5918,866543.06,8091651.0,-0.4059,0.32491505
905,2024-09-13,4500.395,4509.0718,4450.959,4450.959,925337.56,8571061.0,-1.0148,0.3291587
905,2024-09-18,4450.0889,4474.7222,4397.1611,4462.8701,909896.81,7910252.5,0.2676,0.31255713
905,2024-09-19,4481.4639,4565.3901,4437.5361,4520.394,1156118.6,10540590.0,1.2889,0.30361426
905,2024-09-20,4514.96,4515.8062,4471.9438,4498.3901,943120.44,8908444.0,-0.48679999,0.31137735
905,2024-09-23,4495.7808,4545.541,4483.1299,4494.688,899352.25,8510484.0,-0.0823,0.3005363
905,2024-09-24,4524.2212,4690.5742,4503.125,4689.5962,1771447.0,15994707.0,4.3364,0.12739626
905,2024-09-25,4743.6338,4847.2031,4724.4302,4731.4761,2045935.3,18220958.0,0.89300001,0.12584613
905,2024-09-26,4725.9961,4938.1841,4719.3491,4938.1841,2299303.3,19612256.0,4.3688002,0.10157335
905,2024-09-27,5027.2642,5227.958,5021.5151,5201.666,2301775.0,23264666.0,5.3355999,0.06582485
905,2024-09-30,5449.7891,5757.9209,5387.3379,5743.2168,3887032.0,41878468.0,10.4111,-0.028189585
905,2024-10-08,6417.814,6417.814,5868.853,6155.582,4935464.0,57926332.0,7.1799998,-0.0858479
905,2024-10-09,6013.7021,6088.0801,5704.478,5735.6411,4311564.0,52944752.0,-6.8221002,-0.023206979
905,2024-10-10,5768.6108,5875.936,5597.4771,5690.8818,3534802.5,39081424.0,-0.78039998,-0.023549601
905,2024-10-11,5650.0488,5652.8521,5408.8701,5470.813,2443833.8,26674926.0,-3.8670001,0.015756013
905,2024-10-14,5503.646,5623.9692,5408.3921,5608.1528,2506085.5,27923130.0,2.5104001,-0.008457615
905,2024-10-15,5578.2612,5661.0752,5471.8809,5472.5601,2389970.3,27681662.0,-2.4177999,0.031031327
905,2024-10-16,5393.666,5546.1758,5393.666,5461.0879,2054509.3,22242574.0,-0.2096,0.029869707
905,2024-10-17,5499.7661,5541.0332,5417.8809,5418.9878,2027686.9,23445894.0,-0.77090001,0.03985272
905,2024-10-18,5416.0322,5774.1411,5404.2041,5640.02,2871142.3,35206212.0,4.0788002,-0.006053188
905,2024-10-21,5680.5649,5797.8809,5631.2319,5704.2251,2668851.8,35996572.0,1.1384,-0.013506637
905,2024-10-22,5703.3198,5779.2979,5673.79,5753.8501,2370236.3,31258432.0,0.87,-0.027034976
905,2024-10-23,5745.1069,5853.4561,5727.7739,5776.3828,2734126.5,33616776.0,0.39160001,-0.02968588
905,2024-10-24,5747.5581,5759.8652,5694.7788,5726.7041,2076900.5,25723226.0,-0.86000001,-0.016567802
905,2024-10-25,5735.2852,5855.2651,5729.438,5809.688,2367257.0,29959018.0,1.4491,-0.011937646
905,2024-10-28,5816.3301,5883.7202,5787.4839,5883.7202,2706537.8,31266368.0,1.2743,
905,2024-10-29,5903.3071,5917.2148,5807.29,5812.5288,2753711.5,33248150.0,-1.21,
905,2024-10-30,5793.833,5869.1108,5777.4302,5837.9341,2520212.8,31595656.0,0.43709999,
905,2024-10-31,5839.9771,5935.1831,5812.0322,5901.29,3135492.0,37745412.0,1.0852,
905,2024-11-01,5893.3188,5934.2031,5795.0811,5831.8218,3698406.5,42925748.0,-1.1772,
905,2024-11-04,5835.3921,5928.9092,5835.3921,5928.9092,2865523.0,34277688.0,1.6648,
905,2024-11-05,5925.8652,6119.2539,5910.8892,6111.9712,3663445.0,44146288.0,3.0876,
905,2024-11-06,6134.9238,6204.5332,6081.8071,6125.7871,4151877.3,50232412.0,0.226,
905,2024-11-07,6061.7349,6240.7568,6049.5869,6239.5601,4184133.3,46581496.0,1.8573,
905,2024-11-08,6306.7988,6333.6792,6206.2949,6222.4448,3856483.5,47008020.0,-0.27430001,
905,2024-11-11,6211.0332,6330.8052,6199.0562,6330.6152,3340969.3,45332832.0,1.7384,
905,2024-11-12,6349.23,6382.978,6205.0991,6263.8828,3328569.3,45268544.0,-1.0541,
905,2024-11-13,6234.1582,6282.2778,6162.8979,6259.8408,2604006.8,34781296.0,-0.064499997,
905,2024-11-14,6240.6089,6240.6089,6068.6582,6078.3052,2397431.5,31733590.0,-2.9000001,
905,2024-11-15,6055.5352,6093.4229,5924.3501,5924.4829,2362260.5,30967980.0,-2.5307,
905,2024-11-18,5940.4858,5977.4922,5799.9082,5833.0361,2825272.3,29642326.0,-1.5434999,
905,2024-11-19,5836.6108,5936.9351,5776.2021,5936.6021,2414042.3,26247774.0,1.7755001,
905,2024-11-20,5920.3232,6015.2339,5909.106,5992.3901,2173452.3,26100544.0,0.93970001,
905,2024-11-21,5973.1548,6009.6289,5937.8052,5985.313,2061989.4,25272232.0,-0.1181,
905,2024-11-22,5969.0752,5983.3389,5750.2461,5750.2461,2250667.3,26767574.0,-3.9274001,
905,2024-11-25,5754.5469,5774.8169,5662.0952,5735.6489,1860050.6,21526158.0,-0.25389999,
905,2024-11-26,5727.373,5773.356,5688.5762,5690.479,1475628.6,17018674.0,-0.78750002,
905,2024-11-27,5669.5552,5805.6348,5603.9961,5804.937,1753133.0,20452872.0,2.0114,
905,2024-11-28,5802.7969,5826.4878,5749.2871,5757.5972,1721835.4,20435828.0,-0.81550002,
905,2024-11-29,5748.167,5899.873,5736.4092,5851.939,2042555.5,24357120.0,1.6386,
905,2024-12-02,5853.7051,5956.5981,5848.4238,5943.625,2361813.0,25721282.0,1.5668,
905,2024-12-03,5946.7349,5954.6611,5877.8008,5932.1211,2098705.0,22934696.0,-0.1936,
905,2024-12-04,5929.4761,5940.855,5850.9092,5879.27,2159916.3,23421294.0,-0.89090002,
905,2024-12-05,5855.7422,5923.624,5853.5269,5901.9858,1985422.4,21225188.0,0.38640001,
905,2024-12-06,5903.499,6011.769,5877.043,5979.1968,2653295.3,25560056.0,1.3082,
905,2024-12-09,5983.334,6004.2339,5911.3618,5947.1089,2844622.0,23729466.0,-0.53670001,
905,2024-12-10,6132.291,6141.0659,5982.583,5992.0942,3205278.3,32471128.0,0.75639999,
905,2024-12-11,5973.3262,6051.4722,5972.27,6047.105,2538839.5,25001148.0,0.9181,
905,2024-12-12,6048.7808,6107.7148,6023.2339,6100.395,2436537.0,25838080.0,0.88120002,
905,2024-12-13,6065.9541,6065.9541,5988.292,5988.292,2863282.0,30731622.0,-1.8376,
905,2024-12-16,5983.1602,5991.5771,5888.043,5912.6011,2146474.5,24179086.0,-1.2640001,
905,2024-12-17,5896.9678,5924.624,5837.251,5848.1631,1931085.5,20463024.0,-1.0898,
905,2024-12-18,5861.2622,5921.98,5853.1631,5888.6162,1879962.9,19328204.0,0.69169998,
905,2024-12-19,5829.2632,5918.4902,5816.4731,5901.916,1965312.0,21128750.0,0.22589999,
905,2024-12-20,5889.9458,5962.415,5889.9458,5917.1748,1780904.0,22113252.0,0.25850001,
905,2024-12-23,5917.6938,5935.1519,5815.3418,5818.5508,1773154.9,21734704.0,-1.6667,
905,2024-12-24,5827.1602,5897.1948,5827.1602,5895.2598,1673658.3,19611252.0,1.3184,
905,2024-12-25,5896.4302,5897.5098,5796.6479,5840.2891,1572791.4,19126944.0,-0.9325,
905,2024-12-26,5830.7212,5897.4829,5830.7212,5887.061,1453194.5,20172328.0,0.80089998,
905,2024-12-27,5892.6938,5975.792,5881.7168,5899.167,1790855.0,23668064.0,0.20559999,
905,2024-12-30,5890.4629,5928.5718,5867.854,5898.8838,1555655.9,19618258.0,-0.0048000002,
905,2024-12-31,5902.0332,5905.4629,5725.7319,5725.7319,1821588.5,21719400.0,-2.9353001,
905,2025-01-02,5717.916,5722.1108,5498.8218,5545.8169,1937631.6,22007900.0,-3.1422,
905,2025-01-03,5552.75,5581.3979,5419.7432,5427.8042,1740773.1,18723308.0,-2.128,
905,2025-01-06,5421.0649,5482.625,5384.333,5427.1011,1462656.6,15674367.0,-0.013,
905,2025-01-07,5429.1729,5485.585,5405.1328,5484.6851,1450652.8,15983633.0,1.061,
905,2025-01-08,5462.3242,5501.6558,5326.9258,5461.5859,1638499.1,18114124.0,-0.42120001,
905,2025-01-09,5437.813,5493.6802,5436.7041,5456.5859,1298326.3,15679887.0,-0.091499999,
905,2025-01-10,5449.001,5496.3828,5369.2808,5369.2808,1301795.5,15998410.0,-1.6,
905,2025-01-13,5319.7012,5422.0122,5319.2739,5381.6968,1196829.4,13940654.0,0.23119999,
905,2025-01-14,5393.7632,5582.835,5378.5879,5572.272,1721428.6,20808372.0,3.5411999,
905,2025-01-15,5559.5791,5569.1899,5509.5762,5522.459,1383932.4,16906046.0,-0.89389998,
905,2025-01-16,5546.7002,5633.855,5508.915,5545.6338,1493180.9,18299588.0,0.4197,
905,2025-01-17,5524.2051,5621.937,5519.4111,5587.2939,1266911.8,16443744.0,0.75120002,
905,2025-01-20,5621.9248,5665.1831,5598.1582,5614.3311,1357125.1,17342610.0,0.48390001,
905,2025-01-21,5639.604,5642.917,5573.5,5633.9248,1264913.0,17090914.0,0.34900001,
905,2025-01-22,5606.8472,5618.5811,5567.7788,5607.0591,1153750.0,15810659.0,-0.47690001,
905,2025-01-23,5659.3691,5717.689,5584.2549,5584.2549,1634199.9,20363376.0,-0.40669999,
905,2025-01-24,5570.48,5660.4341,5570.48,5649.9502,1394380.6,18085884.0,1.1763999,
905,2025-01-27,5660.4849,5676.0259,5589.3428,5589.3428,1365460.5,16308584.0,-1.0727,
905,2025-02-05,5643.1748,5646.0371,5588.5562,5614.3872,1556741.4,21499952.0,0.4481,
905,2025-02-06,5606.8711,5749.0229,5597.3252,5747.9009,1814281.9,25712208.0,2.3780999,
905,2025-02-07,5750.2891,5889.4282,5741.7329,5833.9878,2327188.8,32794918.0,1.4977,
905,2025-02-10,5858.2432,5895.4058,5836.1709,5888.5508,2093009.0,28625328.0,0.93529999,
905,2025-02-11,5890.373,5890.373,5827.3779,5858.2808,1819205.1,26028106.0,-0.514,
905,2025-02-12,5841.3618,5940.5371,5841.3188,5940.5298,1954461.5,28543886.0,1.404,
905,2025-02-13,5938.2031,5957.5801,5889.6948,5898.2612,2282818.5,31308016.0,-0.71149999,
905,2025-02-14,5893.9341,5954.4771,5886.9502,5947.7959,2119142.5,30662750.0,0.8398,
905,2025-02-17,5979.8452,5985.3638,5906.2661,5948.7202,2339017.0,35694028.0,0.0155,
905,2025-02-18,5935.499,5947.9341,5816.0508,5840.7109,2149414.8,30690566.0,-1.8157001,
905,2025-02-19,5834.9551,5945.3462,5831.4819,5943.8818,2052983.0,31396034.0,1.7664,
905,2025-02-20,5941.5991,5977.73,5920.5679,5957.5469,1982074.1,30588540.0,0.2299,
905,2025-02-21,5969.646,6061.8242,5943.1948,6057.0649,2523171.3,39696076.0,1.6705,
905,2025-02-24,6057.3799,6079.0171,6007.1792,6044.9731,2438138.0,38236264.0,-0.1996,
905,2025-02-25,5967.0371,6044.7559,5956.1758,5979.9648,2068339.5,34031644.0,-1.0754,
905,2025-02-26,5990.29,6055.873,5973.8569,6051.7402,2108609.0,32726534.0,1.2003,
905,2025-02-27,6050.186,6064.4912,5940.335,6028.9858,2166529.3,32825476.0,-0.37599999,
905,2025-02-28,5997.918,6007.4722,5847.1509,5859.8711,2052238.1,29829064.0,-2.8050001,
905,2025-03-03,5875.9521,5964.2681,5851.5601,5885.77,1850245.8,26695566.0,0.442,
905,2025-03-04,5845.4712,5943.084,5843.4629,5937.6299,1539222.1,23114532.0,0.8811,
905,2025-03-05,5937.1069,5955.8989,5892.5332,5950.7031,1630715.0,24173802.0,0.2202,
905,2025-03-06,5980.3799,6062.541,5972.604,6047.7729,2130428.5,32054270.0,1.6312,
905,2025-03-07,6029.3809,6067.3481,5989.3208,6013.7749,2074371.5,30112214.0,-0.56220001,
905,2025-03-10,6022.6812,6041.522,5971.813,6013.6191,1730443.4,24851346.0,-0.0026,
905,2025-03-11,5944.4199,6044.9741,5942.9121,6044.9741,1738556.4,24520510.0,0.52139997,
905,2025-03-12,6068.376,6098.2349,6038.8218,6040.4971,1847635.4,26790630.0,-0.074100003,
905,2025-03-13,6032.855,6050.1782,5947.7822,5993.9668,1937107.1,25362242.0,-0.77029997,
905,2025-03-14,5993.9702,6099.981,5978.5322,6099.981,2192458.3,28903808.0,1.7687,
905,2025-03-17,6119.606,6129.854,6098.5078,6108.0181,1843172.8,25016068.0,0.1318,
905,2025-03-18,6126.0361,6161.228,6114.2061,6133.3018,1660230.4,23634218.0,0.41389999,
905,2025-03-19,6117.4229,6128.23,6076.564,6101.437,1538937.8,21887200.0,-0.51950002,
905,2025-03-20,6094.8428,6109.1831,6055.3809,6059.4858,1471878.6,20384958.0,-0.68760002,
905,2025-03-21,6038.9902,6071.085,5951.7949,5971.9302,1741037.9,22580100.0,-1.4449,
905,2025-03-24,5973.0469,5987.061,5882.8779,5969.0791,1691924.4,22009432.0,-0.047699999,
905,2025-03-25,5969.416,5993.9312,5929.6729,5946.9512,1474839.5,19222702.0,-0.3707,
905,2025-03-26,5935.854,5983.4741,5935.854,5948.499,1367021.1,17169584.0,0.026000001,
905,2025-03-27,5932.5171,6000.6621,5891.7661,5957.6021,1347089.0,17659048.0,0.153,
905,2025-03-28,5954.73,5973.8018,5904.916,5916.0308,1342619.3,16889948.0,-0.69779998,
905,2025-03-31,5886.9561,5908.3032,5802.4189,5857.772,1542560.9,18956340.0,-0.98479998,
905,2025-04-01,5870.9419,5931.5039,5867.8481,5892.8501,1364486.0,17932796.0,0.5988,
905,2025-04-02,5884.8931,5936.647,5884.1128,5899.0869,1121599.6,14064208.0,0.1058,
905,2025-04-03,5842.6172,5906.7061,5817.9658,5845.5049,1349386.3,17366214.0,-0.90829998,
905,2025-04-07,5523.9639,5587.8501,5212.6768,5287.0332,2365226.5,26739740.0,-9.5538998,
905,2025-04-08,5279.7568,5371.1831,5249.2319,5326.9141,2238406.8,26187534.0,0.7543,
905,2025-04-09,5249.6841,5465.145,5135.9658,5439.772,2451180.3,28825744.0,2.1185999,
905,2025-04-10,5534.5591,5610.1899,5513.9541,5544.0649,2119630.3,26866644.0,1.9172,
905,2025-04-11,5514.188,5631.5952,5510.895,5581.3179,1644116.6,22765978.0,0.67189997,
905,2025-04-14,5633.7788,5661.8052,5608.73,5627.1382,1554870.8,20747046.0,0.82099998,
905,2025-04-15,5625.001,5626.6768,5567.0269,5602.5342,1232737.1,16190088.0,-0.43720001,
905,2025-04-16,5589.7769,5592.6738,5492.6548,5556.8638,1325372.3,16375104.0,-0.81519997,
905,2025-04-17,5527.5908,5604.6201,5526.8882,5557.0112,1136523.9,14828324.0,0.0026,
905,2025-04-18,5546.9668,5579.479,5525.4048,5560.7212,1116442.6,13980415.0,0.066799998,
905,2025-04-21,5556.5132,5646.2178,5535.6992,5642.3809,1231118.9,16026481.0,1.4685,
905,2025-04-22,5634.894,5651.5542,5617.8789,5624.209,1246666.9,16446432.0,-0.32210001,
905,2025-04-23,5647.915,5670.2598,5614.7681,5634.9492,1270077.6,17799130.0,0.191,
905,2025-04-24,5633.0239,5651.5342,5583.4302,5605.8799,1226967.0,15789919.0,-0.51590002,
905,2025-04-25,5613.1411,5661.5869,5596.5269,5627.1802,1400008.0,17193382.0,0.38,
905,2025-04-28,5624.417,5628.0781,5587.7861,5598.2949,1362181.0,16761629.0,-0.5133,
905,2025-04-29,5583.7192,5622.022,5571.2358,5604.9058,1267429.3,15803300.0,0.1181,
905,2025-04-30,5604.6538,5647.7822,5603.1719,5631.8252,1383866.3,18161658.0,0.48030001,
905,2025-05-06,5668.876,5740.334,5666.4702,5740.334,1627736.0,21705998.0,1.9267,
