Trddt,Cvtype,Yeartomatu,Yield
2006-03-01,2,0.5,1.5891
2006-03-02,2,0.5,1.52
2006-03-03,2,0.5,1.51
2006-03-06,2,0.5,1.56
2006-03-07,2,0.5,1.53
2006-03-08,2,0.5,1.52
2006-03-09,2,0.5,1.53
2006-03-10,2,0.5,1.53
2006-03-13,2,0.5,1.54
2006-03-14,2,0.5,1.55
2006-03-15,2,0.5,1.57
2006-03-16,2,0.5,1.58
2006-03-17,2,0.5,1.56
2006-03-20,2,0.5,1.58
2006-03-21,2,0.5,1.57
2006-03-22,2,0.5,1.58
2006-03-23,2,0.5,1.6
2006-03-24,2,0.5,1.58
2006-03-27,2,0.5,1.61
2006-03-28,2,0.5,1.6
2006-03-29,2,0.5,1.62
2006-03-30,2,0.5,1.64
2006-03-31,2,0.5,1.64
2006-04-03,2,0.5,1.64
2006-04-04,2,0.5,1.6154
2006-04-05,2,0.5,1.6
2006-04-06,2,0.5,1.58
2006-04-07,2,0.5,1.55
2006-04-10,2,0.5,1.55
2006-04-11,2,0.5,1.57
2006-04-12,2,0.5,1.59
2006-04-13,2,0.5,1.57
2006-04-14,2,0.5,1.58
2006-04-17,2,0.5,1.6
2006-04-18,2,0.5,1.64
2006-04-19,2,0.5,1.63
2006-04-20,2,0.5,1.62
2006-04-21,2,0.5,1.62
2006-04-24,2,0.5,1.62
2006-04-25,2,0.5,1.63
2006-04-26,2,0.5,1.65
2006-04-27,2,0.5,1.63
2006-04-28,2,0.5,1.62
2006-04-29,2,0.5,1.65
2006-04-30,2,0.5,1.63
2006-05-08,2,0.5,1.65
2006-05-09,2,0.5,1.63
2006-05-10,2,0.5,1.6
2006-05-11,2,0.5,1.62
2006-05-12,2,0.5,1.64
2006-05-15,2,0.5,1.65
2006-05-16,2,0.5,1.68
2006-05-17,2,0.5,1.65
2006-05-18,2,0.5,1.66
2006-05-19,2,0.5,1.66
2006-05-22,2,0.5,1.68
2006-05-23,2,0.5,1.68
2006-05-24,2,0.5,1.67
2006-05-25,2,0.5,1.65
2006-05-26,2,0.5,1.65
2006-05-29,2,0.5,1.65
2006-05-30,2,0.5,1.65
2006-05-31,2,0.5,1.655
2006-06-01,2,0.5,1.67
2006-06-02,2,0.5,1.69
2006-06-05,2,0.5,1.72
2006-06-06,2,0.5,1.72
2006-06-07,2,0.5,1.73
2006-06-08,2,0.5,1.75
2006-06-09,2,0.5,1.759
2006-06-12,2,0.5,1.75
2006-06-13,2,0.5,1.78
2006-06-14,2,0.5,1.79
2006-06-15,2,0.5,1.8
2006-06-16,2,0.5,1.8
2006-06-19,2,0.5,1.81
2006-06-20,2,0.5,1.84
2006-06-21,2,0.5,1.9
2006-06-22,2,0.5,1.91
2006-06-23,2,0.5,1.9
2006-06-26,2,0.5,1.88
2006-06-27,2,0.5,1.86
2006-06-28,2,0.5,1.9
2006-06-29,2,0.5,1.81
2006-06-30,2,0.5,1.86
2006-07-03,2,0.5,1.85
2006-07-04,2,0.5,1.85
2006-07-05,2,0.5,1.86
2006-07-06,2,0.5,1.85
2006-07-07,2,0.5,1.84
2006-07-10,2,0.5,1.83
2006-07-11,2,0.5,1.82
2006-07-12,2,0.5,1.83
2006-07-13,2,0.5,1.818
2006-07-14,2,0.5,1.871
2006-07-17,2,0.5,1.87
2006-07-18,2,0.5,1.865
2006-07-19,2,0.5,1.86
2006-07-20,2,0.5,1.863
2006-07-21,2,0.5,1.87
2006-07-24,2,0.5,2.1
2006-07-25,2,0.5,2.12
2006-07-26,2,0.5,2.15
2006-07-27,2,0.5,2.11
2006-07-28,2,0.5,2.1
2006-07-31,2,0.5,2.12
2006-08-01,2,0.5,2.1
2006-08-02,2,0.5,2.1
2006-08-03,2,0.5,2.0659
2006-08-04,2,0.5,2.129
2006-08-07,2,0.5,2.13
2006-08-08,2,0.5,2.13
2006-08-09,2,0.5,2.125
2006-08-10,2,0.5,2.115
2006-08-11,2,0.5,2.1
2006-08-14,2,0.5,2.09
2006-08-15,2,0.5,2.075
2006-08-16,2,0.5,2.035
2006-08-17,2,0.5,2.015
2006-08-18,2,0.5,1.98
2006-08-21,2,0.5,2.05
2006-08-22,2,0.5,2.025
2006-08-23,2,0.5,2.018
2006-08-24,2,0.5,2.006
2006-08-25,2,0.5,1.976
2006-08-28,2,0.5,1.955
2006-08-29,2,0.5,1.95
2006-08-30,2,0.5,1.95
2006-08-31,2,0.5,1.955
2006-09-01,2,0.5,1.965
2006-09-04,2,0.5,1.925
2006-09-05,2,0.5,1.921
2006-09-06,2,0.5,1.925
2006-09-07,2,0.5,1.923
2006-09-08,2,0.5,1.922
2006-09-11,2,0.5,1.921
2006-09-12,2,0.5,1.9338
2006-09-13,2,0.5,1.9324
2006-09-14,2,0.5,1.9025
2006-09-15,2,0.5,1.9132
2006-09-18,2,0.5,1.8981
2006-09-19,2,0.5,1.8968
2006-09-20,2,0.5,1.8951
2006-09-21,2,0.5,1.8914
2006-09-22,2,0.5,1.8912
2006-09-25,2,0.5,1.8892
2006-09-26,2,0.5,1.8892
2006-09-27,2,0.5,1.8964
2006-09-28,2,0.5,1.8944
2006-09-29,2,0.5,1.9175
2006-09-30,2,0.5,1.917
2006-10-08,2,0.5,1.915
2006-10-09,2,0.5,1.9
2006-10-10,2,0.5,1.88
2006-10-11,2,0.5,1.88
2006-10-12,2,0.5,1.88
2006-10-13,2,0.5,1.875
2006-10-16,2,0.5,1.9241
2006-10-17,2,0.5,1.9352
2006-10-18,2,0.5,1.9345
2006-10-19,2,0.5,1.9325
2006-10-20,2,0.5,1.9188
2006-10-23,2,0.5,1.9185
2006-10-24,2,0.5,1.919
2006-10-25,2,0.5,1.9331
2006-10-26,2,0.5,1.9211
2006-10-27,2,0.5,1.9336
2006-10-30,2,0.5,1.9336
2006-10-31,2,0.5,1.9468
2006-11-01,2,0.5,1.9527
2006-11-02,2,0.5,1.9
2006-11-03,2,0.5,1.88
2006-11-06,2,0.5,1.93
2006-11-07,2,0.5,1.9826
2006-11-08,2,0.5,1.9332
2006-11-09,2,0.5,1.9385
2006-11-10,2,0.5,1.9372
2006-11-13,2,0.5,1.93
2006-11-14,2,0.5,1.928
2006-11-15,2,0.5,1.935
2006-11-16,2,0.5,1.9442
2006-11-17,2,0.5,1.9441
2006-11-20,2,0.5,1.9648
2006-11-21,2,0.5,2.0306
2006-11-22,2,0.5,2.0326
2006-11-23,2,0.5,2.0485
2006-11-24,2,0.5,2.0508
2006-11-27,2,0.5,2.02
2006-11-28,2,0.5,2.0052
2006-11-29,2,0.5,1.9898
2006-11-30,2,0.5,1.98
2006-12-01,2,0.5,1.9933
2006-12-04,2,0.5,1.9935
2006-12-05,2,0.5,1.935
2006-12-06,2,0.5,1.96
2006-12-07,2,0.5,2.01
2006-12-08,2,0.5,2.0106
2006-12-11,2,0.5,2.01
2006-12-12,2,0.5,2.0123
2006-12-13,2,0.5,2.07
2006-12-14,2,0.5,2.0672
2006-12-15,2,0.5,2.069
2006-12-18,2,0.5,2.0765
2006-12-19,2,0.5,2.0629
2006-12-20,2,0.5,2.045
2006-12-21,2,0.5,2.0312
2006-12-22,2,0.5,2.0203
2006-12-25,2,0.5,2.0224
2006-12-26,2,0.5,2.0155
2006-12-27,2,0.5,2.0176
2006-12-28,2,0.5,2.0193
2006-12-29,2,0.5,2.008
2006-12-30,2,0.5,2.01
2006-12-31,2,0.5,2.01
2007-01-04,2,0.5,1.9829
2007-01-05,2,0.5,2.0
2007-01-08,2,0.5,2.003
2007-01-09,2,0.5,1.9872
2007-01-10,2,0.5,1.9898
2007-01-11,2,0.5,1.9729
2007-01-12,2,0.5,1.9702
2007-01-15,2,0.5,1.9768
2007-01-16,2,0.5,1.95
2007-01-17,2,0.5,1.9354
2007-01-18,2,0.5,1.9374
2007-01-19,2,0.5,1.9295
2007-01-22,2,0.5,1.9316
2007-01-23,2,0.5,1.935
2007-01-24,2,0.5,1.9364
2007-01-25,2,0.5,1.9402
2007-01-26,2,0.5,1.95
2007-01-29,2,0.5,1.9478
2007-01-30,2,0.5,1.94
2007-01-31,2,0.5,1.94
2007-02-01,2,0.5,1.9474
2007-02-02,2,0.5,1.9327
2007-02-05,2,0.5,1.9381
2007-02-06,2,0.5,1.9412
2007-02-07,2,0.5,1.9702
2007-02-08,2,0.5,1.9941
2007-02-09,2,0.5,1.9984
2007-02-12,2,0.5,1.99
2007-02-13,2,0.5,2.0131
2007-02-14,2,0.5,2.0166
2007-02-15,2,0.5,2.0213
2007-02-16,2,0.5,2.0261
2007-02-17,2,0.5,1.99
2007-02-25,2,0.5,1.98
2007-02-26,2,0.5,1.98
2007-02-27,2,0.5,2.0202
2007-02-28,2,0.5,1.98
2007-03-01,2,0.5,1.98
2007-03-02,2,0.5,2.0
2007-03-05,2,0.5,2.01
2007-03-06,2,0.5,2.02
2007-03-07,2,0.5,2.02
2007-03-08,2,0.5,2.02
2007-03-09,2,0.5,2.02
2007-03-12,2,0.5,2.01
2007-03-13,2,0.5,2.01
2007-03-14,2,0.5,2.01
2007-03-15,2,0.5,2.01
2007-03-16,2,0.5,2.02
2007-03-19,2,0.5,2.05
2007-03-20,2,0.5,2.05
2007-03-21,2,0.5,2.07
2007-03-22,2,0.5,2.08
2007-03-23,2,0.5,2.08
2007-03-26,2,0.5,2.08
2007-03-27,2,0.5,2.08
2007-03-28,2,0.5,2.08
2007-03-29,2,0.5,2.08
2007-03-30,2,0.5,2.08
2007-04-02,2,0.5,2.08
2007-04-03,2,0.5,2.08
2007-04-04,2,0.5,2.08
2007-04-05,2,0.5,2.08
2007-04-06,2,0.5,2.09
2007-04-09,2,0.5,2.1
2007-04-10,2,0.5,2.11
2007-04-11,2,0.5,2.11
2007-04-12,2,0.5,2.11
2007-04-13,2,0.5,2.11
2007-04-16,2,0.5,2.13
2007-04-17,2,0.5,2.13
2007-04-18,2,0.5,2.14
2007-04-19,2,0.5,2.15
2007-04-20,2,0.5,2.1765
2007-04-23,2,0.5,2.175
2007-04-24,2,0.5,2.17
2007-04-25,2,0.5,2.17
2007-04-26,2,0.5,2.15
2007-04-27,2,0.5,2.13
2007-04-28,2,0.5,2.14
2007-04-29,2,0.5,2.13
2007-04-30,2,0.5,2.14
2007-05-08,2,0.5,2.15
2007-05-09,2,0.5,2.14
2007-05-10,2,0.5,2.13
2007-05-11,2,0.5,2.14
2007-05-14,2,0.5,2.15
2007-05-15,2,0.5,2.15
2007-05-16,2,0.5,2.15
2007-05-17,2,0.5,2.16
2007-05-18,2,0.5,2.16
2007-05-21,2,0.5,2.16
2007-05-22,2,0.5,2.17
2007-05-23,2,0.5,2.17
2007-05-24,2,0.5,2.17
2007-05-25,2,0.5,2.21
2007-05-28,2,0.5,2.225
2007-05-29,2,0.5,2.23
2007-05-30,2,0.5,2.25
2007-05-31,2,0.5,2.255
2007-06-01,2,0.5,2.255
2007-06-04,2,0.5,2.255
2007-06-05,2,0.5,2.251
2007-06-06,2,0.5,2.35
2007-06-07,2,0.5,2.35
2007-06-08,2,0.5,2.35
2007-06-11,2,0.5,2.35
2007-06-12,2,0.5,2.39
2007-06-13,2,0.5,2.4
2007-06-14,2,0.5,2.45
2007-06-15,2,0.5,2.4653
2007-06-18,2,0.5,2.4636
2007-06-19,2,0.5,2.4809
2007-06-20,2,0.5,2.482
2007-06-21,2,0.5,2.49
2007-06-22,2,0.5,2.47
2007-06-25,2,0.5,2.4773
2007-06-26,2,0.5,2.5021
2007-06-27,2,0.5,2.4906
2007-06-28,2,0.5,2.5
2007-06-29,2,0.5,2.5
2007-07-02,2,0.5,2.48
2007-07-03,2,0.5,2.4822
2007-07-04,2,0.5,2.4848
2007-07-05,2,0.5,2.5301
2007-07-06,2,0.5,2.5811
2007-07-09,2,0.5,2.608
2007-07-10,2,0.5,2.53
2007-07-11,2,0.5,2.54
2007-07-12,2,0.5,2.56
2007-07-13,2,0.5,2.57
2007-07-16,2,0.5,2.55
2007-07-17,2,0.5,2.53
2007-07-18,2,0.5,2.525
2007-07-19,2,0.5,2.545
2007-07-20,2,0.5,2.55
2007-07-23,2,0.5,2.555
2007-07-24,2,0.5,2.5867
2007-07-25,2,0.5,2.7462
2007-07-26,2,0.5,2.7475
2007-07-27,2,0.5,2.761
2007-07-30,2,0.5,2.769
2007-07-31,2,0.5,2.6959
2007-08-01,2,0.5,2.7399
2007-08-02,2,0.5,2.7768
2007-08-03,2,0.5,2.7776
2007-08-06,2,0.5,2.7594
2007-08-07,2,0.5,2.7756
2007-08-08,2,0.5,2.7703
2007-08-09,2,0.5,2.7723
2007-08-10,2,0.5,2.7628
2007-08-13,2,0.5,2.7703
2007-08-14,2,0.5,2.7712
2007-08-15,2,0.5,2.774
2007-08-16,2,0.5,2.77
2007-08-17,2,0.5,2.76
2007-08-20,2,0.5,2.7425
2007-08-21,2,0.5,2.7554
2007-08-22,2,0.5,2.8269
2007-08-23,2,0.5,2.7508
2007-08-24,2,0.5,2.7265
2007-08-27,2,0.5,2.7125
2007-08-28,2,0.5,2.787
2007-08-29,2,0.5,2.7776
2007-08-30,2,0.5,2.7612
2007-08-31,2,0.5,2.7448
2007-09-03,2,0.5,2.745
2007-09-04,2,0.5,2.75
2007-09-05,2,0.5,2.755
2007-09-06,2,0.5,2.7788
2007-09-07,2,0.5,2.8164
2007-09-10,2,0.5,2.8336
2007-09-11,2,0.5,2.858
2007-09-12,2,0.5,2.8169
2007-09-13,2,0.5,2.8124
2007-09-14,2,0.5,3.1029
2007-09-17,2,0.5,3.126
2007-09-18,2,0.5,2.9436
2007-09-19,2,0.5,2.8923
2007-09-20,2,0.5,2.9431
2007-09-21,2,0.5,2.9345
2007-09-24,2,0.5,2.95
2007-09-25,2,0.5,3.025
2007-09-26,2,0.5,3.012
2007-09-27,2,0.5,3.0
2007-09-28,2,0.5,2.97
2007-09-29,2,0.5,2.965
2007-09-30,2,0.5,2.945
2007-10-08,2,0.5,2.925
2007-10-09,2,0.5,2.92
2007-10-10,2,0.5,2.93
2007-10-11,2,0.5,2.93
2007-10-12,2,0.5,2.925
2007-10-15,2,0.5,2.94
2007-10-16,2,0.5,3.0
2007-10-17,2,0.5,3.25
2007-10-18,2,0.5,3.26
2007-10-19,2,0.5,3.28
2007-10-22,2,0.5,3.29
2007-10-23,2,0.5,3.31
2007-10-24,2,0.5,3.31
2007-10-25,2,0.5,3.34
2007-10-26,2,0.5,3.36
2007-10-29,2,0.5,3.2
2007-10-30,2,0.5,3.18
2007-10-31,2,0.5,3.19
2007-11-01,2,0.5,3.2
2007-11-02,2,0.5,3.26
2007-11-05,2,0.5,3.3
2007-11-06,2,0.5,3.4
2007-11-07,2,0.5,3.52
2007-11-08,2,0.5,3.58
2007-11-09,2,0.5,3.6
2007-11-12,2,0.5,3.65
2007-11-13,2,0.5,3.66
2007-11-14,2,0.5,3.7
2007-11-15,2,0.5,3.72
2007-11-16,2,0.5,3.72
2007-11-19,2,0.5,3.71
2007-11-20,2,0.5,3.71
2007-11-21,2,0.5,3.7
2007-11-22,2,0.5,3.7351
2007-11-23,2,0.5,3.7311
2007-11-26,2,0.5,3.7031
2007-11-27,2,0.5,3.681
2007-11-28,2,0.5,3.66
2007-11-29,2,0.5,3.65
2007-11-30,2,0.5,3.63
2007-12-03,2,0.5,3.6467
2007-12-04,2,0.5,3.638
2007-12-05,2,0.5,3.61
2007-12-06,2,0.5,3.6
2007-12-07,2,0.5,3.59
2007-12-10,2,0.5,3.58
2007-12-11,2,0.5,3.58
2007-12-12,2,0.5,3.56
2007-12-13,2,0.5,3.5428
2007-12-14,2,0.5,3.584
2007-12-17,2,0.5,3.5738
2007-12-18,2,0.5,3.5751
2007-12-19,2,0.5,3.5751
2007-12-20,2,0.5,3.56
2007-12-21,2,0.5,3.576
2007-12-24,2,0.5,3.5
2007-12-25,2,0.5,3.4597
2007-12-26,2,0.5,3.486
2007-12-27,2,0.5,3.4699
2007-12-28,2,0.5,3.4747
2007-12-29,2,0.5,3.4761
2008-01-02,2,0.5,3.4674
2008-01-03,2,0.5,3.5
2008-01-04,2,0.5,3.4942
2008-01-07,2,0.5,3.4505
2008-01-08,2,0.5,3.3837
2008-01-09,2,0.5,3.3783
2008-01-10,2,0.5,3.3688
2008-01-11,2,0.5,3.3696
2008-01-14,2,0.5,3.3819
2008-01-15,2,0.5,3.3787
2008-01-16,2,0.5,3.3722
2008-01-17,2,0.5,3.3914
2008-01-18,2,0.5,3.3878
2008-01-21,2,0.5,3.391
2008-01-22,2,0.5,3.3859
2008-01-23,2,0.5,3.3916
2008-01-24,2,0.5,3.3857
2008-01-25,2,0.5,3.3846
2008-01-28,2,0.5,3.3701
2008-01-29,2,0.5,3.3812
2008-01-30,2,0.5,3.3444
2008-01-31,2,0.5,3.3176
2008-02-01,2,0.5,3.2757
2008-02-02,2,0.5,3.2794
2008-02-03,2,0.5,3.2449
2008-02-04,2,0.5,3.2458
2008-02-05,2,0.5,3.2938
2008-02-13,2,0.5,3.24
2008-02-14,2,0.5,3.2131
2008-02-15,2,0.5,3.2529
2008-02-18,2,0.5,3.2245
2008-02-19,2,0.5,3.234
2008-02-20,2,0.5,3.3162
2008-02-21,2,0.5,3.3248
2008-02-22,2,0.5,3.2765
2008-02-25,2,0.5,3.2856
2008-02-26,2,0.5,3.2865
2008-02-27,2,0.5,3.29
2008-02-28,2,0.5,3.29
2008-02-29,2,0.5,3.28
2008-03-03,2,0.5,3.2424
2008-03-04,2,0.5,3.242
2008-03-05,2,0.5,3.2484
2008-03-06,2,0.5,3.25
2008-03-07,2,0.5,3.2487
2008-03-10,2,0.5,3.2242
2008-03-11,2,0.5,3.1987
2008-03-12,2,0.5,3.1887
2008-03-13,2,0.5,3.1745
2008-03-14,2,0.5,3.15
2008-03-17,2,0.5,3.1279
2008-03-18,2,0.5,3.0774
2008-03-19,2,0.5,3.051
2008-03-20,2,0.5,3.0327
2008-03-21,2,0.5,3.0338
2008-03-24,2,0.5,3.0294
2008-03-25,2,0.5,3.0558
2008-03-26,2,0.5,3.0039
2008-03-27,2,0.5,3.0573
2008-03-28,2,0.5,3.0843
2008-03-31,2,0.5,3.0597
2008-04-01,2,0.5,3.1041
2008-04-02,2,0.5,3.0586
2008-04-03,2,0.5,3.0661
2008-04-07,2,0.5,3.0405
2008-04-08,2,0.5,2.9905
2008-04-09,2,0.5,3.0016
2008-04-10,2,0.5,3.0026
2008-04-11,2,0.5,2.9776
2008-04-14,2,0.5,3.0
2008-04-15,2,0.5,3.0
2008-04-16,2,0.5,3.002
2008-04-17,2,0.5,3.0002
2008-04-18,2,0.5,3.0195
2008-04-21,2,0.5,2.9995
2008-04-22,2,0.5,2.9971
2008-04-23,2,0.5,3.0023
2008-04-24,2,0.5,3.0024
2008-04-25,2,0.5,3.0374
2008-04-28,2,0.5,3.0524
2008-04-29,2,0.5,3.0633
2008-04-30,2,0.5,3.0733
2008-05-04,2,0.5,3.0487
2008-05-05,2,0.5,3.0787
2008-05-06,2,0.5,3.08
2008-05-07,2,0.5,3.09
2008-05-08,2,0.5,3.052
2008-05-09,2,0.5,3.05
2008-05-12,2,0.5,3.08
2008-05-13,2,0.5,3.081
2008-05-14,2,0.5,3.0809
2008-05-15,2,0.5,3.08
2008-05-16,2,0.5,3.0731
2008-05-19,2,0.5,3.0774
2008-05-20,2,0.5,3.0874
2008-05-21,2,0.5,3.0888
2008-05-22,2,0.5,3.0772
2008-05-23,2,0.5,3.2014
2008-05-26,2,0.5,3.1984
2008-05-27,2,0.5,3.2423
2008-05-28,2,0.5,3.241
2008-05-29,2,0.5,3.1934
2008-05-30,2,0.5,3.1965
2008-06-02,2,0.5,3.1991
2008-06-03,2,0.5,3.2144
2008-06-04,2,0.5,3.2187
2008-06-05,2,0.5,3.2405
2008-06-06,2,0.5,3.2572
2008-06-10,2,0.5,3.3238
2008-06-11,2,0.5,3.3897
2008-06-12,2,0.5,3.2917
2008-06-13,2,0.5,3.2825
2008-06-16,2,0.5,3.3434
2008-06-17,2,0.5,3.3435
2008-06-18,2,0.5,3.3461
2008-06-19,2,0.5,3.3261
2008-06-20,2,0.5,3.3461
2008-06-23,2,0.5,3.3161
2008-06-24,2,0.5,3.3061
2008-06-25,2,0.5,3.3063
2008-06-26,2,0.5,3.306
2008-06-27,2,0.5,3.3111
2008-06-30,2,0.5,3.33
2008-07-01,2,0.5,3.3077
2008-07-02,2,0.5,3.325
2008-07-03,2,0.5,3.3254
2008-07-04,2,0.5,3.3308
2008-07-07,2,0.5,3.3313
2008-07-08,2,0.5,3.3563
2008-07-09,2,0.5,3.3365
2008-07-10,2,0.5,3.3349
2008-07-11,2,0.5,3.3346
2008-07-14,2,0.5,3.3
2008-07-15,2,0.5,3.3
2008-07-16,2,0.5,3.3082
2008-07-17,2,0.5,3.2866
2008-07-18,2,0.5,3.2822
2008-07-21,2,0.5,3.3
2008-07-22,2,0.5,3.3248
2008-07-23,2,0.5,3.4248
2008-07-24,2,0.5,3.425
2008-07-25,2,0.5,3.423
2008-07-28,2,0.5,3.4602
2008-07-29,2,0.5,3.45
2008-07-30,2,0.5,3.4498
2008-07-31,2,0.5,3.4606
2008-08-01,2,0.5,3.4655
2008-08-04,2,0.5,3.4649
2008-08-05,2,0.5,3.4957
2008-08-06,2,0.5,3.45
2008-08-07,2,0.5,3.4877
2008-08-08,2,0.5,3.4486
2008-08-11,2,0.5,3.4911
2008-08-12,2,0.5,3.4351
2008-08-13,2,0.5,3.461
2008-08-14,2,0.5,3.4
2008-08-15,2,0.5,3.4
2008-08-18,2,0.5,3.4149
2008-08-19,2,0.5,3.4222
2008-08-20,2,0.5,3.421
2008-08-21,2,0.5,3.4181
2008-08-22,2,0.5,3.4202
2008-08-25,2,0.5,3.3989
2008-08-26,2,0.5,3.4043
2008-08-27,2,0.5,3.3994
2008-08-28,2,0.5,3.3887
2008-08-29,2,0.5,3.3867
2008-09-01,2,0.5,3.3865
2008-09-02,2,0.5,3.2882
2008-09-03,2,0.5,3.225
2008-09-04,2,0.5,3.195
2008-09-05,2,0.5,3.2376
2008-09-08,2,0.5,3.2
2008-09-09,2,0.5,3.1977
2008-09-10,2,0.5,3.205
2008-09-11,2,0.5,3.215
2008-09-12,2,0.5,3.195
2008-09-16,2,0.5,3.125
2008-09-17,2,0.5,3.055
2008-09-18,2,0.5,3.125
2008-09-19,2,0.5,3.185
2008-09-22,2,0.5,3.21
2008-09-23,2,0.5,3.3
2008-09-24,2,0.5,3.28
2008-09-25,2,0.5,3.3
2008-09-26,2,0.5,3.28
2008-09-27,2,0.5,3.265
2008-09-28,2,0.5,3.26
2008-10-06,2,0.5,3.2396
2008-10-07,2,0.5,3.1902
2008-10-08,2,0.5,3.1408
2008-10-09,2,0.5,2.9155
2008-10-10,2,0.5,2.81
2008-10-13,2,0.5,2.8
2008-10-14,2,0.5,2.75
2008-10-15,2,0.5,2.7502
2008-10-16,2,0.5,2.56
2008-10-17,2,0.5,2.6356
2008-10-20,2,0.5,2.638
2008-10-21,2,0.5,2.5885
2008-10-22,2,0.5,2.6898
2008-10-23,2,0.5,2.6399
2008-10-24,2,0.5,2.5899
2008-10-27,2,0.5,2.6437
2008-10-28,2,0.5,2.64
2008-10-29,2,0.5,2.55
2008-10-30,2,0.5,2.538
2008-10-31,2,0.5,2.45
2008-11-03,2,0.5,2.4849
2008-11-04,2,0.5,2.4896
2008-11-05,2,0.5,2.4789
2008-11-06,2,0.5,2.44
2008-11-07,2,0.5,2.27
2008-11-10,2,0.5,2.25
2008-11-11,2,0.5,2.23
2008-11-12,2,0.5,2.1714
2008-11-13,2,0.5,1.9868
2008-11-14,2,0.5,2.0224
2008-11-17,2,0.5,1.9477
2008-11-18,2,0.5,1.9388
2008-11-19,2,0.5,2.0307
2008-11-20,2,0.5,1.9909
2008-11-21,2,0.5,2.0177
2008-11-24,2,0.5,2.085
2008-11-25,2,0.5,2.0708
2008-11-26,2,0.5,2.02
2008-11-27,2,0.5,1.738
2008-11-28,2,0.5,1.6656
2008-12-01,2,0.5,1.8473
2008-12-02,2,0.5,1.7479
2008-12-03,2,0.5,1.6493
2008-12-04,2,0.5,1.6493
2008-12-05,2,0.5,1.28
2008-12-08,2,0.5,1.2499
2008-12-09,2,0.5,1.225
2008-12-10,2,0.5,1.2
2008-12-11,2,0.5,1.1755
2008-12-12,2,0.5,1.2265
2008-12-15,2,0.5,1.2205
2008-12-16,2,0.5,1.2063
2008-12-17,2,0.5,1.125
2008-12-18,2,0.5,1.0031
2008-12-19,2,0.5,0.9783
2008-12-22,2,0.5,0.9834
2008-12-23,2,0.5,1.0372
2008-12-24,2,0.5,0.9852
2008-12-25,2,0.5,0.9998
2008-12-26,2,0.5,1.013
2008-12-30,2,0.5,0.9863
2008-12-31,2,0.5,0.97
2009-01-04,2,0.5,1.0098
2009-01-05,2,0.5,1.0086
2009-01-06,2,0.5,0.9956
2009-01-07,2,0.5,0.9741
2009-01-08,2,0.5,0.9844
2009-01-09,2,0.5,0.9593
2009-01-12,2,0.5,0.94
2009-01-13,2,0.5,0.9766
2009-01-14,2,0.5,0.9392
2009-01-15,2,0.5,0.9714
2009-01-16,2,0.5,0.993
2009-01-19,2,0.5,0.9575
2009-01-20,2,0.5,0.9689
2009-01-21,2,0.5,1.0028
2009-01-22,2,0.5,1.0151
2009-01-23,2,0.5,1.011
2009-01-24,2,0.5,0.972
2009-02-01,2,0.5,0.9924
2009-02-02,2,0.5,1.0141
2009-02-03,2,0.5,1.0138
2009-02-04,2,0.5,1.0049
2009-02-05,2,0.5,1.0564
2009-02-06,2,0.5,1.0578
2009-02-09,2,0.5,1.0462
2009-02-10,2,0.5,1.0057
2009-02-11,2,0.5,0.9964
2009-02-12,2,0.5,0.9935
2009-02-13,2,0.5,1.0236
2009-02-16,2,0.5,1.0035
2009-02-17,2,0.5,0.9856
2009-02-18,2,0.5,0.956
2009-02-19,2,0.5,0.9588
2009-02-20,2,0.5,0.9556
2009-02-23,2,0.5,0.942
2009-02-24,2,0.5,0.9417
2009-02-25,2,0.5,0.9354
2009-02-26,2,0.5,0.9406
2009-02-27,2,0.5,0.9575
2009-03-02,2,0.5,0.9221
2009-03-03,2,0.5,0.9122
2009-03-04,2,0.5,0.9256
2009-03-05,2,0.5,0.856
2009-03-06,2,0.5,0.8692
2009-03-09,2,0.5,0.8183
2009-03-10,2,0.5,0.8184
2009-03-11,2,0.5,0.8221
2009-03-12,2,0.5,0.8369
2009-03-13,2,0.5,0.83
2009-03-16,2,0.5,0.835
2009-03-17,2,0.5,0.8391
2009-03-18,2,0.5,0.8476
2009-03-19,2,0.5,0.8477
2009-03-20,2,0.5,0.8727
2009-03-23,2,0.5,0.834
2009-03-24,2,0.5,0.844
2009-03-25,2,0.5,0.845
2009-03-26,2,0.5,0.865
2009-03-27,2,0.5,0.8695
2009-03-30,2,0.5,0.84
2009-03-31,2,0.5,0.9174
2009-04-01,2,0.5,0.9303
2009-04-02,2,0.5,0.9103
2009-04-03,2,0.5,0.9327
2009-04-07,2,0.5,0.9722
2009-04-08,2,0.5,0.9802
2009-04-09,2,0.5,0.9697
2009-04-10,2,0.5,0.92
2009-04-13,2,0.5,0.9055
2009-04-14,2,0.5,0.915
2009-04-15,2,0.5,0.9125
2009-04-16,2,0.5,0.9043
2009-04-17,2,0.5,0.88
2009-04-20,2,0.5,0.9123
2009-04-21,2,0.5,0.9035
2009-04-22,2,0.5,0.9079
2009-04-23,2,0.5,0.9456
2009-04-24,2,0.5,0.9117
2009-04-27,2,0.5,0.8875
2009-04-28,2,0.5,0.8719
2009-04-29,2,0.5,0.8866
2009-04-30,2,0.5,0.9028
2009-05-04,2,0.5,0.9094
2009-05-05,2,0.5,0.9063
2009-05-06,2,0.5,0.9399
2009-05-07,2,0.5,0.9188
2009-05-08,2,0.5,0.9297
2009-05-11,2,0.5,0.9444
2009-05-12,2,0.5,0.905
2009-05-13,2,0.5,0.9299
2009-05-14,2,0.5,0.926
2009-05-15,2,0.5,0.9249
2009-05-18,2,0.5,0.8601
2009-05-19,2,0.5,0.879
2009-05-20,2,0.5,0.8786
2009-05-21,2,0.5,0.8708
2009-05-22,2,0.5,0.8507
2009-05-25,2,0.5,0.8674
2009-05-26,2,0.5,0.8785
2009-05-27,2,0.5,0.8826
2009-05-31,2,0.5,0.895
2009-06-01,2,0.5,0.915
2009-06-02,2,0.5,0.8928
2009-06-03,2,0.5,0.8829
2009-06-04,2,0.5,0.88
2009-06-05,2,0.5,0.8657
2009-06-08,2,0.5,0.8681
2009-06-09,2,0.5,0.8992
2009-06-10,2,0.5,0.8862
2009-06-11,2,0.5,0.8954
2009-06-12,2,0.5,0.8789
2009-06-15,2,0.5,0.8867
2009-06-16,2,0.5,0.8714
2009-06-17,2,0.5,0.8769
2009-06-18,2,0.5,0.8756
2009-06-19,2,0.5,0.8731
2009-06-22,2,0.5,0.9249
2009-06-23,2,0.5,0.9
2009-06-24,2,0.5,0.9092
2009-06-25,2,0.5,0.9212
2009-06-26,2,0.5,0.9473
2009-06-29,2,0.5,0.9285
2009-06-30,2,0.5,0.9349
2009-07-01,2,0.5,0.9403
2009-07-02,2,0.5,0.915
2009-07-03,2,0.5,0.9366
2009-07-06,2,0.5,0.9322
2009-07-07,2,0.5,0.9077
2009-07-08,2,0.5,0.975
2009-07-09,2,0.5,1.0469
2009-07-10,2,0.5,1.25
2009-07-13,2,0.5,1.23
2009-07-14,2,0.5,1.2287
2009-07-15,2,0.5,1.2769
2009-07-16,2,0.5,1.385
2009-07-17,2,0.5,1.605
2009-07-20,2,0.5,1.5768
2009-07-21,2,0.5,1.5638
2009-07-22,2,0.5,1.5562
2009-07-23,2,0.5,1.5658
2009-07-24,2,0.5,1.5757
2009-07-27,2,0.5,1.5659
2009-07-28,2,0.5,1.54
2009-07-29,2,0.5,1.53
2009-07-30,2,0.5,1.5331
2009-07-31,2,0.5,1.5293
2009-08-03,2,0.5,1.5439
2009-08-04,2,0.5,1.5748
2009-08-05,2,0.5,1.5617
2009-08-06,2,0.5,1.5689
2009-08-07,2,0.5,1.5778
2009-08-10,2,0.5,1.5246
2009-08-11,2,0.5,1.4744
2009-08-12,2,0.5,1.4659
2009-08-13,2,0.5,1.4004
2009-08-14,2,0.5,1.4114
2009-08-17,2,0.5,1.4022
2009-08-18,2,0.5,1.403
2009-08-19,2,0.5,1.4044
2009-08-20,2,0.5,1.4059
2009-08-21,2,0.5,1.4035
2009-08-24,2,0.5,1.3665
2009-08-25,2,0.5,1.3368
2009-08-26,2,0.5,1.336
2009-08-27,2,0.5,1.3367
2009-08-28,2,0.5,1.3522
2009-08-31,2,0.5,1.36
2009-09-01,2,0.5,1.4116
2009-09-02,2,0.5,1.3578
2009-09-03,2,0.5,1.35
2009-09-04,2,0.5,1.3001
2009-09-07,2,0.5,1.3136
2009-09-08,2,0.5,1.3124
2009-09-09,2,0.5,1.3142
2009-09-10,2,0.5,1.3141
2009-09-11,2,0.5,1.3149
2009-09-14,2,0.5,1.319
2009-09-15,2,0.5,1.3214
2009-09-16,2,0.5,1.3264
2009-09-17,2,0.5,1.3139
2009-09-18,2,0.5,1.3399
2009-09-21,2,0.5,1.3444
2009-09-22,2,0.5,1.3697
2009-09-23,2,0.5,1.3699
2009-09-24,2,0.5,1.3709
2009-09-25,2,0.5,1.3693
2009-09-27,2,0.5,1.3674
2009-09-28,2,0.5,1.3579
2009-09-29,2,0.5,1.3687
2009-09-30,2,0.5,1.3787
2009-10-09,2,0.5,1.3487
2009-10-10,2,0.5,1.3572
2009-10-12,2,0.5,1.3442
2009-10-13,2,0.5,1.36
2009-10-14,2,0.5,1.3672
2009-10-15,2,0.5,1.3705
2009-10-16,2,0.5,1.3734
2009-10-19,2,0.5,1.3842
2009-10-20,2,0.5,1.3716
2009-10-21,2,0.5,1.3717
2009-10-22,2,0.5,1.3177
2009-10-23,2,0.5,1.3052
2009-10-26,2,0.5,1.3159
2009-10-27,2,0.5,1.3168
2009-10-28,2,0.5,1.3195
2009-10-29,2,0.5,1.3195
2009-10-30,2,0.5,1.3227
2009-11-02,2,0.5,1.3271
2009-11-03,2,0.5,1.3231
2009-11-04,2,0.5,1.3237
2009-11-05,2,0.5,1.3265
2009-11-06,2,0.5,1.317
2009-11-09,2,0.5,1.325
2009-11-10,2,0.5,1.3261
2009-11-11,2,0.5,1.3266
2009-11-12,2,0.5,1.3282
2009-11-13,2,0.5,1.3259
2009-11-16,2,0.5,1.3429
2009-11-17,2,0.5,1.3396
2009-11-18,2,0.5,1.3228
2009-11-19,2,0.5,1.3237
2009-11-20,2,0.5,1.3208
2009-11-23,2,0.5,1.3281
2009-11-24,2,0.5,1.3203
2009-11-25,2,0.5,1.3211
2009-11-26,2,0.5,1.3243
2009-11-27,2,0.5,1.3194
2009-11-30,2,0.5,1.3258
2009-12-01,2,0.5,1.3345
2009-12-02,2,0.5,1.3352
2009-12-03,2,0.5,1.3369
2009-12-04,2,0.5,1.3411
2009-12-07,2,0.5,1.3454
2009-12-08,2,0.5,1.3467
2009-12-09,2,0.5,1.345
2009-12-10,2,0.5,1.3487
2009-12-11,2,0.5,1.3398
2009-12-14,2,0.5,1.3617
2009-12-15,2,0.5,1.3662
2009-12-16,2,0.5,1.3676
2009-12-17,2,0.5,1.3692
2009-12-18,2,0.5,1.3392
2009-12-21,2,0.5,1.3752
2009-12-22,2,0.5,1.3768
2009-12-23,2,0.5,1.3746
2009-12-24,2,0.5,1.3736
2009-12-25,2,0.5,1.3903
2009-12-28,2,0.5,1.4009
2009-12-29,2,0.5,1.4022
2009-12-30,2,0.5,1.4037
2009-12-31,2,0.5,1.397
2010-01-04,2,0.5,1.4107
2010-01-05,2,0.5,1.4088
2010-01-06,2,0.5,1.4106
2010-01-07,2,0.5,1.4126
2010-01-08,2,0.5,1.4095
2010-01-11,2,0.5,1.4163
2010-01-12,2,0.5,1.4426
2010-01-13,2,0.5,1.4788
2010-01-14,2,0.5,1.4562
2010-01-15,2,0.5,1.456
2010-01-18,2,0.5,1.4693
2010-01-19,2,0.5,1.4661
2010-01-20,2,0.5,1.4657
2010-01-21,2,0.5,1.4675
2010-01-22,2,0.5,1.4662
2010-01-25,2,0.5,1.4486
2010-01-26,2,0.5,1.4171
2010-01-27,2,0.5,1.4078
2010-01-28,2,0.5,1.42
2010-01-29,2,0.5,1.4104
2010-02-01,2,0.5,1.4233
2010-02-02,2,0.5,1.4163
2010-02-03,2,0.5,1.4181
2010-02-04,2,0.5,1.4207
2010-02-05,2,0.5,1.4094
2010-02-08,2,0.5,1.4061
2010-02-09,2,0.5,1.4038
2010-02-10,2,0.5,1.4158
2010-02-11,2,0.5,1.4096
2010-02-12,2,0.5,1.4165
2010-02-20,2,0.5,1.4204
2010-02-21,2,0.5,1.417
2010-02-22,2,0.5,1.4183
2010-02-23,2,0.5,1.3812
2010-02-24,2,0.5,1.3794
2010-02-25,2,0.5,1.3843
2010-02-26,2,0.5,1.3777
2010-03-01,2,0.5,1.3892
2010-03-02,2,0.5,1.3604
2010-03-03,2,0.5,1.3677
2010-03-04,2,0.5,1.3747
2010-03-05,2,0.5,1.3716
2010-03-08,2,0.5,1.3661
2010-03-09,2,0.5,1.3719
2010-03-10,2,0.5,1.3718
2010-03-11,2,0.5,1.3725
2010-03-12,2,0.5,1.372
2010-03-15,2,0.5,1.3724
2010-03-16,2,0.5,1.3689
2010-03-17,2,0.5,1.3625
2010-03-18,2,0.5,1.3628
2010-03-19,2,0.5,1.3469
2010-03-22,2,0.5,1.3478
2010-03-23,2,0.5,1.3482
2010-03-24,2,0.5,1.3484
2010-03-25,2,0.5,1.3494
2010-03-26,2,0.5,1.362
2010-03-29,2,0.5,1.4144
2010-03-30,2,0.5,1.4216
2010-03-31,2,0.5,1.4136
2010-04-01,2,0.5,1.427
2010-04-02,2,0.5,1.433
2010-04-06,2,0.5,1.4357
2010-04-07,2,0.5,1.4167
2010-04-08,2,0.5,1.4686
2010-04-09,2,0.5,1.5168
2010-04-12,2,0.5,1.4768
2010-04-13,2,0.5,1.45
2010-04-14,2,0.5,1.4023
2010-04-15,2,0.5,1.4061
2010-04-16,2,0.5,1.4661
2010-04-19,2,0.5,1.4548
2010-04-20,2,0.5,1.43
2010-04-21,2,0.5,1.398
2010-04-22,2,0.5,1.395
2010-04-23,2,0.5,1.4136
2010-04-26,2,0.5,1.4124
2010-04-27,2,0.5,1.4141
2010-04-28,2,0.5,1.4157
2010-04-29,2,0.5,1.4239
2010-04-30,2,0.5,1.4404
2010-05-04,2,0.5,1.4317
2010-05-05,2,0.5,1.4292
2010-05-06,2,0.5,1.4543
2010-05-07,2,0.5,1.4197
2010-05-10,2,0.5,1.4244
2010-05-11,2,0.5,1.4544
2010-05-12,2,0.5,1.4344
2010-05-13,2,0.5,1.435
2010-05-14,2,0.5,1.525
2010-05-17,2,0.5,1.5346
2010-05-18,2,0.5,1.5469
2010-05-19,2,0.5,1.5639
2010-05-20,2,0.5,1.566
2010-05-21,2,0.5,1.6026
2010-05-24,2,0.5,1.6101
2010-05-25,2,0.5,1.6461
2010-05-26,2,0.5,1.6976
2010-05-27,2,0.5,1.73
2010-05-28,2,0.5,1.731
2010-05-31,2,0.5,1.7332
2010-06-01,2,0.5,1.7837
2010-06-02,2,0.5,1.7841
2010-06-03,2,0.5,1.7845
2010-06-04,2,0.5,1.7835
2010-06-07,2,0.5,1.7164
2010-06-08,2,0.5,1.7221
2010-06-09,2,0.5,1.7424
2010-06-10,2,0.5,1.7734
2010-06-11,2,0.5,1.9234
2010-06-12,2,0.5,1.9134
2010-06-13,2,0.5,1.9107
2010-06-17,2,0.5,1.9333
2010-06-18,2,0.5,2.0297
2010-06-21,2,0.5,2.0826
2010-06-22,2,0.5,2.062
2010-06-23,2,0.5,2.082
2010-06-24,2,0.5,2.1022
2010-06-25,2,0.5,2.1245
2010-06-28,2,0.5,2.0806
2010-06-29,2,0.5,2.1014
2010-06-30,2,0.5,2.1017
2010-07-01,2,0.5,2.0717
2010-07-02,2,0.5,2.0877
2010-07-05,2,0.5,2.0923
2010-07-06,2,0.5,2.0673
2010-07-07,2,0.5,2.0293
2010-07-08,2,0.5,1.9616
2010-07-09,2,0.5,1.9216
2010-07-12,2,0.5,1.8564
2010-07-13,2,0.5,1.7764
2010-07-14,2,0.5,1.77
2010-07-15,2,0.5,1.7522
2010-07-16,2,0.5,1.7656
2010-07-19,2,0.5,1.7455
2010-07-20,2,0.5,1.7469
2010-07-21,2,0.5,1.7606
2010-07-22,2,0.5,1.7721
2010-07-23,2,0.5,1.7999
2010-07-26,2,0.5,1.78
2010-07-27,2,0.5,1.8127
2010-07-28,2,0.5,1.8232
2010-07-29,2,0.5,1.8256
2010-07-30,2,0.5,1.8551
2010-08-02,2,0.5,1.847
2010-08-03,2,0.5,1.839
2010-08-04,2,0.5,1.8339
2010-08-05,2,0.5,1.8307
2010-08-06,2,0.5,1.8315
2010-08-09,2,0.5,1.82
2010-08-10,2,0.5,1.82
2010-08-11,2,0.5,1.8248
2010-08-12,2,0.5,1.8285
2010-08-13,2,0.5,1.8392
2010-08-16,2,0.5,1.8
2010-08-17,2,0.5,1.7891
2010-08-18,2,0.5,1.7909
2010-08-19,2,0.5,1.79
2010-08-20,2,0.5,1.7806
2010-08-23,2,0.5,1.78
2010-08-24,2,0.5,1.7708
2010-08-25,2,0.5,1.7656
2010-08-26,2,0.5,1.7792
2010-08-27,2,0.5,1.823
2010-08-30,2,0.5,1.8501
2010-08-31,2,0.5,1.8718
2010-09-01,2,0.5,1.84
2010-09-02,2,0.5,1.82
2010-09-03,2,0.5,1.8235
2010-09-06,2,0.5,1.8335
2010-09-07,2,0.5,1.8387
2010-09-08,2,0.5,1.8237
2010-09-09,2,0.5,1.83
2010-09-10,2,0.5,1.8274
2010-09-13,2,0.5,1.8278
2010-09-14,2,0.5,1.8449
2010-09-15,2,0.5,1.845
2010-09-16,2,0.5,1.8565
2010-09-17,2,0.5,1.8639
2010-09-19,2,0.5,1.8654
2010-09-20,2,0.5,1.88
2010-09-21,2,0.5,1.8743
2010-09-25,2,0.5,1.8748
2010-09-26,2,0.5,1.8737
2010-09-27,2,0.5,1.8728
2010-09-28,2,0.5,1.8726
2010-09-29,2,0.5,1.8824
2010-09-30,2,0.5,1.8884
2010-10-08,2,0.5,1.8941
2010-10-09,2,0.5,1.8958
2010-10-11,2,0.5,1.8933
2010-10-12,2,0.5,1.8951
2010-10-13,2,0.5,1.8959
2010-10-14,2,0.5,1.8962
2010-10-15,2,0.5,1.8929
2010-10-18,2,0.5,1.8577
2010-10-19,2,0.5,1.8427
2010-10-20,2,0.5,1.8994
2010-10-21,2,0.5,1.8999
2010-10-22,2,0.5,1.9157
2010-10-25,2,0.5,1.9
2010-10-26,2,0.5,1.9025
2010-10-27,2,0.5,1.9035
2010-10-28,2,0.5,1.9031
2010-10-29,2,0.5,1.9181
2010-11-01,2,0.5,1.9281
2010-11-02,2,0.5,1.8918
2010-11-03,2,0.5,1.8947
2010-11-04,2,0.5,1.9347
2010-11-05,2,0.5,1.9301
2010-11-08,2,0.5,1.9348
2010-11-09,2,0.5,1.9148
2010-11-10,2,0.5,1.97
2010-11-11,2,0.5,2.0106
2010-11-12,2,0.5,2.0386
2010-11-15,2,0.5,2.0107
2010-11-16,2,0.5,1.9989
2010-11-17,2,0.5,2.0246
2010-11-18,2,0.5,2.1046
2010-11-19,2,0.5,2.1199
2010-11-22,2,0.5,2.2499
2010-11-23,2,0.5,2.3501
2010-11-24,2,0.5,2.4802
2010-11-25,2,0.5,2.58
2010-11-26,2,0.5,2.7279
2010-11-29,2,0.5,2.7399
2010-11-30,2,0.5,2.7634
2010-12-01,2,0.5,2.7434
2010-12-02,2,0.5,2.7123
2010-12-03,2,0.5,2.71
2010-12-06,2,0.5,2.6693
2010-12-07,2,0.5,2.6715
2010-12-08,2,0.5,2.6417
2010-12-09,2,0.5,2.6933
2010-12-10,2,0.5,2.7533
2010-12-13,2,0.5,2.8046
2010-12-14,2,0.5,2.8203
2010-12-15,2,0.5,2.9272
2010-12-16,2,0.5,2.9275
2010-12-17,2,0.5,2.9694
2010-12-20,2,0.5,3.0206
2010-12-21,2,0.5,3.0406
2010-12-22,2,0.5,3.1603
2010-12-23,2,0.5,3.2405
2010-12-24,2,0.5,3.3394
2010-12-27,2,0.5,3.3654
2010-12-28,2,0.5,3.3654
2010-12-29,2,0.5,3.3458
2010-12-30,2,0.5,3.2658
2010-12-31,2,0.5,3.177
2011-01-04,2,0.5,3.0288
2011-01-05,2,0.5,2.925
2011-01-06,2,0.5,2.8998
2011-01-07,2,0.5,2.8402
2011-01-10,2,0.5,2.8655
2011-01-11,2,0.5,2.8522
2011-01-12,2,0.5,2.7818
2011-01-13,2,0.5,2.7797
2011-01-14,2,0.5,2.7893
2011-01-17,2,0.5,2.8207
2011-01-18,2,0.5,2.8544
2011-01-19,2,0.5,2.9125
2011-01-20,2,0.5,3.0321
2011-01-21,2,0.5,3.0749
2011-01-24,2,0.5,3.1076
2011-01-25,2,0.5,3.1988
2011-01-26,2,0.5,3.2018
2011-01-27,2,0.5,3.2118
2011-01-28,2,0.5,3.1854
2011-01-30,2,0.5,3.1899
2011-01-31,2,0.5,3.15
2011-02-01,2,0.5,3.1293
2011-02-09,2,0.5,3.1763
2011-02-10,2,0.5,3.1676
2011-02-11,2,0.5,3.0676
2011-02-12,2,0.5,3.0476
2011-02-14,2,0.5,2.966
2011-02-15,2,0.5,2.9071
2011-02-16,2,0.5,2.9159
2011-02-17,2,0.5,2.8966
2011-02-18,2,0.5,2.8841
2011-02-21,2,0.5,2.9731
2011-02-22,2,0.5,2.9762
2011-02-23,2,0.5,2.9477
2011-02-24,2,0.5,2.8477
2011-02-25,2,0.5,2.8321
2011-02-28,2,0.5,2.7864
2011-03-01,2,0.5,2.7568
2011-03-02,2,0.5,2.6918
2011-03-03,2,0.5,2.6161
2011-03-04,2,0.5,2.5988
2011-03-07,2,0.5,2.6
2011-03-08,2,0.5,2.5903
2011-03-09,2,0.5,2.568
2011-03-10,2,0.5,2.6162
2011-03-11,2,0.5,2.666
2011-03-14,2,0.5,2.6787
2011-03-15,2,0.5,2.6616
2011-03-16,2,0.5,2.696
2011-03-17,2,0.5,2.6928
2011-03-18,2,0.5,2.7015
2011-03-21,2,0.5,2.7219
2011-03-22,2,0.5,2.7209
2011-03-23,2,0.5,2.6897
2011-03-24,2,0.5,2.6731
2011-03-25,2,0.5,2.6741
2011-03-28,2,0.5,2.6919
2011-03-29,2,0.5,2.6975
2011-03-30,2,0.5,2.7039
2011-03-31,2,0.5,2.7008
2011-04-01,2,0.5,2.6967
2011-04-02,2,0.5,2.6939
2011-04-06,2,0.5,2.7161
2011-04-07,2,0.5,2.7517
2011-04-08,2,0.5,2.7217
2011-04-11,2,0.5,2.7273
2011-04-12,2,0.5,2.7272
2011-04-13,2,0.5,2.7
2011-04-14,2,0.5,2.6857
2011-04-15,2,0.5,2.7014
2011-04-18,2,0.5,2.707
2011-04-19,2,0.5,2.6775
2011-04-20,2,0.5,2.6856
2011-04-21,2,0.5,2.7084
2011-04-22,2,0.5,2.6969
2011-04-25,2,0.5,2.7397
2011-04-26,2,0.5,2.7527
2011-04-27,2,0.5,2.7094
2011-04-28,2,0.5,2.7163
2011-04-29,2,0.5,2.7149
2011-05-03,2,0.5,2.7257
2011-05-04,2,0.5,2.72
2011-05-05,2,0.5,2.71
2011-05-06,2,0.5,2.7072
2011-05-09,2,0.5,2.7261
2011-05-10,2,0.5,2.7378
2011-05-11,2,0.5,2.7394
2011-05-12,2,0.5,2.7367
2011-05-13,2,0.5,2.8867
2011-05-16,2,0.5,2.9009
2011-05-17,2,0.5,2.8977
2011-05-18,2,0.5,2.8777
2011-05-19,2,0.5,2.8846
2011-05-20,2,0.5,2.952
2011-05-23,2,0.5,2.952
2011-05-24,2,0.5,2.9937
2011-05-25,2,0.5,2.9924
2011-05-26,2,0.5,2.9853
2011-05-27,2,0.5,2.9253
2011-05-30,2,0.5,2.9286
2011-05-31,2,0.5,2.9427
2011-06-01,2,0.5,2.9451
2011-06-02,2,0.5,2.9565
2011-06-03,2,0.5,2.9506
2011-06-07,2,0.5,2.9639
2011-06-08,2,0.5,2.9876
2011-06-09,2,0.5,3.0012
2011-06-10,2,0.5,3.0063
2011-06-13,2,0.5,3.017
2011-06-14,2,0.5,3.0722
2011-06-15,2,0.5,3.2628
2011-06-16,2,0.5,3.4579
2011-06-17,2,0.5,3.5905
2011-06-20,2,0.5,3.55
2011-06-21,2,0.5,3.5462
2011-06-22,2,0.5,3.5949
2011-06-23,2,0.5,3.624
2011-06-24,2,0.5,3.58
2011-06-27,2,0.5,3.437
2011-06-28,2,0.5,3.4244
2011-06-29,2,0.5,3.4444
2011-06-30,2,0.5,3.4127
2011-07-01,2,0.5,3.35
2011-07-04,2,0.5,3.297
2011-07-05,2,0.5,3.2828
2011-07-06,2,0.5,3.2709
2011-07-07,2,0.5,3.2969
2011-07-08,2,0.5,3.2561
2011-07-11,2,0.5,3.2251
2011-07-12,2,0.5,3.2163
2011-07-13,2,0.5,3.2763
2011-07-14,2,0.5,3.3363
2011-07-15,2,0.5,3.293
2011-07-18,2,0.5,3.355
2011-07-19,2,0.5,3.4309
2011-07-20,2,0.5,3.5232
2011-07-21,2,0.5,3.6
2011-07-22,2,0.5,3.6081
2011-07-25,2,0.5,3.6257
2011-07-26,2,0.5,3.6407
2011-07-27,2,0.5,3.6766
2011-07-28,2,0.5,3.6167
2011-07-29,2,0.5,3.5766
2011-08-01,2,0.5,3.5937
2011-08-02,2,0.5,3.5928
2011-08-03,2,0.5,3.61
2011-08-04,2,0.5,3.6103
2011-08-05,2,0.5,3.5891
2011-08-08,2,0.5,3.5305
2011-08-09,2,0.5,3.4797
2011-08-10,2,0.5,3.4544
2011-08-11,2,0.5,3.4406
2011-08-12,2,0.5,3.4114
2011-08-15,2,0.5,3.4113
2011-08-16,2,0.5,3.4524
2011-08-17,2,0.5,3.506
2011-08-18,2,0.5,3.5439
2011-08-19,2,0.5,3.5285
2011-08-22,2,0.5,3.5407
2011-08-23,2,0.5,3.5277
2011-08-24,2,0.5,3.5442
2011-08-25,2,0.5,3.5591
2011-08-26,2,0.5,3.5743
2011-08-29,2,0.5,3.6979
2011-08-30,2,0.5,3.8323
2011-08-31,2,0.5,3.8444
2011-09-01,2,0.5,3.8137
2011-09-02,2,0.5,3.8232
2011-09-05,2,0.5,3.8203
2011-09-06,2,0.5,3.7976
2011-09-07,2,0.5,3.7794
2011-09-08,2,0.5,3.8006
2011-09-09,2,0.5,3.7763
2011-09-13,2,0.5,3.7386
2011-09-14,2,0.5,3.7889
2011-09-15,2,0.5,3.8026
2011-09-16,2,0.5,3.9201
2011-09-19,2,0.5,3.8429
2011-09-20,2,0.5,3.844
2011-09-21,2,0.5,3.8443
2011-09-22,2,0.5,3.8193
2011-09-23,2,0.5,3.6654
2011-09-26,2,0.5,3.5203
2011-09-27,2,0.5,3.5269
2011-09-28,2,0.5,3.5232
2011-09-29,2,0.5,3.4817
2011-09-30,2,0.5,3.4729
2011-10-08,2,0.5,3.4748
2011-10-09,2,0.5,3.4482
2011-10-10,2,0.5,3.4261
2011-10-11,2,0.5,3.3739
2011-10-12,2,0.5,3.204
2011-10-13,2,0.5,3.1479
2011-10-14,2,0.5,3.1106
2011-10-17,2,0.5,3.1289
2011-10-18,2,0.5,3.1173
2011-10-19,2,0.5,3.0983
2011-10-20,2,0.5,3.102
2011-10-21,2,0.5,3.0937
2011-10-24,2,0.5,3.1146
2011-10-25,2,0.5,3.1314
2011-10-26,2,0.5,3.1129
2011-10-27,2,0.5,3.1273
2011-10-28,2,0.5,3.1389
2011-10-31,2,0.5,3.1232
2011-11-01,2,0.5,3.0884
2011-11-02,2,0.5,3.0585
2011-11-03,2,0.5,2.9889
2011-11-04,2,0.5,2.9693
2011-11-07,2,0.5,2.9643
2011-11-08,2,0.5,2.8363
2011-11-09,2,0.5,2.6072
2011-11-10,2,0.5,2.5272
2011-11-11,2,0.5,2.5432
2011-11-14,2,0.5,2.4932
2011-11-15,2,0.5,2.4932
2011-11-16,2,0.5,2.5213
2011-11-17,2,0.5,2.5553
2011-11-18,2,0.5,2.5668
2011-11-21,2,0.5,2.638
2011-11-22,2,0.5,2.643
2011-11-23,2,0.5,2.6483
2011-11-24,2,0.5,2.6416
2011-11-25,2,0.5,2.6766
2011-11-28,2,0.5,2.6802
2011-11-29,2,0.5,2.6802
2011-11-30,2,0.5,2.703
2011-12-01,2,0.5,2.5034
2011-12-02,2,0.5,2.5377
2011-12-05,2,0.5,2.4948
2011-12-06,2,0.5,2.5609
2011-12-07,2,0.5,2.5829
2011-12-08,2,0.5,2.5833
2011-12-09,2,0.5,2.5956
2011-12-12,2,0.5,2.5941
2011-12-13,2,0.5,2.5841
2011-12-14,2,0.5,2.5841
2011-12-15,2,0.5,2.5661
2011-12-16,2,0.5,2.5727
2011-12-19,2,0.5,2.5743
2011-12-20,2,0.5,2.5643
2011-12-21,2,0.5,2.5922
2011-12-22,2,0.5,2.6409
2011-12-23,2,0.5,2.6603
2011-12-26,2,0.5,2.6502
2011-12-27,2,0.5,2.6502
2011-12-28,2,0.5,2.6428
2011-12-29,2,0.5,2.6605
2011-12-30,2,0.5,2.6641
2011-12-31,2,0.5,2.6761
2012-01-04,2,0.5,2.659
2012-01-05,2,0.5,2.6899
2012-01-06,2,0.5,2.6345
2012-01-09,2,0.5,2.6576
2012-01-10,2,0.5,2.6515
2012-01-11,2,0.5,2.7453
2012-01-12,2,0.5,2.7457
2012-01-13,2,0.5,2.7544
2012-01-16,2,0.5,2.7854
2012-01-17,2,0.5,2.7953
2012-01-18,2,0.5,2.7978
2012-01-19,2,0.5,2.7053
2012-01-20,2,0.5,2.7103
2012-01-21,2,0.5,2.7053
2012-01-29,2,0.5,2.6823
2012-01-30,2,0.5,2.6824
2012-01-31,2,0.5,2.7081
2012-02-01,2,0.5,2.7364
2012-02-02,2,0.5,2.7361
2012-02-03,2,0.5,2.7352
2012-02-06,2,0.5,2.7275
2012-02-07,2,0.5,2.6866
2012-02-08,2,0.5,2.7663
2012-02-09,2,0.5,2.869
2012-02-10,2,0.5,2.8626
2012-02-13,2,0.5,2.8583
2012-02-14,2,0.5,2.8502
2012-02-15,2,0.5,2.9256
2012-02-16,2,0.5,2.9256
2012-02-17,2,0.5,2.9412
2012-02-20,2,0.5,2.9051
2012-02-21,2,0.5,2.9002
2012-02-22,2,0.5,2.9002
2012-02-23,2,0.5,2.8797
2012-02-24,2,0.5,2.8962
2012-02-27,2,0.5,2.9247
2012-02-28,2,0.5,2.9196
2012-02-29,2,0.5,2.9202
2012-03-01,2,0.5,2.9197
2012-03-02,2,0.5,2.9186
2012-03-05,2,0.5,2.9082
2012-03-06,2,0.5,2.8782
2012-03-07,2,0.5,2.8583
2012-03-08,2,0.5,2.8572
2012-03-09,2,0.5,2.8561
2012-03-12,2,0.5,2.8261
2012-03-13,2,0.5,2.8208
2012-03-14,2,0.5,2.821
2012-03-15,2,0.5,2.8211
2012-03-16,2,0.5,2.8211
2012-03-19,2,0.5,2.8311
2012-03-20,2,0.5,2.8311
2012-03-21,2,0.5,2.8316
2012-03-22,2,0.5,2.8315
2012-03-23,2,0.5,2.8277
2012-03-26,2,0.5,2.8284
2012-03-27,2,0.5,2.8289
2012-03-28,2,0.5,2.8228
2012-03-29,2,0.5,2.7718
2012-03-30,2,0.5,2.7682
2012-03-31,2,0.5,2.7685
2012-04-01,2,0.5,2.7701
2012-04-05,2,0.5,2.7754
2012-04-06,2,0.5,2.783
2012-04-09,2,0.5,2.7857
2012-04-10,2,0.5,2.7794
2012-04-11,2,0.5,2.7751
2012-04-12,2,0.5,2.7715
2012-04-13,2,0.5,2.7715
2012-04-16,2,0.5,2.7614
2012-04-17,2,0.5,2.7714
2012-04-18,2,0.5,2.7614
2012-04-19,2,0.5,2.7642
2012-04-20,2,0.5,2.7511
2012-04-23,2,0.5,2.7591
2012-04-24,2,0.5,2.7514
2012-04-25,2,0.5,2.7814
2012-04-26,2,0.5,2.7879
2012-04-27,2,0.5,2.7925
2012-04-28,2,0.5,2.7903
2012-05-02,2,0.5,2.778
2012-05-03,2,0.5,2.784
2012-05-04,2,0.5,2.7871
2012-05-07,2,0.5,2.7866
2012-05-08,2,0.5,2.7729
2012-05-09,2,0.5,2.75
2012-05-10,2,0.5,2.7025
2012-05-11,2,0.5,2.6451
2012-05-14,2,0.5,2.37
2012-05-15,2,0.5,2.3616
2012-05-16,2,0.5,2.3679
2012-05-17,2,0.5,2.3437
2012-05-18,2,0.5,2.3277
2012-05-21,2,0.5,2.293
2012-05-22,2,0.5,2.2894
2012-05-23,2,0.5,2.2814
2012-05-24,2,0.5,2.2159
2012-05-25,2,0.5,2.1825
2012-05-28,2,0.5,2.1959
2012-05-29,2,0.5,2.199
2012-05-30,2,0.5,2.2134
2012-05-31,2,0.5,2.18
2012-06-01,2,0.5,2.1701
2012-06-04,2,0.5,2.1638
2012-06-05,2,0.5,2.154
2012-06-06,2,0.5,2.1624
2012-06-07,2,0.5,2.176
2012-06-08,2,0.5,2.1264
2012-06-11,2,0.5,2.1099
2012-06-12,2,0.5,2.1114
2012-06-13,2,0.5,2.1115
2012-06-14,2,0.5,2.1234
2012-06-15,2,0.5,2.0896
2012-06-18,2,0.5,2.0951
2012-06-19,2,0.5,2.102
2012-06-20,2,0.5,2.1074
2012-06-21,2,0.5,2.0846
2012-06-25,2,0.5,2.1356
2012-06-26,2,0.5,2.1322
2012-06-27,2,0.5,2.1892
2012-06-28,2,0.5,2.2196
2012-06-29,2,0.5,2.2184
2012-07-02,2,0.5,2.2187
2012-07-03,2,0.5,2.2261
2012-07-04,2,0.5,2.2099
2012-07-05,2,0.5,2.2014
2012-07-06,2,0.5,2.1602
2012-07-09,2,0.5,2.1476
2012-07-10,2,0.5,2.1288
2012-07-11,2,0.5,2.1328
2012-07-12,2,0.5,2.1221
2012-07-13,2,0.5,2.1404
2012-07-16,2,0.5,2.1332
2012-07-17,2,0.5,2.14
2012-07-18,2,0.5,2.1466
2012-07-19,2,0.5,2.1446
2012-07-20,2,0.5,2.1442
2012-07-23,2,0.5,2.1412
2012-07-24,2,0.5,2.1502
2012-07-25,2,0.5,2.1867
2012-07-26,2,0.5,2.2191
2012-07-27,2,0.5,2.2615
2012-07-30,2,0.5,2.265
2012-07-31,2,0.5,2.2908
2012-08-01,2,0.5,2.3108
2012-08-02,2,0.5,2.3011
2012-08-03,2,0.5,2.4012
2012-08-06,2,0.5,2.4064
2012-08-07,2,0.5,2.4275
2012-08-08,2,0.5,2.4499
2012-08-09,2,0.5,2.4273
2012-08-10,2,0.5,2.415
2012-08-13,2,0.5,2.4199
2012-08-14,2,0.5,2.4313
2012-08-15,2,0.5,2.4607
2012-08-16,2,0.5,2.4952
2012-08-17,2,0.5,2.5478
2012-08-20,2,0.5,2.6427
2012-08-21,2,0.5,2.633
2012-08-22,2,0.5,2.6413
2012-08-23,2,0.5,2.6284
2012-08-24,2,0.5,2.6281
2012-08-27,2,0.5,2.6224
2012-08-28,2,0.5,2.5643
2012-08-29,2,0.5,2.5623
2012-08-30,2,0.5,2.5483
2012-08-31,2,0.5,2.5724
2012-09-03,2,0.5,2.5394
2012-09-04,2,0.5,2.5079
2012-09-05,2,0.5,2.5116
2012-09-06,2,0.5,2.5179
2012-09-07,2,0.5,2.5403
2012-09-10,2,0.5,2.5472
2012-09-11,2,0.5,2.5601
2012-09-12,2,0.5,2.6573
2012-09-13,2,0.5,2.6894
2012-09-14,2,0.5,2.7
2012-09-17,2,0.5,2.7197
2012-09-18,2,0.5,2.7277
2012-09-19,2,0.5,2.737
2012-09-20,2,0.5,2.736
2012-09-21,2,0.5,2.7461
2012-09-24,2,0.5,2.7592
2012-09-25,2,0.5,2.7593
2012-09-26,2,0.5,2.7422
2012-09-27,2,0.5,2.7422
2012-09-28,2,0.5,2.7289
2012-09-29,2,0.5,2.7234
2012-10-08,2,0.5,2.706
2012-10-09,2,0.5,2.721
2012-10-10,2,0.5,2.691
2012-10-11,2,0.5,2.69
2012-10-12,2,0.5,2.6852
2012-10-15,2,0.5,2.6934
2012-10-16,2,0.5,2.7272
2012-10-17,2,0.5,2.7744
2012-10-18,2,0.5,2.7745
2012-10-19,2,0.5,2.813
2012-10-22,2,0.5,2.8111
2012-10-23,2,0.5,2.821
2012-10-24,2,0.5,2.8205
2012-10-25,2,0.5,2.8166
2012-10-26,2,0.5,2.8666
2012-10-29,2,0.5,2.9015
2012-10-30,2,0.5,2.8451
2012-10-31,2,0.5,2.8315
2012-11-01,2,0.5,2.8316
2012-11-02,2,0.5,2.8365
2012-11-05,2,0.5,2.8415
2012-11-06,2,0.5,2.8415
2012-11-07,2,0.5,2.8315
2012-11-08,2,0.5,2.8216
2012-11-09,2,0.5,2.8099
2012-11-12,2,0.5,2.8108
2012-11-13,2,0.5,2.8107
2012-11-14,2,0.5,2.8107
2012-11-15,2,0.5,2.8106
2012-11-16,2,0.5,2.8015
2012-11-19,2,0.5,2.8055
2012-11-20,2,0.5,2.8055
2012-11-21,2,0.5,2.8142
2012-11-22,2,0.5,2.8142
2012-11-23,2,0.5,2.8142
2012-11-26,2,0.5,2.8212
2012-11-27,2,0.5,2.8271
2012-11-28,2,0.5,2.8371
2012-11-29,2,0.5,2.8337
2012-11-30,2,0.5,2.8245
2012-12-03,2,0.5,2.8274
2012-12-04,2,0.5,2.8374
2012-12-05,2,0.5,2.8574
2012-12-06,2,0.5,2.8574
2012-12-07,2,0.5,2.8615
2012-12-10,2,0.5,2.8715
2012-12-11,2,0.5,2.8716
2012-12-12,2,0.5,2.8816
2012-12-13,2,0.5,2.8544
2012-12-14,2,0.5,2.8509
2012-12-17,2,0.5,2.8484
2012-12-18,2,0.5,2.8442
2012-12-19,2,0.5,2.844
2012-12-20,2,0.5,2.864
2012-12-21,2,0.5,2.863
2012-12-24,2,0.5,2.862
2012-12-25,2,0.5,2.872
2012-12-26,2,0.5,2.8541
2012-12-27,2,0.5,2.8516
2012-12-28,2,0.5,2.8016
2012-12-31,2,0.5,2.7967
2013-01-04,2,0.5,2.7967
2013-01-05,2,0.5,2.7717
2013-01-06,2,0.5,2.7273
2013-01-07,2,0.5,2.7136
2013-01-08,2,0.5,2.6829
2013-01-09,2,0.5,2.6982
2013-01-10,2,0.5,2.7032
2013-01-11,2,0.5,2.7074
2013-01-14,2,0.5,2.675
2013-01-15,2,0.5,2.675
2013-01-16,2,0.5,2.665
2013-01-17,2,0.5,2.655
2013-01-18,2,0.5,2.6299
2013-01-21,2,0.5,2.6309
2013-01-22,2,0.5,2.6363
2013-01-23,2,0.5,2.6662
2013-01-24,2,0.5,2.6911
2013-01-25,2,0.5,2.7023
2013-01-28,2,0.5,2.7135
2013-01-29,2,0.5,2.7276
2013-01-30,2,0.5,2.7427
2013-01-31,2,0.5,2.7427
2013-02-01,2,0.5,2.7331
2013-02-04,2,0.5,2.7376
2013-02-05,2,0.5,2.7373
2013-02-06,2,0.5,2.7376
2013-02-07,2,0.5,2.7376
2013-02-08,2,0.5,2.707
2013-02-16,2,0.5,2.607
2013-02-17,2,0.5,2.5897
2013-02-18,2,0.5,2.6246
2013-02-19,2,0.5,2.6299
2013-02-20,2,0.5,2.6299
2013-02-21,2,0.5,2.63
2013-02-22,2,0.5,2.6393
2013-02-25,2,0.5,2.6493
2013-02-26,2,0.5,2.6865
2013-02-27,2,0.5,2.6815
2013-02-28,2,0.5,2.7115
2013-03-01,2,0.5,2.734
2013-03-04,2,0.5,2.7264
2013-03-05,2,0.5,2.7219
2013-03-06,2,0.5,2.7174
2013-03-07,2,0.5,2.7233
2013-03-08,2,0.5,2.734
2013-03-11,2,0.5,2.7438
2013-03-12,2,0.5,2.7438
2013-03-13,2,0.5,2.7389
2013-03-14,2,0.5,2.7399
2013-03-15,2,0.5,2.7249
2013-03-18,2,0.5,2.7152
2013-03-19,2,0.5,2.7248
2013-03-20,2,0.5,2.6661
2013-03-21,2,0.5,2.6584
2013-03-22,2,0.5,2.6316
2013-03-25,2,0.5,2.5963
2013-03-26,2,0.5,2.6056
2013-03-27,2,0.5,2.6244
2013-03-28,2,0.5,2.6356
2013-03-29,2,0.5,2.63
2013-04-01,2,0.5,2.6177
2013-04-02,2,0.5,2.622
2013-04-03,2,0.5,2.6271
2013-04-07,2,0.5,2.6168
2013-04-08,2,0.5,2.5768
2013-04-09,2,0.5,2.582
2013-04-10,2,0.5,2.5223
2013-04-11,2,0.5,2.5272
2013-04-12,2,0.5,2.5635
2013-04-15,2,0.5,2.5747
2013-04-16,2,0.5,2.5795
2013-04-17,2,0.5,2.5797
2013-04-18,2,0.5,2.5943
2013-04-19,2,0.5,2.6178
2013-04-22,2,0.5,2.6895
2013-04-23,2,0.5,2.7318
2013-04-24,2,0.5,2.7824
2013-04-25,2,0.5,2.7776
2013-04-26,2,0.5,2.7789
2013-04-27,2,0.5,2.7599
2013-04-28,2,0.5,2.7405
2013-05-02,2,0.5,2.7333
2013-05-03,2,0.5,2.6841
2013-05-06,2,0.5,2.7139
2013-05-07,2,0.5,2.7195
2013-05-08,2,0.5,2.7437
2013-05-09,2,0.5,2.7403
2013-05-10,2,0.5,2.7095
2013-05-13,2,0.5,2.7648
2013-05-14,2,0.5,2.7287
2013-05-15,2,0.5,2.741
2013-05-16,2,0.5,2.7405
2013-05-17,2,0.5,2.7495
2013-05-20,2,0.5,2.7646
2013-05-21,2,0.5,2.7925
2013-05-22,2,0.5,2.7793
2013-05-23,2,0.5,2.7817
2013-05-24,2,0.5,2.782
2013-05-27,2,0.5,2.7749
2013-05-28,2,0.5,2.7689
2013-05-29,2,0.5,2.7732
2013-05-30,2,0.5,2.7975
2013-05-31,2,0.5,2.7974
2013-06-03,2,0.5,2.8177
2013-06-04,2,0.5,2.8287
2013-06-05,2,0.5,2.8664
2013-06-06,2,0.5,2.9461
2013-06-07,2,0.5,3.0715
2013-06-08,2,0.5,3.1738
2013-06-09,2,0.5,3.1738
2013-06-13,2,0.5,3.1738
2013-06-14,2,0.5,3.1867
2013-06-17,2,0.5,3.1425
2013-06-18,2,0.5,3.244
2013-06-19,2,0.5,3.3826
2013-06-20,2,0.5,4.1903
2013-06-21,2,0.5,4.1744
2013-06-24,2,0.5,4.3744
2013-06-25,2,0.5,4.3744
2013-06-26,2,0.5,3.9337
2013-06-27,2,0.5,3.8824
2013-06-28,2,0.5,3.7712
2013-07-01,2,0.5,3.5667
2013-07-02,2,0.5,3.5108
2013-07-03,2,0.5,3.4065
2013-07-04,2,0.5,3.3919
2013-07-05,2,0.5,3.3505
2013-07-08,2,0.5,3.3517
2013-07-09,2,0.5,3.3818
2013-07-10,2,0.5,3.4215
2013-07-11,2,0.5,3.4315
2013-07-12,2,0.5,3.4694
2013-07-15,2,0.5,3.5477
2013-07-16,2,0.5,3.542
2013-07-17,2,0.5,3.5366
2013-07-18,2,0.5,3.4913
2013-07-19,2,0.5,3.4985
2013-07-22,2,0.5,3.6348
2013-07-23,2,0.5,3.6643
2013-07-24,2,0.5,3.6938
2013-07-25,2,0.5,3.6438
2013-07-26,2,0.5,3.6327
2013-07-29,2,0.5,3.5839
2013-07-30,2,0.5,3.4239
2013-07-31,2,0.5,3.45
2013-08-01,2,0.5,3.4
2013-08-02,2,0.5,3.3905
2013-08-05,2,0.5,3.3605
2013-08-06,2,0.5,3.3705
2013-08-07,2,0.5,3.3911
2013-08-08,2,0.5,3.4193
2013-08-09,2,0.5,3.3893
2013-08-12,2,0.5,3.3993
2013-08-13,2,0.5,3.4093
2013-08-14,2,0.5,3.4506
2013-08-15,2,0.5,3.4806
2013-08-16,2,0.5,3.6295
2013-08-19,2,0.5,3.6295
2013-08-20,2,0.5,3.6495
2013-08-21,2,0.5,3.6559
2013-08-22,2,0.5,3.6339
2013-08-23,2,0.5,3.6041
2013-08-26,2,0.5,3.5841
2013-08-27,2,0.5,3.5959
2013-08-28,2,0.5,3.5959
2013-08-29,2,0.5,3.6161
2013-08-30,2,0.5,3.6024
2013-09-02,2,0.5,3.6261
2013-09-03,2,0.5,3.6173
2013-09-04,2,0.5,3.6343
2013-09-05,2,0.5,3.6163
2013-09-06,2,0.5,3.6663
2013-09-09,2,0.5,3.5981
2013-09-10,2,0.5,3.5969
2013-09-11,2,0.5,3.577
2013-09-12,2,0.5,3.5705
2013-09-13,2,0.5,3.5615
2013-09-16,2,0.5,3.5729
2013-09-17,2,0.5,3.5692
2013-09-18,2,0.5,3.5499
2013-09-22,2,0.5,3.5392
2013-09-23,2,0.5,3.5538
2013-09-24,2,0.5,3.5593
2013-09-25,2,0.5,3.4425
2013-09-26,2,0.5,3.4425
2013-09-27,2,0.5,3.3987
2013-09-29,2,0.5,3.4026
2013-09-30,2,0.5,3.3737
2013-10-08,2,0.5,3.4009
2013-10-09,2,0.5,3.4282
2013-10-10,2,0.5,3.4009
2013-10-11,2,0.5,3.4107
2013-10-12,2,0.5,3.4089
2013-10-14,2,0.5,3.4356
2013-10-15,2,0.5,3.4407
2013-10-16,2,0.5,3.4408
2013-10-17,2,0.5,3.4408
2013-10-18,2,0.5,3.4364
2013-10-21,2,0.5,3.4416
2013-10-22,2,0.5,3.4419
2013-10-23,2,0.5,3.4418
2013-10-24,2,0.5,3.5017
2013-10-25,2,0.5,3.567
2013-10-28,2,0.5,3.5838
2013-10-29,2,0.5,3.6194
2013-10-30,2,0.5,3.82
2013-10-31,2,0.5,3.8202
2013-11-01,2,0.5,3.8047
2013-11-04,2,0.5,3.8047
2013-11-05,2,0.5,3.7868
2013-11-06,2,0.5,3.8802
2013-11-07,2,0.5,3.8945
2013-11-08,2,0.5,3.9271
2013-11-11,2,0.5,4.0054
2013-11-12,2,0.5,4.0465
2013-11-13,2,0.5,4.0493
2013-11-14,2,0.5,4.0902
2013-11-15,2,0.5,4.1602
2013-11-18,2,0.5,4.2102
2013-11-19,2,0.5,4.2278
2013-11-20,2,0.5,4.2417
2013-11-21,2,0.5,4.1917
2013-11-22,2,0.5,4.1527
2013-11-25,2,0.5,4.1734
2013-11-26,2,0.5,4.1986
2013-11-27,2,0.5,4.1757
2013-11-28,2,0.5,4.1557
2013-11-29,2,0.5,4.045
2013-12-02,2,0.5,4.165
2013-12-03,2,0.5,4.1404
2013-12-04,2,0.5,4.1105
2013-12-05,2,0.5,4.1605
2013-12-06,2,0.5,4.167
2013-12-09,2,0.5,4.1845
2013-12-10,2,0.5,4.2052
2013-12-11,2,0.5,4.2413
2013-12-12,2,0.5,4.2244
2013-12-13,2,0.5,4.2156
2013-12-16,2,0.5,4.2422
2013-12-17,2,0.5,4.2373
2013-12-18,2,0.5,4.2556
2013-12-19,2,0.5,4.2861
2013-12-20,2,0.5,4.2377
2013-12-23,2,0.5,4.2511
2013-12-24,2,0.5,4.2595
2013-12-25,2,0.5,4.2572
2013-12-26,2,0.5,4.2511
2013-12-27,2,0.5,4.2421
2013-12-30,2,0.5,4.2003
2013-12-31,2,0.5,4.1741
2014-01-02,2,0.5,4.1864
2014-01-03,2,0.5,4.1306
2014-01-06,2,0.5,4.1116
2014-01-07,2,0.5,4.1017
2014-01-08,2,0.5,4.0223
2014-01-09,2,0.5,4.047
2014-01-10,2,0.5,4.0371
2014-01-13,2,0.5,3.898
2014-01-14,2,0.5,3.8975
2014-01-15,2,0.5,3.8705
2014-01-16,2,0.5,3.8884
2014-01-17,2,0.5,3.8384
2014-01-20,2,0.5,3.9323
2014-01-21,2,0.5,3.8026
2014-01-22,2,0.5,3.7258
2014-01-23,2,0.5,3.7754
2014-01-24,2,0.5,3.686
2014-01-26,2,0.5,3.6318
2014-01-27,2,0.5,3.5818
2014-01-28,2,0.5,3.5378
2014-01-29,2,0.5,3.5178
2014-01-30,2,0.5,3.5178
2014-02-07,2,0.5,3.4501
2014-02-08,2,0.5,3.4945
2014-02-10,2,0.5,3.4544
2014-02-11,2,0.5,3.4544
2014-02-12,2,0.5,3.4105
2014-02-13,2,0.5,3.3605
2014-02-14,2,0.5,3.3514
2014-02-17,2,0.5,3.3634
2014-02-18,2,0.5,3.3781
2014-02-19,2,0.5,3.3531
2014-02-20,2,0.5,3.303
2014-02-21,2,0.5,3.273
2014-02-24,2,0.5,3.266
2014-02-25,2,0.5,3.256
2014-02-26,2,0.5,3.226
2014-02-27,2,0.5,3.156
2014-02-28,2,0.5,3.1711
2014-03-03,2,0.5,3.2211
2014-03-04,2,0.5,3.2211
2014-03-05,2,0.5,3.1893
2014-03-06,2,0.5,3.1893
2014-03-07,2,0.5,3.2193
2014-03-10,2,0.5,3.1337
2014-03-11,2,0.5,3.1337
2014-03-12,2,0.5,3.0781
2014-03-13,2,0.5,3.0881
2014-03-14,2,0.5,3.0881
2014-03-17,2,0.5,2.9881
2014-03-18,2,0.5,2.9781
2014-03-19,2,0.5,2.9781
2014-03-20,2,0.5,2.9781
2014-03-21,2,0.5,2.9896
2014-03-24,2,0.5,2.9596
2014-03-25,2,0.5,2.9096
2014-03-26,2,0.5,2.8667
2014-03-27,2,0.5,2.8367
2014-03-28,2,0.5,2.8367
2014-03-31,2,0.5,2.8233
2014-04-01,2,0.5,2.8483
2014-04-02,2,0.5,2.9183
2014-04-03,2,0.5,2.9982
2014-04-04,2,0.5,3.0482
2014-04-08,2,0.5,3.0493
2014-04-09,2,0.5,3.1128
2014-04-10,2,0.5,3.1916
2014-04-11,2,0.5,3.2416
2014-04-14,2,0.5,3.2036
2014-04-15,2,0.5,3.2212
2014-04-16,2,0.5,3.223
2014-04-17,2,0.5,3.0959
2014-04-18,2,0.5,3.2212
2014-04-21,2,0.5,3.1599
2014-04-22,2,0.5,3.16
2014-04-23,2,0.5,3.2641
2014-04-24,2,0.5,3.2866
2014-04-25,2,0.5,3.3678
2014-04-28,2,0.5,3.3445
2014-04-29,2,0.5,3.3471
2014-04-30,2,0.5,3.3596
2014-05-04,2,0.5,3.3355
2014-05-05,2,0.5,3.3378
2014-05-06,2,0.5,3.3251
2014-05-07,2,0.5,3.3179
2014-05-08,2,0.5,3.3421
2014-05-09,2,0.5,3.3416
2014-05-12,2,0.5,3.348
2014-05-13,2,0.5,3.3626
2014-05-14,2,0.5,3.4019
2014-05-15,2,0.5,3.4031
2014-05-16,2,0.5,3.4137
2014-05-19,2,0.5,3.3837
2014-05-20,2,0.5,3.4107
2014-05-21,2,0.5,3.2495
2014-05-22,2,0.5,3.1913
2014-05-23,2,0.5,3.1529
2014-05-26,2,0.5,3.1726
2014-05-27,2,0.5,3.1752
2014-05-28,2,0.5,3.1552
2014-05-29,2,0.5,3.1152
2014-05-30,2,0.5,3.099
2014-06-03,2,0.5,3.0791
2014-06-04,2,0.5,3.058
2014-06-05,2,0.5,3.008
2014-06-06,2,0.5,3.0247
2014-06-09,2,0.5,3.0171
2014-06-10,2,0.5,2.9824
2014-06-11,2,0.5,3.033
2014-06-12,2,0.5,3.0116
2014-06-13,2,0.5,3.0458
2014-06-16,2,0.5,3.0458
2014-06-17,2,0.5,3.0958
2014-06-18,2,0.5,3.1535
2014-06-19,2,0.5,3.2035
2014-06-20,2,0.5,3.2135
2014-06-23,2,0.5,3.2513
2014-06-24,2,0.5,3.2163
2014-06-25,2,0.5,3.2463
2014-06-26,2,0.5,3.2063
2014-06-27,2,0.5,3.1963
2014-06-30,2,0.5,3.1771
2014-07-01,2,0.5,3.1871
2014-07-02,2,0.5,3.2071
2014-07-03,2,0.5,3.2271
2014-07-04,2,0.5,3.2271
2014-07-07,2,0.5,3.1783
2014-07-08,2,0.5,3.1772
2014-07-09,2,0.5,3.2272
2014-07-10,2,0.5,3.2172
2014-07-11,2,0.5,3.2172
2014-07-14,2,0.5,3.2472
2014-07-15,2,0.5,3.2972
2014-07-16,2,0.5,3.3672
2014-07-17,2,0.5,3.409
2014-07-18,2,0.5,3.4769
2014-07-21,2,0.5,3.499
2014-07-22,2,0.5,3.4798
2014-07-23,2,0.5,3.5098
2014-07-24,2,0.5,3.5098
2014-07-25,2,0.5,3.6098
2014-07-28,2,0.5,3.6098
2014-07-29,2,0.5,3.7098
2014-07-30,2,0.5,3.7448
2014-07-31,2,0.5,3.7248
2014-08-01,2,0.5,3.7548
2014-08-04,2,0.5,3.7306
2014-08-05,2,0.5,3.7306
2014-08-06,2,0.5,3.7037
2014-08-07,2,0.5,3.7337
2014-08-08,2,0.5,3.7637
2014-08-11,2,0.5,3.7637
2014-08-12,2,0.5,3.7637
2014-08-13,2,0.5,3.7637
2014-08-14,2,0.5,3.7374
2014-08-15,2,0.5,3.7374
2014-08-18,2,0.5,3.7524
2014-08-19,2,0.5,3.7381
2014-08-20,2,0.5,3.7432
2014-08-21,2,0.5,3.7432
2014-08-22,2,0.5,3.8432
2014-08-25,2,0.5,3.8432
2014-08-26,2,0.5,3.8222
2014-08-27,2,0.5,3.8222
2014-08-28,2,0.5,3.8422
2014-08-29,2,0.5,3.8722
2014-09-01,2,0.5,3.8291
2014-09-02,2,0.5,3.8202
2014-09-03,2,0.5,3.7664
2014-09-04,2,0.5,3.7519
2014-09-05,2,0.5,3.7319
2014-09-09,2,0.5,3.7219
2014-09-10,2,0.5,3.7719
2014-09-11,2,0.5,3.7619
2014-09-12,2,0.5,3.815
2014-09-15,2,0.5,3.865
2014-09-16,2,0.5,3.905
2014-09-17,2,0.5,3.8116
2014-09-18,2,0.5,3.8229
2014-09-19,2,0.5,3.8129
2014-09-22,2,0.5,3.8038
2014-09-23,2,0.5,3.8038
2014-09-24,2,0.5,3.7829
2014-09-25,2,0.5,3.7606
2014-09-26,2,0.5,3.7984
2014-09-28,2,0.5,3.8084
2014-09-29,2,0.5,3.8084
2014-09-30,2,0.5,3.7984
2014-10-08,2,0.5,3.7884
2014-10-09,2,0.5,3.7684
2014-10-10,2,0.5,3.7693
2014-10-11,2,0.5,3.7421
2014-10-13,2,0.5,3.7384
2014-10-14,2,0.5,3.6747
2014-10-15,2,0.5,3.6002
2014-10-16,2,0.5,3.6002
2014-10-17,2,0.5,3.5802
2014-10-20,2,0.5,3.5502
2014-10-21,2,0.5,3.4975
2014-10-22,2,0.5,3.4564
2014-10-23,2,0.5,3.4587
2014-10-24,2,0.5,3.4153
2014-10-27,2,0.5,3.4853
2014-10-28,2,0.5,3.4366
2014-10-29,2,0.5,3.3766
2014-10-30,2,0.5,3.3606
2014-10-31,2,0.5,3.3543
2014-11-03,2,0.5,3.3043
2014-11-04,2,0.5,3.27
2014-11-05,2,0.5,3.25
2014-11-06,2,0.5,3.2386
2014-11-07,2,0.5,3.2647
2014-11-10,2,0.5,3.2364
2014-11-11,2,0.5,3.2302
2014-11-12,2,0.5,3.2085
2014-11-13,2,0.5,3.1693
2014-11-14,2,0.5,3.1997
2014-11-17,2,0.5,3.2
2014-11-18,2,0.5,3.1801
2014-11-19,2,0.5,3.2105
2014-11-20,2,0.5,3.2254
2014-11-21,2,0.5,3.3001
2014-11-24,2,0.5,3.1521
2014-11-25,2,0.5,3.1141
2014-11-26,2,0.5,3.0741
2014-11-27,2,0.5,3.0399
2014-11-28,2,0.5,3.0511
2014-12-01,2,0.5,3.0329
2014-12-02,2,0.5,3.0583
2014-12-03,2,0.5,3.0676
2014-12-04,2,0.5,3.067
2014-12-05,2,0.5,3.1833
2014-12-08,2,0.5,3.2215
2014-12-09,2,0.5,3.3497
2014-12-10,2,0.5,3.3324
2014-12-11,2,0.5,3.25
2014-12-12,2,0.5,3.2597
2014-12-15,2,0.5,3.3175
2014-12-16,2,0.5,3.3017
2014-12-17,2,0.5,3.4021
2014-12-18,2,0.5,3.4202
2014-12-19,2,0.5,3.4202
2014-12-22,2,0.5,3.3863
2014-12-23,2,0.5,3.3907
2014-12-24,2,0.5,3.3607
2014-12-25,2,0.5,3.3015
2014-12-26,2,0.5,3.2767
2014-12-29,2,0.5,3.2508
2014-12-30,2,0.5,3.2313
2014-12-31,2,0.5,3.207
2015-01-04,2,0.5,3.2039
2015-01-05,2,0.5,3.2338
2015-01-06,2,0.5,3.202
2015-01-07,2,0.5,3.1822
2015-01-08,2,0.5,3.2022
2015-01-09,2,0.5,3.2054
2015-01-12,2,0.5,3.2117
2015-01-13,2,0.5,3.2123
2015-01-14,2,0.5,3.218
2015-01-15,2,0.5,3.2248
2015-01-16,2,0.5,3.1601
2015-01-19,2,0.5,3.1801
2015-01-20,2,0.5,3.1776
2015-01-21,2,0.5,3.2028
2015-01-22,2,0.5,3.1533
2015-01-23,2,0.5,3.1454
2015-01-26,2,0.5,3.128
2015-01-27,2,0.5,3.1097
2015-01-28,2,0.5,3.1217
2015-01-29,2,0.5,3.1028
2015-01-30,2,0.5,3.1428
2015-02-02,2,0.5,3.1368
2015-02-03,2,0.5,3.1567
2015-02-04,2,0.5,3.1543
2015-02-05,2,0.5,3.0543
2015-02-06,2,0.5,3.0286
2015-02-09,2,0.5,3.0586
2015-02-10,2,0.5,3.1162
2015-02-11,2,0.5,3.0786
2015-02-12,2,0.5,3.0789
2015-02-13,2,0.5,3.0815
2015-02-15,2,0.5,3.052
2015-02-16,2,0.5,3.0182
2015-02-17,2,0.5,3.0182
2015-02-25,2,0.5,3.0014
2015-02-26,2,0.5,2.9858
2015-02-27,2,0.5,3.0531
2015-02-28,2,0.5,3.0731
2015-03-02,2,0.5,3.0231
2015-03-03,2,0.5,3.0233
2015-03-04,2,0.5,3.0229
2015-03-05,2,0.5,3.0624
2015-03-06,2,0.5,3.0911
2015-03-09,2,0.5,3.1325
2015-03-10,2,0.5,3.1288
2015-03-11,2,0.5,3.123
2015-03-12,2,0.5,3.1182
2015-03-13,2,0.5,3.1261
2015-03-16,2,0.5,3.1198
2015-03-17,2,0.5,3.1224
2015-03-18,2,0.5,3.1282
2015-03-19,2,0.5,3.1429
2015-03-20,2,0.5,3.1327
2015-03-23,2,0.5,3.133
2015-03-24,2,0.5,3.1063
2015-03-25,2,0.5,3.1285
2015-03-26,2,0.5,3.1942
2015-03-27,2,0.5,3.1685
2015-03-30,2,0.5,3.1656
2015-03-31,2,0.5,3.1724
2015-04-01,2,0.5,3.1127
2015-04-02,2,0.5,3.1021
2015-04-03,2,0.5,3.109
2015-04-07,2,0.5,3.1202
2015-04-08,2,0.5,3.0927
2015-04-09,2,0.5,3.0327
2015-04-10,2,0.5,3.0327
2015-04-13,2,0.5,3.0773
2015-04-14,2,0.5,3.0721
2015-04-15,2,0.5,3.0721
2015-04-16,2,0.5,3.0501
2015-04-17,2,0.5,3.03
2015-04-20,2,0.5,2.98
2015-04-21,2,0.5,2.9919
2015-04-22,2,0.5,3.0194
2015-04-23,2,0.5,2.9728
2015-04-24,2,0.5,2.9731
2015-04-27,2,0.5,2.9206
2015-04-28,2,0.5,2.8996
2015-04-29,2,0.5,2.9343
2015-04-30,2,0.5,2.7856
2015-05-04,2,0.5,2.7659
2015-05-05,2,0.5,2.7903
2015-05-06,2,0.5,2.708
2015-05-07,2,0.5,2.7402
2015-05-08,2,0.5,2.704
2015-05-11,2,0.5,2.6513
2015-05-12,2,0.5,2.6036
2015-05-13,2,0.5,2.4769
2015-05-14,2,0.5,2.385
2015-05-15,2,0.5,2.3229
2015-05-18,2,0.5,2.3148
2015-05-19,2,0.5,2.3148
2015-05-20,2,0.5,2.2448
2015-05-21,2,0.5,2.3411
2015-05-22,2,0.5,2.3161
2015-05-25,2,0.5,2.2017
2015-05-26,2,0.5,2.0757
2015-05-27,2,0.5,1.9877
2015-05-28,2,0.5,2.0463
2015-05-29,2,0.5,2.1527
2015-06-01,2,0.5,2.0627
2015-06-02,2,0.5,2.0478
2015-06-03,2,0.5,1.9525
2015-06-04,2,0.5,1.9151
2015-06-05,2,0.5,1.9012
2015-06-08,2,0.5,1.8833
2015-06-09,2,0.5,1.8609
2015-06-10,2,0.5,1.8274
2015-06-11,2,0.5,1.8074
2015-06-12,2,0.5,1.7963
2015-06-15,2,0.5,1.7563
2015-06-16,2,0.5,1.7908
2015-06-17,2,0.5,1.8508
2015-06-18,2,0.5,1.8611
2015-06-19,2,0.5,1.8228
2015-06-23,2,0.5,1.8485
2015-06-24,2,0.5,1.8121
2015-06-25,2,0.5,1.8556
2015-06-26,2,0.5,1.8485
2015-06-29,2,0.5,1.8657
2015-06-30,2,0.5,1.8659
2015-07-01,2,0.5,1.8573
2015-07-02,2,0.5,1.8773
2015-07-03,2,0.5,1.8874
2015-07-06,2,0.5,1.8489
2015-07-07,2,0.5,1.9283
2015-07-08,2,0.5,2.0537
2015-07-09,2,0.5,2.2014
2015-07-10,2,0.5,2.2867
2015-07-13,2,0.5,2.2398
2015-07-14,2,0.5,2.384
2015-07-15,2,0.5,2.4038
2015-07-16,2,0.5,2.4039
2015-07-17,2,0.5,2.4315
2015-07-20,2,0.5,2.4238
2015-07-21,2,0.5,2.4064
2015-07-22,2,0.5,2.394
2015-07-23,2,0.5,2.3538
2015-07-24,2,0.5,2.2701
2015-07-27,2,0.5,2.2475
2015-07-28,2,0.5,2.2482
2015-07-29,2,0.5,2.1964
2015-07-30,2,0.5,2.2423
2015-07-31,2,0.5,2.2373
2015-08-03,2,0.5,2.2314
2015-08-04,2,0.5,2.2774
2015-08-05,2,0.5,2.2633
2015-08-06,2,0.5,2.2261
2015-08-07,2,0.5,2.2014
2015-08-10,2,0.5,2.164
2015-08-11,2,0.5,2.2011
2015-08-12,2,0.5,2.2373
2015-08-13,2,0.5,2.269
2015-08-14,2,0.5,2.2449
2015-08-17,2,0.5,2.2579
2015-08-18,2,0.5,2.2596
2015-08-19,2,0.5,2.2651
2015-08-20,2,0.5,2.2695
2015-08-21,2,0.5,2.2521
2015-08-24,2,0.5,2.247
2015-08-25,2,0.5,2.2469
2015-08-26,2,0.5,2.2598
2015-08-27,2,0.5,2.281
2015-08-28,2,0.5,2.2628
2015-08-31,2,0.5,2.3
2015-09-01,2,0.5,2.2829
2015-09-02,2,0.5,2.2497
2015-09-06,2,0.5,2.2766
2015-09-07,2,0.5,2.2916
2015-09-08,2,0.5,2.3008
2015-09-09,2,0.5,2.3059
2015-09-10,2,0.5,2.2996
2015-09-11,2,0.5,2.3266
2015-09-14,2,0.5,2.2957
2015-09-15,2,0.5,2.2728
2015-09-16,2,0.5,2.2597
2015-09-17,2,0.5,2.2507
2015-09-18,2,0.5,2.3196
2015-09-21,2,0.5,2.3295
2015-09-22,2,0.5,2.3039
2015-09-23,2,0.5,2.3095
2015-09-24,2,0.5,2.3193
2015-09-25,2,0.5,2.3423
2015-09-28,2,0.5,2.3294
2015-09-29,2,0.5,2.3193
2015-09-30,2,0.5,2.3299
2015-10-08,2,0.5,2.3177
2015-10-09,2,0.5,2.2916
2015-10-10,2,0.5,2.2826
2015-10-12,2,0.5,2.3199
2015-10-13,2,0.5,2.3393
2015-10-14,2,0.5,2.3395
2015-10-15,2,0.5,2.3249
2015-10-16,2,0.5,2.4023
2015-10-19,2,0.5,2.3547
2015-10-20,2,0.5,2.3548
2015-10-21,2,0.5,2.355
2015-10-22,2,0.5,2.3722
2015-10-23,2,0.5,2.3636
2015-10-26,2,0.5,2.3764
2015-10-27,2,0.5,2.3547
2015-10-28,2,0.5,2.328
2015-10-29,2,0.5,2.3655
2015-10-30,2,0.5,2.3866
2015-11-02,2,0.5,2.3774
2015-11-03,2,0.5,2.3847
2015-11-04,2,0.5,2.4039
2015-11-05,2,0.5,2.3845
2015-11-06,2,0.5,2.3955
2015-11-09,2,0.5,2.4628
2015-11-10,2,0.5,2.4575
2015-11-11,2,0.5,2.458
2015-11-12,2,0.5,2.4457
2015-11-13,2,0.5,2.4494
2015-11-16,2,0.5,2.4607
2015-11-17,2,0.5,2.4628
2015-11-18,2,0.5,2.5164
2015-11-19,2,0.5,2.514
2015-11-20,2,0.5,2.5495
2015-11-23,2,0.5,2.5493
2015-11-24,2,0.5,2.5468
2015-11-25,2,0.5,2.5497
2015-11-26,2,0.5,2.5305
2015-11-27,2,0.5,2.5504
2015-11-30,2,0.5,2.5706
2015-12-01,2,0.5,2.5829
2015-12-02,2,0.5,2.5523
2015-12-03,2,0.5,2.5671
2015-12-04,2,0.5,2.5221
2015-12-07,2,0.5,2.5029
2015-12-08,2,0.5,2.4739
2015-12-09,2,0.5,2.471
2015-12-10,2,0.5,2.4528
2015-12-11,2,0.5,2.4029
2015-12-14,2,0.5,2.4365
2015-12-15,2,0.5,2.4043
2015-12-16,2,0.5,2.3998
2015-12-17,2,0.5,2.3981
2015-12-18,2,0.5,2.3746
2015-12-21,2,0.5,2.3494
2015-12-22,2,0.5,2.3519
2015-12-23,2,0.5,2.3606
2015-12-24,2,0.5,2.3387
2015-12-25,2,0.5,2.3056
2015-12-28,2,0.5,2.3137
2015-12-29,2,0.5,2.3079
2015-12-30,2,0.5,2.261
2015-12-31,2,0.5,2.2581
2016-01-04,2,0.5,2.3166
2016-01-05,2,0.5,2.307
2016-01-06,2,0.5,2.3299
2016-01-07,2,0.5,2.3412
2016-01-08,2,0.5,2.3132
2016-01-11,2,0.5,2.3132
2016-01-12,2,0.5,2.2994
2016-01-13,2,0.5,2.2706
2016-01-14,2,0.5,2.2496
2016-01-15,2,0.5,2.229
2016-01-18,2,0.5,2.2493
2016-01-19,2,0.5,2.2573
2016-01-20,2,0.5,2.3191
2016-01-21,2,0.5,2.3191
2016-01-22,2,0.5,2.3064
2016-01-25,2,0.5,2.2824
2016-01-26,2,0.5,2.2445
2016-01-27,2,0.5,2.3039
2016-01-28,2,0.5,2.3066
2016-01-29,2,0.5,2.3024
2016-02-01,2,0.5,2.2928
2016-02-02,2,0.5,2.2797
2016-02-03,2,0.5,2.2877
2016-02-04,2,0.5,2.2964
2016-02-05,2,0.5,2.277
2016-02-06,2,0.5,2.2686
2016-02-14,2,0.5,2.2805
2016-02-15,2,0.5,2.2741
2016-02-16,2,0.5,2.2794
2016-02-17,2,0.5,2.2546
2016-02-18,2,0.5,2.25
2016-02-19,2,0.5,2.1592
2016-02-22,2,0.5,2.2067
2016-02-23,2,0.5,2.1571
2016-02-24,2,0.5,2.1475
2016-02-25,2,0.5,2.1721
2016-02-26,2,0.5,2.2022
2016-02-29,2,0.5,2.203
2016-03-01,2,0.5,2.1931
2016-03-02,2,0.5,2.1702
2016-03-03,2,0.5,2.1617
2016-03-04,2,0.5,2.1118
2016-03-07,2,0.5,2.1108
2016-03-08,2,0.5,2.1155
2016-03-09,2,0.5,2.1111
2016-03-10,2,0.5,2.1098
2016-03-11,2,0.5,2.0528
2016-03-14,2,0.5,2.0378
2016-03-15,2,0.5,2.0464
2016-03-16,2,0.5,2.0254
2016-03-17,2,0.5,2.0293
2016-03-18,2,0.5,2.0266
2016-03-21,2,0.5,2.0253
2016-03-22,2,0.5,2.0514
2016-03-23,2,0.5,2.046
2016-03-24,2,0.5,2.0461
2016-03-25,2,0.5,2.0364
2016-03-28,2,0.5,2.0571
2016-03-29,2,0.5,2.0622
2016-03-30,2,0.5,2.0665
2016-03-31,2,0.5,2.0721
2016-04-01,2,0.5,2.0767
2016-04-05,2,0.5,2.0661
2016-04-06,2,0.5,2.0746
2016-04-07,2,0.5,2.095
2016-04-08,2,0.5,2.1004
2016-04-11,2,0.5,2.1253
2016-04-12,2,0.5,2.1195
2016-04-13,2,0.5,2.1483
2016-04-14,2,0.5,2.1691
2016-04-15,2,0.5,2.1403
2016-04-18,2,0.5,2.1259
2016-04-19,2,0.5,2.1492
2016-04-20,2,0.5,2.1815
2016-04-21,2,0.5,2.2017
2016-04-22,2,0.5,2.2016
2016-04-25,2,0.5,2.2434
2016-04-26,2,0.5,2.2291
2016-04-27,2,0.5,2.2357
2016-04-28,2,0.5,2.2473
2016-04-29,2,0.5,2.2268
2016-05-03,2,0.5,2.2011
2016-05-04,2,0.5,2.2526
2016-05-05,2,0.5,2.2779
2016-05-06,2,0.5,2.251
2016-05-09,2,0.5,2.259
2016-05-10,2,0.5,2.23
2016-05-11,2,0.5,2.2329
2016-05-12,2,0.5,2.2411
2016-05-13,2,0.5,2.2077
2016-05-16,2,0.5,2.2021
2016-05-17,2,0.5,2.2017
2016-05-18,2,0.5,2.2203
2016-05-19,2,0.5,2.2261
2016-05-20,2,0.5,2.2319
2016-05-23,2,0.5,2.2132
2016-05-24,2,0.5,2.217
2016-05-25,2,0.5,2.2089
2016-05-26,2,0.5,2.2155
2016-05-27,2,0.5,2.2187
2016-05-30,2,0.5,2.2075
2016-05-31,2,0.5,2.2151
2016-06-01,2,0.5,2.216
2016-06-02,2,0.5,2.2411
2016-06-03,2,0.5,2.2396
2016-06-06,2,0.5,2.2403
2016-06-07,2,0.5,2.2428
2016-06-08,2,0.5,2.2357
2016-06-12,2,0.5,2.2393
2016-06-13,2,0.5,2.2677
2016-06-14,2,0.5,2.2754
2016-06-15,2,0.5,2.2782
2016-06-16,2,0.5,2.2719
2016-06-17,2,0.5,2.2376
2016-06-20,2,0.5,2.2033
2016-06-21,2,0.5,2.2416
2016-06-22,2,0.5,2.2261
2016-06-23,2,0.5,2.252
2016-06-24,2,0.5,2.2742
2016-06-27,2,0.5,2.2761
2016-06-28,2,0.5,2.2663
2016-06-29,2,0.5,2.267
2016-06-30,2,0.5,2.2718
2016-07-01,2,0.5,2.2692
2016-07-04,2,0.5,2.2634
2016-07-05,2,0.5,2.2572
2016-07-06,2,0.5,2.2545
2016-07-07,2,0.5,2.2463
2016-07-08,2,0.5,2.197
2016-07-11,2,0.5,2.1957
2016-07-12,2,0.5,2.2216
2016-07-13,2,0.5,2.2208
2016-07-14,2,0.5,2.2226
2016-07-15,2,0.5,2.203
2016-07-18,2,0.5,2.186
2016-07-19,2,0.5,2.1684
2016-07-20,2,0.5,2.1808
2016-07-21,2,0.5,2.1806
2016-07-22,2,0.5,2.1913
2016-07-25,2,0.5,2.2138
2016-07-26,2,0.5,2.1965
2016-07-27,2,0.5,2.1664
2016-07-28,2,0.5,2.1834
2016-07-29,2,0.5,2.1951
2016-08-01,2,0.5,2.1966
2016-08-02,2,0.5,2.1928
2016-08-03,2,0.5,2.1759
2016-08-04,2,0.5,2.1604
2016-08-05,2,0.5,2.1545
2016-08-08,2,0.5,2.1578
2016-08-09,2,0.5,2.1438
2016-08-10,2,0.5,2.1259
2016-08-11,2,0.5,2.0967
2016-08-12,2,0.5,2.043
2016-08-15,2,0.5,2.0509
2016-08-16,2,0.5,2.0506
2016-08-17,2,0.5,2.0507
2016-08-18,2,0.5,2.0514
2016-08-19,2,0.5,2.0426
2016-08-22,2,0.5,2.0552
2016-08-23,2,0.5,2.0542
2016-08-24,2,0.5,2.0556
2016-08-25,2,0.5,2.0564
2016-08-26,2,0.5,2.0465
2016-08-29,2,0.5,2.025
2016-08-30,2,0.5,2.0616
2016-08-31,2,0.5,2.0703
2016-09-01,2,0.5,2.0526
2016-09-02,2,0.5,2.0591
2016-09-05,2,0.5,2.0704
2016-09-06,2,0.5,2.055
2016-09-07,2,0.5,2.0781
2016-09-08,2,0.5,2.055
2016-09-09,2,0.5,2.0528
2016-09-12,2,0.5,2.0506
2016-09-13,2,0.5,2.0464
2016-09-14,2,0.5,2.0997
2016-09-18,2,0.5,2.1033
2016-09-19,2,0.5,2.1109
2016-09-20,2,0.5,2.1004
2016-09-21,2,0.5,2.1167
2016-09-22,2,0.5,2.0926
2016-09-23,2,0.5,2.0901
2016-09-26,2,0.5,2.0976
2016-09-27,2,0.5,2.0957
2016-09-28,2,0.5,2.0928
2016-09-29,2,0.5,2.0912
2016-09-30,2,0.5,2.0753
2016-10-08,2,0.5,2.0799
2016-10-09,2,0.5,2.0799
2016-10-10,2,0.5,2.091
2016-10-11,2,0.5,2.0757
2016-10-12,2,0.5,2.0846
2016-10-13,2,0.5,2.0869
2016-10-14,2,0.5,2.0644
2016-10-17,2,0.5,2.0693
2016-10-18,2,0.5,2.0722
2016-10-19,2,0.5,2.0914
2016-10-20,2,0.5,2.0823
2016-10-21,2,0.5,2.0383
2016-10-24,2,0.5,2.0094
2016-10-25,2,0.5,2.0095
2016-10-26,2,0.5,2.0413
2016-10-27,2,0.5,2.0403
2016-10-28,2,0.5,2.0293
2016-10-31,2,0.5,2.0319
2016-11-01,2,0.5,2.0709
2016-11-02,2,0.5,2.0715
2016-11-03,2,0.5,2.0735
2016-11-04,2,0.5,2.0734
2016-11-07,2,0.5,2.0927
2016-11-08,2,0.5,2.0772
2016-11-09,2,0.5,2.0754
2016-11-10,2,0.5,2.0733
2016-11-11,2,0.5,2.1132
2016-11-14,2,0.5,2.1101
2016-11-15,2,0.5,2.1373
2016-11-16,2,0.5,2.1142
2016-11-17,2,0.5,2.136
2016-11-18,2,0.5,2.1715
2016-11-21,2,0.5,2.162
2016-11-22,2,0.5,2.1375
2016-11-23,2,0.5,2.1375
2016-11-24,2,0.5,2.1571
2016-11-25,2,0.5,2.2133
2016-11-28,2,0.5,2.2119
2016-11-29,2,0.5,2.2579
2016-11-30,2,0.5,2.2984
2016-12-01,2,0.5,2.3527
2016-12-02,2,0.5,2.3971
2016-12-05,2,0.5,2.4396
2016-12-06,2,0.5,2.4534
2016-12-07,2,0.5,2.4337
2016-12-08,2,0.5,2.4076
2016-12-09,2,0.5,2.4337
2016-12-12,2,0.5,2.4995
2016-12-13,2,0.5,2.4586
2016-12-14,2,0.5,2.6088
2016-12-15,2,0.5,2.716
2016-12-16,2,0.5,2.9068
2016-12-19,2,0.5,3.046
2016-12-20,2,0.5,3.1054
2016-12-21,2,0.5,3.0312
2016-12-22,2,0.5,2.9979
2016-12-23,2,0.5,2.9108
2016-12-26,2,0.5,2.9036
2016-12-27,2,0.5,2.8718
2016-12-28,2,0.5,2.8968
2016-12-29,2,0.5,2.702
2016-12-30,2,0.5,2.6535
2016-12-31,2,0.5,2.6494
2017-01-03,2,0.5,2.7152
2017-01-04,2,0.5,2.6687
2017-01-05,2,0.5,2.6709
2017-01-06,2,0.5,2.6888
2017-01-09,2,0.5,2.6665
2017-01-10,2,0.5,2.6531
2017-01-11,2,0.5,2.6583
2017-01-12,2,0.5,2.6432
2017-01-13,2,0.5,2.589
2017-01-16,2,0.5,2.5532
2017-01-17,2,0.5,2.6303
2017-01-18,2,0.5,2.6494
2017-01-19,2,0.5,2.6348
2017-01-20,2,0.5,2.611
2017-01-22,2,0.5,2.5935
2017-01-23,2,0.5,2.5835
2017-01-24,2,0.5,2.5931
2017-01-25,2,0.5,2.6141
2017-01-26,2,0.5,2.6009
2017-02-03,2,0.5,2.6634
2017-02-04,2,0.5,2.6693
2017-02-06,2,0.5,2.7095
2017-02-07,2,0.5,2.7013
2017-02-08,2,0.5,2.7013
2017-02-09,2,0.5,2.7249
2017-02-10,2,0.5,2.6823
2017-02-13,2,0.5,2.6793
2017-02-14,2,0.5,2.6708
2017-02-15,2,0.5,2.6996
2017-02-16,2,0.5,2.7039
2017-02-17,2,0.5,2.6919
2017-02-20,2,0.5,2.6407
2017-02-21,2,0.5,2.6533
2017-02-22,2,0.5,2.6511
2017-02-23,2,0.5,2.6438
2017-02-24,2,0.5,2.6634
2017-02-27,2,0.5,2.6417
2017-02-28,2,0.5,2.6398
2017-03-01,2,0.5,2.6412
2017-03-02,2,0.5,2.6176
2017-03-03,2,0.5,2.6422
2017-03-06,2,0.5,2.694
2017-03-07,2,0.5,2.6908
2017-03-08,2,0.5,2.719
2017-03-09,2,0.5,2.7136
2017-03-10,2,0.5,2.7204
2017-03-13,2,0.5,2.7386
2017-03-14,2,0.5,2.7247
2017-03-15,2,0.5,2.7665
2017-03-16,2,0.5,2.8014
2017-03-17,2,0.5,2.8202
2017-03-20,2,0.5,2.8499
2017-03-21,2,0.5,2.8204
2017-03-22,2,0.5,2.8604
2017-03-23,2,0.5,2.864
2017-03-24,2,0.5,2.8577
2017-03-27,2,0.5,2.8576
2017-03-28,2,0.5,2.8326
2017-03-29,2,0.5,2.832
2017-03-30,2,0.5,2.8299
2017-03-31,2,0.5,2.8375
2017-04-01,2,0.5,2.8788
2017-04-05,2,0.5,2.8918
2017-04-06,2,0.5,2.895
2017-04-07,2,0.5,2.8986
2017-04-10,2,0.5,2.9065
2017-04-11,2,0.5,2.9115
2017-04-12,2,0.5,2.8982
2017-04-13,2,0.5,2.8953
2017-04-14,2,0.5,2.9637
2017-04-17,2,0.5,2.9444
2017-04-18,2,0.5,2.9444
2017-04-19,2,0.5,3.0312
2017-04-20,2,0.5,3.0039
2017-04-21,2,0.5,3.0544
2017-04-24,2,0.5,3.0535
2017-04-25,2,0.5,3.0676
2017-04-26,2,0.5,3.0784
2017-04-27,2,0.5,3.0841
2017-04-28,2,0.5,3.0707
2017-05-02,2,0.5,3.1263
2017-05-03,2,0.5,3.1329
2017-05-04,2,0.5,3.1586
2017-05-05,2,0.5,3.1765
2017-05-08,2,0.5,3.165
2017-05-09,2,0.5,3.1724
2017-05-10,2,0.5,3.1661
2017-05-11,2,0.5,3.2035
2017-05-12,2,0.5,3.2514
2017-05-15,2,0.5,3.2538
2017-05-16,2,0.5,3.2823
2017-05-17,2,0.5,3.3518
2017-05-18,2,0.5,3.3814
2017-05-19,2,0.5,3.3712
2017-05-22,2,0.5,3.3769
2017-05-23,2,0.5,3.3892
2017-05-24,2,0.5,3.4133
2017-05-25,2,0.5,3.3947
2017-05-26,2,0.5,3.399
2017-05-27,2,0.5,3.3701
2017-05-31,2,0.5,3.3713
2017-06-01,2,0.5,3.3796
2017-06-02,2,0.5,3.3897
2017-06-05,2,0.5,3.3964
2017-06-06,2,0.5,3.3973
2017-06-07,2,0.5,3.4705
2017-06-08,2,0.5,3.4914
2017-06-09,2,0.5,3.5746
2017-06-12,2,0.5,3.5446
2017-06-13,2,0.5,3.5763
2017-06-14,2,0.5,3.6945
2017-06-15,2,0.5,3.6785
2017-06-16,2,0.5,3.6926
2017-06-19,2,0.5,3.6892
2017-06-20,2,0.5,3.6683
2017-06-21,2,0.5,3.6483
2017-06-22,2,0.5,3.6483
2017-06-23,2,0.5,3.5513
2017-06-26,2,0.5,3.4691
2017-06-27,2,0.5,3.3645
2017-06-28,2,0.5,3.3315
2017-06-29,2,0.5,3.3288
2017-06-30,2,0.5,3.3461
2017-07-03,2,0.5,3.3024
2017-07-04,2,0.5,3.3307
2017-07-05,2,0.5,3.3219
2017-07-06,2,0.5,3.3156
2017-07-07,2,0.5,3.3416
2017-07-10,2,0.5,3.3262
2017-07-11,2,0.5,3.3555
2017-07-12,2,0.5,3.3743
2017-07-13,2,0.5,3.36
2017-07-14,2,0.5,3.3633
2017-07-17,2,0.5,3.3418
2017-07-18,2,0.5,3.3552
2017-07-19,2,0.5,3.4011
2017-07-20,2,0.5,3.371
2017-07-21,2,0.5,3.3542
2017-07-24,2,0.5,3.3475
2017-07-25,2,0.5,3.3377
2017-07-26,2,0.5,3.3042
2017-07-27,2,0.5,3.3136
2017-07-28,2,0.5,3.3101
2017-07-31,2,0.5,3.2834
2017-08-01,2,0.5,3.279
2017-08-02,2,0.5,3.2749
2017-08-03,2,0.5,3.2676
2017-08-04,2,0.5,3.2242
2017-08-07,2,0.5,3.2202
2017-08-08,2,0.5,3.2242
2017-08-09,2,0.5,3.2382
2017-08-10,2,0.5,3.2463
2017-08-11,2,0.5,3.2362
2017-08-14,2,0.5,3.2381
2017-08-15,2,0.5,3.2384
2017-08-16,2,0.5,3.2656
2017-08-17,2,0.5,3.2774
2017-08-18,2,0.5,3.2524
2017-08-21,2,0.5,3.2614
2017-08-22,2,0.5,3.2733
2017-08-23,2,0.5,3.2947
2017-08-24,2,0.5,3.3005
2017-08-25,2,0.5,3.317
2017-08-28,2,0.5,3.3331
2017-08-29,2,0.5,3.3034
2017-08-30,2,0.5,3.3664
2017-08-31,2,0.5,3.3656
2017-09-01,2,0.5,3.3418
2017-09-04,2,0.5,3.3742
2017-09-05,2,0.5,3.3743
2017-09-06,2,0.5,3.3744
2017-09-07,2,0.5,3.3154
2017-09-08,2,0.5,3.3479
2017-09-11,2,0.5,3.3299
2017-09-12,2,0.5,3.3382
2017-09-13,2,0.5,3.3779
2017-09-14,2,0.5,3.3924
2017-09-15,2,0.5,3.3787
2017-09-18,2,0.5,3.3672
2017-09-19,2,0.5,3.3689
2017-09-20,2,0.5,3.3695
2017-09-21,2,0.5,3.3737
2017-09-22,2,0.5,3.3701
2017-09-25,2,0.5,3.3777
2017-09-26,2,0.5,3.3681
2017-09-27,2,0.5,3.3581
2017-09-28,2,0.5,3.3581
2017-09-29,2,0.5,3.3545
2017-09-30,2,0.5,3.3543
2017-10-09,2,0.5,3.3748
2017-10-10,2,0.5,3.3946
2017-10-11,2,0.5,3.3752
2017-10-12,2,0.5,3.37
2017-10-13,2,0.5,3.3898
2017-10-16,2,0.5,3.3876
2017-10-17,2,0.5,3.3946
2017-10-18,2,0.5,3.4276
2017-10-19,2,0.5,3.4059
2017-10-20,2,0.5,3.4133
2017-10-23,2,0.5,3.4363
2017-10-24,2,0.5,3.4056
2017-10-25,2,0.5,3.4089
2017-10-26,2,0.5,3.4236
2017-10-27,2,0.5,3.4333
2017-10-30,2,0.5,3.499
2017-10-31,2,0.5,3.499
2017-11-01,2,0.5,3.5121
2017-11-02,2,0.5,3.5109
2017-11-03,2,0.5,3.5017
2017-11-06,2,0.5,3.4992
2017-11-07,2,0.5,3.5039
2017-11-08,2,0.5,3.5034
2017-11-09,2,0.5,3.4849
2017-11-10,2,0.5,3.5939
2017-11-13,2,0.5,3.5939
2017-11-14,2,0.5,3.5939
2017-11-15,2,0.5,3.6566
2017-11-16,2,0.5,3.6502
2017-11-17,2,0.5,3.6752
2017-11-20,2,0.5,3.6686
2017-11-21,2,0.5,3.6825
2017-11-22,2,0.5,3.699
2017-11-23,2,0.5,3.7124
2017-11-24,2,0.5,3.7217
2017-11-27,2,0.5,3.7701
2017-11-28,2,0.5,3.7833
2017-11-29,2,0.5,3.7833
2017-11-30,2,0.5,3.768
2017-12-01,2,0.5,3.7599
2017-12-04,2,0.5,3.7694
2017-12-05,2,0.5,3.7615
2017-12-06,2,0.5,3.8147
2017-12-07,2,0.5,3.8321
2017-12-08,2,0.5,3.9054
2017-12-11,2,0.5,3.9807
2017-12-12,2,0.5,3.9818
2017-12-13,2,0.5,4.0119
2017-12-14,2,0.5,4.0
2017-12-15,2,0.5,3.9606
2017-12-18,2,0.5,3.9786
2017-12-19,2,0.5,3.981
2017-12-20,2,0.5,3.9985
2017-12-21,2,0.5,3.96
2017-12-22,2,0.5,3.9505
2017-12-25,2,0.5,3.9454
2017-12-26,2,0.5,3.9518
2017-12-27,2,0.5,3.9411
2017-12-28,2,0.5,3.9343
2017-12-29,2,0.5,3.9067
2017-12-30,2,0.5,3.9067
2017-12-31,2,0.5,3.9067
2018-01-02,2,0.5,3.7725
2018-01-03,2,0.5,3.7176
2018-01-04,2,0.5,3.5774
2018-01-05,2,0.5,3.5255
2018-01-08,2,0.5,3.5149
2018-01-09,2,0.5,3.524
2018-01-10,2,0.5,3.5714
2018-01-11,2,0.5,3.5765
2018-01-12,2,0.5,3.5514
2018-01-15,2,0.5,3.5401
2018-01-16,2,0.5,3.5506
2018-01-17,2,0.5,3.5998
2018-01-18,2,0.5,3.5899
2018-01-19,2,0.5,3.5898
2018-01-22,2,0.5,3.5494
2018-01-23,2,0.5,3.5497
2018-01-24,2,0.5,3.5491
2018-01-25,2,0.5,3.5196
2018-01-26,2,0.5,3.5203
2018-01-29,2,0.5,3.4999
2018-01-30,2,0.5,3.5094
2018-01-31,2,0.5,3.5097
2018-02-01,2,0.5,3.4996
2018-02-02,2,0.5,3.4215
2018-02-05,2,0.5,3.3434
2018-02-06,2,0.5,3.3007
2018-02-07,2,0.5,3.3206
2018-02-08,2,0.5,3.3208
2018-02-09,2,0.5,3.322
2018-02-11,2,0.5,3.3217
2018-02-12,2,0.5,3.3218
2018-02-13,2,0.5,3.3127
2018-02-14,2,0.5,3.2807
2018-02-22,2,0.5,3.3254
2018-02-23,2,0.5,3.3312
2018-02-24,2,0.5,3.3244
2018-02-26,2,0.5,3.2931
2018-02-27,2,0.5,3.266
2018-02-28,2,0.5,3.2444
2018-03-01,2,0.5,3.2534
2018-03-02,2,0.5,3.2766
2018-03-05,2,0.5,3.247
2018-03-06,2,0.5,3.26
2018-03-07,2,0.5,3.251
2018-03-08,2,0.5,3.2475
2018-03-09,2,0.5,3.2044
2018-03-12,2,0.5,3.1818
2018-03-13,2,0.5,3.2029
2018-03-14,2,0.5,3.1951
2018-03-15,2,0.5,3.2012
2018-03-16,2,0.5,3.2595
2018-03-19,2,0.5,3.2357
2018-03-20,2,0.5,3.2292
2018-03-21,2,0.5,3.209
2018-03-22,2,0.5,3.1931
2018-03-23,2,0.5,3.1702
2018-03-26,2,0.5,3.2002
2018-03-27,2,0.5,3.1986
2018-03-28,2,0.5,3.2028
2018-03-29,2,0.5,3.1867
2018-03-30,2,0.5,3.167
2018-04-02,2,0.5,3.1153
2018-04-03,2,0.5,3.1099
2018-04-04,2,0.5,3.0879
2018-04-08,2,0.5,3.1042
2018-04-09,2,0.5,3.1124
2018-04-10,2,0.5,3.1177
2018-04-11,2,0.5,3.1221
2018-04-12,2,0.5,3.0894
2018-04-13,2,0.5,3.0242
2018-04-16,2,0.5,2.9348
2018-04-17,2,0.5,2.9266
2018-04-18,2,0.5,2.7169
2018-04-19,2,0.5,2.7662
2018-04-20,2,0.5,2.8068
2018-04-23,2,0.5,2.7919
2018-04-24,2,0.5,2.8221
2018-04-25,2,0.5,2.8301
2018-04-26,2,0.5,2.8299
2018-04-27,2,0.5,2.8299
2018-04-28,2,0.5,2.8102
2018-05-02,2,0.5,2.8389
2018-05-03,2,0.5,2.81
2018-05-04,2,0.5,2.7719
2018-05-07,2,0.5,2.7674
2018-05-08,2,0.5,2.7678
2018-05-09,2,0.5,2.7938
2018-05-10,2,0.5,2.8069
2018-05-11,2,0.5,2.8602
2018-05-14,2,0.5,2.9135
2018-05-15,2,0.5,2.92
2018-05-16,2,0.5,2.9249
2018-05-17,2,0.5,2.9563
2018-05-18,2,0.5,3.0
2018-05-21,2,0.5,2.9696
2018-05-22,2,0.5,3.0045
2018-05-23,2,0.5,3.0123
2018-05-24,2,0.5,2.9775
2018-05-25,2,0.5,3.0149
2018-05-28,2,0.5,3.0151
2018-05-29,2,0.5,3.0099
2018-05-30,2,0.5,2.9839
2018-05-31,2,0.5,2.9897
2018-06-01,2,0.5,3.0003
2018-06-04,2,0.5,3.0059
2018-06-05,2,0.5,3.0146
2018-06-06,2,0.5,3.015
2018-06-07,2,0.5,3.0235
2018-06-08,2,0.5,3.0173
2018-06-11,2,0.5,3.0339
2018-06-12,2,0.5,3.0517
2018-06-13,2,0.5,3.1294
2018-06-14,2,0.5,3.1097
2018-06-15,2,0.5,3.1543
2018-06-19,2,0.5,3.1417
2018-06-20,2,0.5,3.1417
2018-06-21,2,0.5,3.1721
2018-06-22,2,0.5,3.1721
2018-06-25,2,0.5,3.1817
2018-06-26,2,0.5,3.1998
2018-06-27,2,0.5,3.1998
2018-06-28,2,0.5,3.1846
2018-06-29,2,0.5,3.1041
2018-07-02,2,0.5,3.0388
2018-07-03,2,0.5,2.9432
2018-07-04,2,0.5,2.9576
2018-07-05,2,0.5,2.9507
2018-07-06,2,0.5,2.8794
2018-07-09,2,0.5,2.8695
2018-07-10,2,0.5,2.8479
2018-07-11,2,0.5,2.8476
2018-07-12,2,0.5,2.7626
2018-07-13,2,0.5,2.7834
2018-07-16,2,0.5,2.7258
2018-07-17,2,0.5,2.7403
2018-07-18,2,0.5,2.8592
2018-07-19,2,0.5,2.8283
2018-07-20,2,0.5,2.8585
2018-07-23,2,0.5,2.8615
2018-07-24,2,0.5,2.8633
2018-07-25,2,0.5,2.8419
2018-07-26,2,0.5,2.7511
2018-07-27,2,0.5,2.7401
2018-07-30,2,0.5,2.6874
2018-07-31,2,0.5,2.6405
2018-08-01,2,0.5,2.6163
2018-08-02,2,0.5,2.6157
2018-08-03,2,0.5,2.5551
2018-08-06,2,0.5,2.4927
2018-08-07,2,0.5,2.4027
2018-08-08,2,0.5,2.4016
2018-08-09,2,0.5,2.433
2018-08-10,2,0.5,2.4185
2018-08-13,2,0.5,2.5238
2018-08-14,2,0.5,2.5829
2018-08-15,2,0.5,2.5341
2018-08-16,2,0.5,2.616
2018-08-17,2,0.5,2.6765
2018-08-20,2,0.5,2.7189
2018-08-21,2,0.5,2.721
2018-08-22,2,0.5,2.7208
2018-08-23,2,0.5,2.6921
2018-08-24,2,0.5,2.6943
2018-08-27,2,0.5,2.6681
2018-08-28,2,0.5,2.6707
2018-08-29,2,0.5,2.6733
2018-08-30,2,0.5,2.6483
2018-08-31,2,0.5,2.6418
2018-09-03,2,0.5,2.623
2018-09-04,2,0.5,2.622
2018-09-05,2,0.5,2.5728
2018-09-06,2,0.5,2.5797
2018-09-07,2,0.5,2.5438
2018-09-10,2,0.5,2.605
2018-09-11,2,0.5,2.617
2018-09-12,2,0.5,2.6429
2018-09-13,2,0.5,2.6177
2018-09-14,2,0.5,2.621
2018-09-17,2,0.5,2.6401
2018-09-18,2,0.5,2.6174
2018-09-19,2,0.5,2.6144
2018-09-20,2,0.5,2.6292
2018-09-21,2,0.5,2.6087
2018-09-25,2,0.5,2.6165
2018-09-26,2,0.5,2.638
2018-09-27,2,0.5,2.618
2018-09-28,2,0.5,2.6581
2018-09-29,2,0.5,2.6169
2018-09-30,2,0.5,2.6189
2018-10-08,2,0.5,2.6043
2018-10-09,2,0.5,2.5442
2018-10-10,2,0.5,2.5313
2018-10-11,2,0.5,2.5528
2018-10-12,2,0.5,2.2448
2018-10-15,2,0.5,2.2415
2018-10-16,2,0.5,2.3055
2018-10-17,2,0.5,2.3595
2018-10-18,2,0.5,2.3566
2018-10-19,2,0.5,2.353
2018-10-22,2,0.5,2.413
2018-10-23,2,0.5,2.4131
2018-10-24,2,0.5,2.4347
2018-10-25,2,0.5,2.4225
2018-10-26,2,0.5,2.4189
2018-10-29,2,0.5,2.4202
2018-10-30,2,0.5,2.4071
2018-10-31,2,0.5,2.6255
2018-11-01,2,0.5,2.6138
2018-11-02,2,0.5,2.6625
2018-11-05,2,0.5,2.6836
2018-11-06,2,0.5,2.6692
2018-11-07,2,0.5,2.6545
2018-11-08,2,0.5,2.6281
2018-11-09,2,0.5,2.5164
2018-11-12,2,0.5,2.5303
2018-11-13,2,0.5,2.5217
2018-11-14,2,0.5,2.5501
2018-11-15,2,0.5,2.5027
2018-11-16,2,0.5,2.4826
2018-11-19,2,0.5,2.4938
2018-11-20,2,0.5,2.5104
2018-11-21,2,0.5,2.4881
2018-11-22,2,0.5,2.5187
2018-11-23,2,0.5,2.4853
2018-11-26,2,0.5,2.4494
2018-11-27,2,0.5,2.4598
2018-11-28,2,0.5,2.4946
2018-11-29,2,0.5,2.4696
2018-11-30,2,0.5,2.4791
2018-12-03,2,0.5,2.4704
2018-12-04,2,0.5,2.4688
2018-12-05,2,0.5,2.4613
2018-12-06,2,0.5,2.4684
2018-12-07,2,0.5,2.4601
2018-12-10,2,0.5,2.4709
2018-12-11,2,0.5,2.4709
2018-12-12,2,0.5,2.5198
2018-12-13,2,0.5,2.5983
2018-12-14,2,0.5,2.5985
2018-12-17,2,0.5,2.5679
2018-12-18,2,0.5,2.5762
2018-12-19,2,0.5,2.5608
2018-12-20,2,0.5,2.6
2018-12-21,2,0.5,2.605
2018-12-24,2,0.5,2.6058
2018-12-25,2,0.5,2.6295
2018-12-26,2,0.5,2.6346
2018-12-27,2,0.5,2.6503
2018-12-28,2,0.5,2.5899
2018-12-29,2,0.5,2.5919
2018-12-30,2,0.5,2.5919
2018-12-31,2,0.5,2.5919
2019-01-02,2,0.5,2.5497
2019-01-03,2,0.5,2.5001
2019-01-04,2,0.5,2.437
2019-01-07,2,0.5,2.4534
2019-01-08,2,0.5,2.3501
2019-01-09,2,0.5,2.4
2019-01-10,2,0.5,2.3861
2019-01-11,2,0.5,2.3864
2019-01-14,2,0.5,2.3859
2019-01-15,2,0.5,2.3874
2019-01-16,2,0.5,2.3856
2019-01-17,2,0.5,2.3748
2019-01-18,2,0.5,2.4129
2019-01-21,2,0.5,2.386
2019-01-22,2,0.5,2.399
2019-01-23,2,0.5,2.3936
2019-01-24,2,0.5,2.3878
2019-01-25,2,0.5,2.3692
2019-01-28,2,0.5,2.366
2019-01-29,2,0.5,2.3314
2019-01-30,2,0.5,2.3433
2019-01-31,2,0.5,2.3147
2019-02-01,2,0.5,2.3152
2019-02-02,2,0.5,2.3127
2019-02-03,2,0.5,2.3127
2019-02-11,2,0.5,2.2905
2019-02-12,2,0.5,2.2815
2019-02-13,2,0.5,2.2689
2019-02-14,2,0.5,2.2618
2019-02-15,2,0.5,2.2637
2019-02-18,2,0.5,2.2099
2019-02-19,2,0.5,2.2056
2019-02-20,2,0.5,2.1804
2019-02-21,2,0.5,2.202
2019-02-22,2,0.5,2.2084
2019-02-25,2,0.5,2.2257
2019-02-26,2,0.5,2.2425
2019-02-27,2,0.5,2.2789
2019-02-28,2,0.5,2.2557
2019-03-01,2,0.5,2.2808
2019-03-04,2,0.5,2.2578
2019-03-05,2,0.5,2.2626
2019-03-06,2,0.5,2.2229
2019-03-07,2,0.5,2.2041
2019-03-08,2,0.5,2.1081
2019-03-11,2,0.5,2.157
2019-03-12,2,0.5,2.157
2019-03-13,2,0.5,2.2052
2019-03-14,2,0.5,2.2322
2019-03-15,2,0.5,2.2311
2019-03-18,2,0.5,2.2348
2019-03-19,2,0.5,2.2381
2019-03-20,2,0.5,2.2395
2019-03-21,2,0.5,2.2288
2019-03-22,2,0.5,2.2408
2019-03-25,2,0.5,2.2511
2019-03-26,2,0.5,2.2552
2019-03-27,2,0.5,2.2771
2019-03-28,2,0.5,2.2429
2019-03-29,2,0.5,2.2321
2019-04-01,2,0.5,2.1763
2019-04-02,2,0.5,2.198
2019-04-03,2,0.5,2.1823
2019-04-04,2,0.5,2.1913
2019-04-08,2,0.5,2.1897
2019-04-09,2,0.5,2.192
2019-04-10,2,0.5,2.2174
2019-04-11,2,0.5,2.2343
2019-04-12,2,0.5,2.28
2019-04-15,2,0.5,2.3094
2019-04-16,2,0.5,2.3223
2019-04-17,2,0.5,2.453
2019-04-18,2,0.5,2.455
2019-04-19,2,0.5,2.4095
2019-04-22,2,0.5,2.3416
2019-04-23,2,0.5,2.3314
2019-04-24,2,0.5,2.3207
2019-04-25,2,0.5,2.3773
2019-04-26,2,0.5,2.3537
2019-04-28,2,0.5,2.3537
2019-04-29,2,0.5,2.3772
2019-04-30,2,0.5,2.3646
2019-05-05,2,0.5,2.3636
2019-05-06,2,0.5,2.3576
2019-05-07,2,0.5,2.3526
2019-05-08,2,0.5,2.3704
2019-05-09,2,0.5,2.3568
2019-05-10,2,0.5,2.4077
2019-05-13,2,0.5,2.4801
2019-05-14,2,0.5,2.4571
2019-05-15,2,0.5,2.4536
2019-05-16,2,0.5,2.43
2019-05-17,2,0.5,2.4688
2019-05-20,2,0.5,2.4207
2019-05-21,2,0.5,2.426
2019-05-22,2,0.5,2.45
2019-05-23,2,0.5,2.4326
2019-05-24,2,0.5,2.4294
2019-05-27,2,0.5,2.4807
2019-05-28,2,0.5,2.5791
2019-05-29,2,0.5,2.5805
2019-05-30,2,0.5,2.5309
2019-05-31,2,0.5,2.5135
2019-06-03,2,0.5,2.485
2019-06-04,2,0.5,2.4503
2019-06-05,2,0.5,2.4394
2019-06-06,2,0.5,2.4702
2019-06-10,2,0.5,2.493
2019-06-11,2,0.5,2.4917
2019-06-12,2,0.5,2.4746
2019-06-13,2,0.5,2.486
2019-06-14,2,0.5,2.5298
2019-06-17,2,0.5,2.5805
2019-06-18,2,0.5,2.5258
2019-06-19,2,0.5,2.5015
2019-06-20,2,0.5,2.4556
2019-06-21,2,0.5,2.4072
2019-06-24,2,0.5,2.415
2019-06-25,2,0.5,2.4094
2019-06-26,2,0.5,2.3982
2019-06-27,2,0.5,2.3948
2019-06-28,2,0.5,2.3893
2019-07-01,2,0.5,2.3466
2019-07-02,2,0.5,2.3291
2019-07-03,2,0.5,2.2764
2019-07-04,2,0.5,2.2359
2019-07-05,2,0.5,2.2362
2019-07-08,2,0.5,2.2165
2019-07-09,2,0.5,2.2529
2019-07-10,2,0.5,2.2858
2019-07-11,2,0.5,2.2674
2019-07-12,2,0.5,2.2732
2019-07-15,2,0.5,2.2757
2019-07-16,2,0.5,2.2749
2019-07-17,2,0.5,2.3046
2019-07-18,2,0.5,2.3056
2019-07-19,2,0.5,2.2967
2019-07-22,2,0.5,2.311
2019-07-23,2,0.5,2.3121
2019-07-24,2,0.5,2.3078
2019-07-25,2,0.5,2.3155
2019-07-26,2,0.5,2.3313
2019-07-29,2,0.5,2.3131
2019-07-30,2,0.5,2.296
2019-07-31,2,0.5,2.3269
2019-08-01,2,0.5,2.3474
2019-08-02,2,0.5,2.3231
2019-08-05,2,0.5,2.348
2019-08-06,2,0.5,2.3621
2019-08-07,2,0.5,2.37
2019-08-08,2,0.5,2.3711
2019-08-09,2,0.5,2.3852
2019-08-12,2,0.5,2.4064
2019-08-13,2,0.5,2.4134
2019-08-14,2,0.5,2.4424
2019-08-15,2,0.5,2.4421
2019-08-16,2,0.5,2.4517
2019-08-19,2,0.5,2.449
2019-08-20,2,0.5,2.4688
2019-08-21,2,0.5,2.5184
2019-08-22,2,0.5,2.5155
2019-08-23,2,0.5,2.5193
2019-08-26,2,0.5,2.547
2019-08-27,2,0.5,2.5687
2019-08-28,2,0.5,2.5793
2019-08-29,2,0.5,2.5751
2019-08-30,2,0.5,2.556
2019-09-02,2,0.5,2.5537
2019-09-03,2,0.5,2.5547
2019-09-04,2,0.5,2.5408
2019-09-05,2,0.5,2.5271
2019-09-06,2,0.5,2.4558
2019-09-09,2,0.5,2.4715
2019-09-10,2,0.5,2.4626
2019-09-11,2,0.5,2.4924
2019-09-12,2,0.5,2.4939
2019-09-16,2,0.5,2.4848
2019-09-17,2,0.5,2.4884
2019-09-18,2,0.5,2.5008
2019-09-19,2,0.5,2.5075
2019-09-20,2,0.5,2.503
2019-09-23,2,0.5,2.5055
2019-09-24,2,0.5,2.4939
2019-09-25,2,0.5,2.4967
2019-09-26,2,0.5,2.5085
2019-09-27,2,0.5,2.4801
2019-09-29,2,0.5,2.4322
2019-09-30,2,0.5,2.428
2019-10-08,2,0.5,2.4279
2019-10-09,2,0.5,2.4163
2019-10-10,2,0.5,2.416
2019-10-11,2,0.5,2.4341
2019-10-12,2,0.5,2.4408
2019-10-14,2,0.5,2.4769
2019-10-15,2,0.5,2.4654
2019-10-16,2,0.5,2.4831
2019-10-17,2,0.5,2.5033
2019-10-18,2,0.5,2.5048
2019-10-21,2,0.5,2.5093
2019-10-22,2,0.5,2.5277
2019-10-23,2,0.5,2.5304
2019-10-24,2,0.5,2.5281
2019-10-25,2,0.5,2.5525
2019-10-28,2,0.5,2.5762
2019-10-29,2,0.5,2.5876
2019-10-30,2,0.5,2.6113
2019-10-31,2,0.5,2.6128
2019-11-01,2,0.5,2.6257
2019-11-04,2,0.5,2.6181
2019-11-05,2,0.5,2.5986
2019-11-06,2,0.5,2.6117
2019-11-07,2,0.5,2.6234
2019-11-08,2,0.5,2.5607
2019-11-11,2,0.5,2.5444
2019-11-12,2,0.5,2.558
2019-11-13,2,0.5,2.6388
2019-11-14,2,0.5,2.6511
2019-11-15,2,0.5,2.6508
2019-11-18,2,0.5,2.6067
2019-11-19,2,0.5,2.5901
2019-11-20,2,0.5,2.5884
2019-11-21,2,0.5,2.56
2019-11-22,2,0.5,2.5614
2019-11-25,2,0.5,2.5533
2019-11-26,2,0.5,2.5519
2019-11-27,2,0.5,2.5477
2019-11-28,2,0.5,2.5413
2019-11-29,2,0.5,2.5323
2019-12-02,2,0.5,2.5495
2019-12-03,2,0.5,2.5645
2019-12-04,2,0.5,2.5404
2019-12-05,2,0.5,2.5465
2019-12-06,2,0.5,2.5536
2019-12-09,2,0.5,2.569
2019-12-10,2,0.5,2.5608
2019-12-11,2,0.5,2.5658
2019-12-12,2,0.5,2.5644
2019-12-13,2,0.5,2.5596
2019-12-16,2,0.5,2.5255
2019-12-17,2,0.5,2.5349
2019-12-18,2,0.5,2.552
2019-12-19,2,0.5,2.5137
2019-12-20,2,0.5,2.5099
2019-12-23,2,0.5,2.49
2019-12-24,2,0.5,2.3781
2019-12-25,2,0.5,2.3431
2019-12-26,2,0.5,2.2559
2019-12-27,2,0.5,2.168
2019-12-30,2,0.5,2.1268
2019-12-31,2,0.5,2.166
2020-01-02,2,0.5,2.1097
2020-01-03,2,0.5,2.0589
2020-01-06,2,0.5,2.1059
2020-01-07,2,0.5,2.1046
2020-01-08,2,0.5,2.0649
2020-01-09,2,0.5,2.1237
2020-01-10,2,0.5,2.1143
2020-01-13,2,0.5,2.1303
2020-01-14,2,0.5,2.1421
2020-01-15,2,0.5,2.1893
2020-01-16,2,0.5,2.2064
2020-01-17,2,0.5,2.2114
2020-01-19,2,0.5,2.2064
2020-01-20,2,0.5,2.1742
2020-01-21,2,0.5,2.1054
2020-01-22,2,0.5,2.0872
2020-01-23,2,0.5,2.0783
2020-02-03,2,0.5,1.8217
2020-02-04,2,0.5,1.763
2020-02-05,2,0.5,1.7667
2020-02-06,2,0.5,1.7667
2020-02-07,2,0.5,1.68
2020-02-10,2,0.5,1.6641
2020-02-11,2,0.5,1.684
2020-02-12,2,0.5,1.7046
2020-02-13,2,0.5,1.7366
2020-02-14,2,0.5,1.7977
2020-02-17,2,0.5,1.815
2020-02-18,2,0.5,1.8151
2020-02-19,2,0.5,1.7999
2020-02-20,2,0.5,1.8093
2020-02-21,2,0.5,1.8031
2020-02-24,2,0.5,1.8174
2020-02-25,2,0.5,1.8401
2020-02-26,2,0.5,1.8488
2020-02-27,2,0.5,1.8922
2020-02-28,2,0.5,1.8894
2020-03-02,2,0.5,1.8871
2020-03-03,2,0.5,1.8671
2020-03-04,2,0.5,1.8522
2020-03-05,2,0.5,1.8476
2020-03-06,2,0.5,1.75
2020-03-09,2,0.5,1.6903
2020-03-10,2,0.5,1.6991
2020-03-11,2,0.5,1.7211
2020-03-12,2,0.5,1.7625
2020-03-13,2,0.5,1.7953
2020-03-16,2,0.5,1.7573
2020-03-17,2,0.5,1.7622
2020-03-18,2,0.5,1.7673
2020-03-19,2,0.5,1.7607
2020-03-20,2,0.5,1.7049
2020-03-23,2,0.5,1.6749
2020-03-24,2,0.5,1.6348
2020-03-25,2,0.5,1.6288
2020-03-26,2,0.5,1.5773
2020-03-27,2,0.5,1.5273
2020-03-30,2,0.5,1.4777
2020-03-31,2,0.5,1.4282
2020-04-01,2,0.5,1.4282
2020-04-02,2,0.5,1.3827
2020-04-03,2,0.5,1.32
2020-04-07,2,0.5,1.1
2020-04-08,2,0.5,1.06
2020-04-09,2,0.5,1.0806
2020-04-10,2,0.5,1.1101
2020-04-13,2,0.5,1.1164
2020-04-14,2,0.5,1.1328
2020-04-15,2,0.5,1.1271
2020-04-16,2,0.5,1.0907
2020-04-17,2,0.5,1.0987
2020-04-20,2,0.5,1.0675
2020-04-21,2,0.5,1.0318
2020-04-22,2,0.5,1.0272
2020-04-23,2,0.5,1.0129
2020-04-24,2,0.5,1.0165
2020-04-26,2,0.5,1.0192
2020-04-27,2,0.5,1.0088
2020-04-28,2,0.5,0.9938
2020-04-29,2,0.5,0.9692
2020-04-30,2,0.5,0.9978
2020-05-06,2,0.5,1.0121
2020-05-07,2,0.5,1.0774
2020-05-08,2,0.5,1.05
2020-05-09,2,0.5,1.0618
2020-05-11,2,0.5,1.0829
2020-05-12,2,0.5,1.0707
2020-05-13,2,0.5,1.1281
2020-05-14,2,0.5,1.1552
2020-05-15,2,0.5,1.157
2020-05-18,2,0.5,1.1701
2020-05-19,2,0.5,1.2016
2020-05-20,2,0.5,1.2378
2020-05-21,2,0.5,1.2465
2020-05-22,2,0.5,1.3009
2020-05-25,2,0.5,1.3261
2020-05-26,2,0.5,1.3604
2020-05-27,2,0.5,1.5046
2020-05-28,2,0.5,1.5134
2020-05-29,2,0.5,1.5542
2020-06-01,2,0.5,1.5543
2020-06-02,2,0.5,1.6133
2020-06-03,2,0.5,1.8133
2020-06-04,2,0.5,1.9133
2020-06-05,2,0.5,2.0179
2020-06-08,2,0.5,1.9905
2020-06-09,2,0.5,1.9766
2020-06-10,2,0.5,2.0009
2020-06-11,2,0.5,1.9584
2020-06-12,2,0.5,1.8504
2020-06-15,2,0.5,1.8504
2020-06-16,2,0.5,1.9537
2020-06-17,2,0.5,2.1384
2020-06-18,2,0.5,2.1339
2020-06-19,2,0.5,2.1337
2020-06-22,2,0.5,2.1749
2020-06-23,2,0.5,2.1921
2020-06-24,2,0.5,2.1215
2020-06-28,2,0.5,2.1217
2020-06-29,2,0.5,2.0905
2020-06-30,2,0.5,2.071
2020-07-01,2,0.5,2.0579
2020-07-02,2,0.5,2.0599
2020-07-03,2,0.5,2.0487
2020-07-06,2,0.5,2.0792
2020-07-07,2,0.5,2.0785
2020-07-08,2,0.5,2.0868
2020-07-09,2,0.5,2.1284
2020-07-10,2,0.5,2.11
2020-07-13,2,0.5,2.1151
2020-07-14,2,0.5,2.0502
2020-07-15,2,0.5,2.0415
2020-07-16,2,0.5,2.0619
2020-07-17,2,0.5,2.0512
2020-07-20,2,0.5,2.0439
2020-07-21,2,0.5,2.0133
2020-07-22,2,0.5,1.9936
2020-07-23,2,0.5,2.0234
2020-07-24,2,0.5,2.0048
2020-07-27,2,0.5,2.0157
2020-07-28,2,0.5,2.0306
2020-07-29,2,0.5,2.0336
2020-07-30,2,0.5,2.0336
2020-07-31,2,0.5,2.0836
2020-08-03,2,0.5,2.0836
2020-08-04,2,0.5,2.1236
2020-08-05,2,0.5,2.1949
2020-08-06,2,0.5,2.2052
2020-08-07,2,0.5,2.2092
2020-08-10,2,0.5,2.2092
2020-08-11,2,0.5,2.195
2020-08-12,2,0.5,2.235
2020-08-13,2,0.5,2.2458
2020-08-14,2,0.5,2.2968
2020-08-17,2,0.5,2.2891
2020-08-18,2,0.5,2.2909
2020-08-19,2,0.5,2.3897
2020-08-20,2,0.5,2.4698
2020-08-21,2,0.5,2.4829
2020-08-24,2,0.5,2.4987
2020-08-25,2,0.5,2.5192
2020-08-26,2,0.5,2.5199
2020-08-27,2,0.5,2.5199
2020-08-28,2,0.5,2.5043
2020-08-31,2,0.5,2.5297
2020-09-01,2,0.5,2.5199
2020-09-02,2,0.5,2.5359
2020-09-03,2,0.5,2.5359
2020-09-04,2,0.5,2.5459
2020-09-07,2,0.5,2.5909
2020-09-08,2,0.5,2.58
2020-09-09,2,0.5,2.6549
2020-09-10,2,0.5,2.6
2020-09-11,2,0.5,2.6005
2020-09-14,2,0.5,2.5999
2020-09-15,2,0.5,2.5722
2020-09-16,2,0.5,2.5683
2020-09-17,2,0.5,2.577
2020-09-18,2,0.5,2.5771
2020-09-21,2,0.5,2.5618
2020-09-22,2,0.5,2.5449
2020-09-23,2,0.5,2.5436
2020-09-24,2,0.5,2.5515
2020-09-25,2,0.5,2.5514
2020-09-27,2,0.5,2.5451
2020-09-28,2,0.5,2.5499
2020-09-29,2,0.5,2.5875
2020-09-30,2,0.5,2.5832
2020-10-09,2,0.5,2.5842
2020-10-10,2,0.5,2.5843
2020-10-12,2,0.5,2.6309
2020-10-13,2,0.5,2.6402
2020-10-14,2,0.5,2.6819
2020-10-15,2,0.5,2.6818
2020-10-16,2,0.5,2.6719
2020-10-19,2,0.5,2.6715
2020-10-20,2,0.5,2.6713
2020-10-21,2,0.5,2.6658
2020-10-22,2,0.5,2.6646
2020-10-23,2,0.5,2.6704
2020-10-26,2,0.5,2.6694
2020-10-27,2,0.5,2.7062
2020-10-28,2,0.5,2.7705
2020-10-29,2,0.5,2.7506
2020-10-30,2,0.5,2.7654
2020-11-02,2,0.5,2.7603
2020-11-03,2,0.5,2.7207
2020-11-04,2,0.5,2.7205
2020-11-05,2,0.5,2.7301
2020-11-06,2,0.5,2.7407
2020-11-09,2,0.5,2.7499
2020-11-10,2,0.5,2.7356
2020-11-11,2,0.5,2.7806
2020-11-12,2,0.5,2.81
2020-11-13,2,0.5,2.8397
2020-11-16,2,0.5,2.81
2020-11-17,2,0.5,2.815
2020-11-18,2,0.5,2.8473
2020-11-19,2,0.5,2.8638
2020-11-20,2,0.5,3.0001
2020-11-23,2,0.5,2.9524
2020-11-24,2,0.5,2.9721
2020-11-25,2,0.5,2.9777
2020-11-26,2,0.5,2.9629
2020-11-27,2,0.5,2.9481
2020-11-30,2,0.5,2.8697
2020-12-01,2,0.5,2.8007
2020-12-02,2,0.5,2.8204
2020-12-03,2,0.5,2.8401
2020-12-04,2,0.5,2.8534
2020-12-07,2,0.5,2.8308
2020-12-08,2,0.5,2.8118
2020-12-09,2,0.5,2.782
2020-12-10,2,0.5,2.7438
2020-12-11,2,0.5,2.7887
2020-12-14,2,0.5,2.7669
2020-12-15,2,0.5,2.737
2020-12-16,2,0.5,2.7044
2020-12-17,2,0.5,2.6709
2020-12-18,2,0.5,2.6659
2020-12-21,2,0.5,2.6361
2020-12-22,2,0.5,2.5878
2020-12-23,2,0.5,2.5719
2020-12-24,2,0.5,2.5507
2020-12-25,2,0.5,2.5537
2020-12-28,2,0.5,2.5504
2020-12-29,2,0.5,2.5008
2020-12-30,2,0.5,2.4965
2020-12-31,2,0.5,2.417
2021-01-04,2,0.5,2.3508
2021-01-05,2,0.5,2.3329
2021-01-06,2,0.5,2.2273
2021-01-07,2,0.5,2.1979
2021-01-08,2,0.5,2.1559
2021-01-11,2,0.5,2.1061
2021-01-12,2,0.5,2.1188
2021-01-13,2,0.5,2.0707
2021-01-14,2,0.5,2.0338
2021-01-15,2,0.5,2.0554
2021-01-18,2,0.5,2.1138
2021-01-19,2,0.5,2.1587
2021-01-20,2,0.5,2.1633
2021-01-21,2,0.5,2.144
2021-01-22,2,0.5,2.1242
2021-01-25,2,0.5,2.1378
2021-01-26,2,0.5,2.2463
2021-01-27,2,0.5,2.3402
2021-01-28,2,0.5,2.5382
2021-01-29,2,0.5,2.5099
2021-02-01,2,0.5,2.409
2021-02-02,2,0.5,2.3859
2021-02-03,2,0.5,2.4154
2021-02-04,2,0.5,2.462
2021-02-05,2,0.5,2.4747
2021-02-07,2,0.5,2.4655
2021-02-08,2,0.5,2.465
2021-02-09,2,0.5,2.3525
2021-02-10,2,0.5,2.3525
2021-02-18,2,0.5,2.3662
2021-02-19,2,0.5,2.3168
2021-02-20,2,0.5,2.2772
2021-02-22,2,0.5,2.2723
2021-02-23,2,0.5,2.2685
2021-02-24,2,0.5,2.2326
2021-02-25,2,0.5,2.2239
2021-02-26,2,0.5,2.2383
2021-03-01,2,0.5,2.2347
2021-03-02,2,0.5,2.2777
2021-03-03,2,0.5,2.2972
2021-03-04,2,0.5,2.2972
2021-03-05,2,0.5,2.1785
2021-03-08,2,0.5,2.2778
2021-03-09,2,0.5,2.2897
2021-03-10,2,0.5,2.3089
2021-03-11,2,0.5,2.322
2021-03-12,2,0.5,2.3559
2021-03-15,2,0.5,2.3562
2021-03-16,2,0.5,2.3589
2021-03-17,2,0.5,2.3309
2021-03-18,2,0.5,2.332
2021-03-19,2,0.5,2.3297
2021-03-22,2,0.5,2.3525
2021-03-23,2,0.5,2.3661
2021-03-24,2,0.5,2.3428
2021-03-25,2,0.5,2.3378
2021-03-26,2,0.5,2.3091
2021-03-29,2,0.5,2.3068
2021-03-30,2,0.5,2.288
2021-03-31,2,0.5,2.2711
2021-04-01,2,0.5,2.2514
2021-04-02,2,0.5,2.1723
2021-04-06,2,0.5,2.1987
2021-04-07,2,0.5,2.1972
2021-04-08,2,0.5,2.1779
2021-04-09,2,0.5,2.2274
2021-04-12,2,0.5,2.2126
2021-04-13,2,0.5,2.1625
2021-04-14,2,0.5,2.1724
2021-04-15,2,0.5,2.1625
2021-04-16,2,0.5,2.1515
2021-04-19,2,0.5,2.127
2021-04-20,2,0.5,2.1246
2021-04-21,2,0.5,2.096
2021-04-22,2,0.5,2.0866
2021-04-23,2,0.5,2.0864
2021-04-25,2,0.5,2.0826
2021-04-26,2,0.5,2.0871
2021-04-27,2,0.5,2.0798
2021-04-28,2,0.5,2.0623
2021-04-29,2,0.5,2.0348
2021-04-30,2,0.5,2.0329
2021-05-06,2,0.5,2.0358
2021-05-07,2,0.5,2.0055
2021-05-08,2,0.5,2.0095
2021-05-10,2,0.5,2.0094
2021-05-11,2,0.5,2.016
2021-05-12,2,0.5,2.0201
2021-05-13,2,0.5,2.0388
2021-05-14,2,0.5,2.0527
2021-05-17,2,0.5,2.0892
2021-05-18,2,0.5,2.1066
2021-05-19,2,0.5,2.1052
2021-05-20,2,0.5,2.1117
2021-05-21,2,0.5,2.0886
2021-05-24,2,0.5,2.0965
2021-05-25,2,0.5,2.0984
2021-05-26,2,0.5,2.0899
2021-05-27,2,0.5,2.0908
2021-05-28,2,0.5,2.0955
2021-05-31,2,0.5,2.1014
2021-06-01,2,0.5,2.0821
2021-06-02,2,0.5,2.0804
2021-06-03,2,0.5,2.0428
2021-06-04,2,0.5,2.0587
2021-06-07,2,0.5,2.0955
2021-06-08,2,0.5,2.1049
2021-06-09,2,0.5,2.1357
2021-06-10,2,0.5,2.1097
2021-06-11,2,0.5,2.1444
2021-06-15,2,0.5,2.1423
2021-06-16,2,0.5,2.1562
2021-06-17,2,0.5,2.1902
2021-06-18,2,0.5,2.1878
2021-06-21,2,0.5,2.1873
2021-06-22,2,0.5,2.189
2021-06-23,2,0.5,2.1793
2021-06-24,2,0.5,2.1829
2021-06-25,2,0.5,2.1736
2021-06-28,2,0.5,2.1784
2021-06-29,2,0.5,2.2273
2021-06-30,2,0.5,2.2039
2021-07-01,2,0.5,2.1915
2021-07-02,2,0.5,2.1826
2021-07-05,2,0.5,2.1365
2021-07-06,2,0.5,2.1366
2021-07-07,2,0.5,2.1037
2021-07-08,2,0.5,2.0488
2021-07-09,2,0.5,2.0502
2021-07-12,2,0.5,1.9799
2021-07-13,2,0.5,1.977
2021-07-14,2,0.5,1.9781
2021-07-15,2,0.5,1.9813
2021-07-16,2,0.5,1.9448
2021-07-19,2,0.5,1.918
2021-07-20,2,0.5,1.8978
2021-07-21,2,0.5,1.9324
2021-07-22,2,0.5,1.9505
2021-07-23,2,0.5,1.9505
2021-07-26,2,0.5,1.9504
2021-07-27,2,0.5,1.96
2021-07-28,2,0.5,1.99
2021-07-29,2,0.5,1.9802
2021-07-30,2,0.5,1.96
2021-08-02,2,0.5,1.9494
2021-08-03,2,0.5,1.935
2021-08-04,2,0.5,1.9588
2021-08-05,2,0.5,1.9595
2021-08-06,2,0.5,1.9593
2021-08-09,2,0.5,1.9792
2021-08-10,2,0.5,1.9746
2021-08-11,2,0.5,1.9883
2021-08-12,2,0.5,1.9952
2021-08-13,2,0.5,1.9901
2021-08-16,2,0.5,1.979
2021-08-17,2,0.5,1.9857
2021-08-18,2,0.5,1.9429
2021-08-19,2,0.5,1.9429
2021-08-20,2,0.5,1.9488
2021-08-23,2,0.5,1.9691
2021-08-24,2,0.5,1.9704
2021-08-25,2,0.5,2.0397
2021-08-26,2,0.5,2.0694
2021-08-27,2,0.5,2.0699
2021-08-30,2,0.5,2.08
2021-08-31,2,0.5,2.0791
2021-09-01,2,0.5,2.0792
2021-09-02,2,0.5,2.089
2021-09-03,2,0.5,2.0891
2021-09-06,2,0.5,2.0964
2021-09-07,2,0.5,2.1486
2021-09-08,2,0.5,2.2078
2021-09-09,2,0.5,2.2136
2021-09-10,2,0.5,2.2325
2021-09-13,2,0.5,2.25
2021-09-14,2,0.5,2.2813
2021-09-15,2,0.5,2.2827
2021-09-16,2,0.5,2.2871
2021-09-17,2,0.5,2.2918
2021-09-18,2,0.5,2.2783
2021-09-22,2,0.5,2.2719
2021-09-23,2,0.5,2.2787
2021-09-24,2,0.5,2.2805
2021-09-26,2,0.5,2.2747
2021-09-27,2,0.5,2.2789
2021-09-28,2,0.5,2.2785
2021-09-29,2,0.5,2.2789
2021-09-30,2,0.5,2.1878
2021-10-08,2,0.5,2.1886
2021-10-09,2,0.5,2.2104
2021-10-11,2,0.5,2.2178
2021-10-12,2,0.5,2.2182
2021-10-13,2,0.5,2.2311
2021-10-14,2,0.5,2.2409
2021-10-15,2,0.5,2.2459
2021-10-18,2,0.5,2.2805
2021-10-19,2,0.5,2.2575
2021-10-20,2,0.5,2.2323
2021-10-21,2,0.5,2.2574
2021-10-22,2,0.5,2.2573
2021-10-25,2,0.5,2.2573
2021-10-26,2,0.5,2.2474
2021-10-27,2,0.5,2.3166
2021-10-28,2,0.5,2.3264
2021-10-29,2,0.5,2.3459
2021-11-01,2,0.5,2.3358
2021-11-02,2,0.5,2.3257
2021-11-03,2,0.5,2.3158
2021-11-04,2,0.5,2.2965
2021-11-05,2,0.5,2.296
2021-11-08,2,0.5,2.2953
2021-11-09,2,0.5,2.3363
2021-11-10,2,0.5,2.3362
2021-11-11,2,0.5,2.3263
2021-11-12,2,0.5,2.3261
2021-11-15,2,0.5,2.3157
2021-11-16,2,0.5,2.2863
2021-11-17,2,0.5,2.2865
2021-11-18,2,0.5,2.2861
2021-11-19,2,0.5,2.2857
2021-11-22,2,0.5,2.2847
2021-11-23,2,0.5,2.2703
2021-11-24,2,0.5,2.2597
2021-11-25,2,0.5,2.2622
2021-11-26,2,0.5,2.2523
2021-11-29,2,0.5,2.2715
2021-11-30,2,0.5,2.2804
2021-12-01,2,0.5,2.2672
2021-12-02,2,0.5,2.2721
2021-12-03,2,0.5,2.2721
2021-12-06,2,0.5,2.2564
2021-12-07,2,0.5,2.2569
2021-12-08,2,0.5,2.3215
2021-12-09,2,0.5,2.336
2021-12-10,2,0.5,2.3408
2021-12-13,2,0.5,2.3407
2021-12-14,2,0.5,2.3453
2021-12-15,2,0.5,2.3502
2021-12-16,2,0.5,2.3379
2021-12-17,2,0.5,2.3308
2021-12-20,2,0.5,2.3554
2021-12-21,2,0.5,2.3848
2021-12-22,2,0.5,2.384
2021-12-23,2,0.5,2.3356
2021-12-24,2,0.5,2.3455
2021-12-27,2,0.5,2.345
2021-12-28,2,0.5,2.3443
2021-12-29,2,0.5,2.3165
2021-12-30,2,0.5,2.2671
2021-12-31,2,0.5,2.1448
2022-01-04,2,0.5,2.1593
2022-01-05,2,0.5,2.1521
2022-01-06,2,0.5,2.1547
2022-01-07,2,0.5,2.1434
2022-01-10,2,0.5,2.1287
2022-01-11,2,0.5,2.102
2022-01-12,2,0.5,2.1029
2022-01-13,2,0.5,2.111
2022-01-14,2,0.5,2.1043
2022-01-17,2,0.5,2.0964
2022-01-18,2,0.5,2.0533
2022-01-19,2,0.5,1.9758
2022-01-20,2,0.5,1.9656
2022-01-21,2,0.5,1.8812
2022-01-24,2,0.5,1.8557
2022-01-25,2,0.5,1.8418
2022-01-26,2,0.5,1.8731
2022-01-27,2,0.5,1.8849
2022-01-28,2,0.5,1.8853
2022-01-29,2,0.5,1.8852
2022-01-30,2,0.5,1.8794
2022-02-07,2,0.5,1.8143
2022-02-08,2,0.5,1.8185
2022-02-09,2,0.5,1.8172
2022-02-10,2,0.5,1.7973
2022-02-11,2,0.5,1.791
2022-02-14,2,0.5,1.7855
2022-02-15,2,0.5,1.7743
2022-02-16,2,0.5,1.8812
2022-02-17,2,0.5,1.9109
2022-02-18,2,0.5,1.9307
2022-02-21,2,0.5,1.9505
2022-02-22,2,0.5,1.9586
2022-02-23,2,0.5,1.9518
2022-02-24,2,0.5,1.9764
2022-02-25,2,0.5,1.9703
2022-02-28,2,0.5,1.9901
2022-03-01,2,0.5,1.9928
2022-03-02,2,0.5,2.0037
2022-03-03,2,0.5,2.0344
2022-03-04,2,0.5,2.0254
2022-03-07,2,0.5,1.9919
2022-03-08,2,0.5,1.9628
2022-03-09,2,0.5,2.0238
2022-03-10,2,0.5,2.0349
2022-03-11,2,0.5,2.025
2022-03-14,2,0.5,1.9479
2022-03-15,2,0.5,1.9877
2022-03-16,2,0.5,2.0099
2022-03-17,2,0.5,2.0198
2022-03-18,2,0.5,1.9802
2022-03-21,2,0.5,1.9997
2022-03-22,2,0.5,2.0078
2022-03-23,2,0.5,2.0479
2022-03-24,2,0.5,2.1203
2022-03-25,2,0.5,2.1193
2022-03-28,2,0.5,2.1189
2022-03-29,2,0.5,2.0543
2022-03-30,2,0.5,2.0631
2022-03-31,2,0.5,2.0316
2022-04-01,2,0.5,2.006
2022-04-02,2,0.5,2.0057
2022-04-06,2,0.5,2.0053
2022-04-07,2,0.5,2.0089
2022-04-08,2,0.5,2.0079
2022-04-11,2,0.5,2.0209
2022-04-12,2,0.5,1.9997
2022-04-13,2,0.5,1.9913
2022-04-14,2,0.5,1.9514
2022-04-15,2,0.5,1.9328
2022-04-18,2,0.5,1.9468
2022-04-19,2,0.5,1.9497
2022-04-20,2,0.5,1.9558
2022-04-21,2,0.5,1.9434
2022-04-22,2,0.5,1.9399
2022-04-24,2,0.5,1.9208
2022-04-25,2,0.5,1.8867
2022-04-26,2,0.5,1.8812
2022-04-27,2,0.5,1.8983
2022-04-28,2,0.5,1.9306
2022-04-29,2,0.5,1.8912
2022-05-05,2,0.5,1.8856
2022-05-06,2,0.5,1.8627
2022-05-07,2,0.5,1.8624
2022-05-09,2,0.5,1.8786
2022-05-10,2,0.5,1.8701
2022-05-11,2,0.5,1.9241
2022-05-12,2,0.5,1.9056
2022-05-13,2,0.5,1.877
2022-05-16,2,0.5,1.8325
2022-05-17,2,0.5,1.7842
2022-05-18,2,0.5,1.7825
2022-05-19,2,0.5,1.7955
2022-05-20,2,0.5,1.7864
2022-05-23,2,0.5,1.7201
2022-05-24,2,0.5,1.6888
2022-05-25,2,0.5,1.7513
2022-05-26,2,0.5,1.7317
2022-05-27,2,0.5,1.7247
2022-05-30,2,0.5,1.7277
2022-05-31,2,0.5,1.7259
2022-06-01,2,0.5,1.7221
2022-06-02,2,0.5,1.7455
2022-06-06,2,0.5,1.7798
2022-06-07,2,0.5,1.7886
2022-06-08,2,0.5,1.7766
2022-06-09,2,0.5,1.7803
2022-06-10,2,0.5,1.768
2022-06-13,2,0.5,1.7659
2022-06-14,2,0.5,1.8284
2022-06-15,2,0.5,1.8384
2022-06-16,2,0.5,1.8334
2022-06-17,2,0.5,1.7812
2022-06-20,2,0.5,1.7958
2022-06-21,2,0.5,1.8085
2022-06-22,2,0.5,1.7913
2022-06-23,2,0.5,1.7517
2022-06-24,2,0.5,1.7534
2022-06-27,2,0.5,1.7705
2022-06-28,2,0.5,1.7762
2022-06-29,2,0.5,1.7705
2022-06-30,2,0.5,1.784
2022-07-01,2,0.5,1.7521
2022-07-04,2,0.5,1.7752
2022-07-05,2,0.5,1.8055
2022-07-06,2,0.5,1.7836
2022-07-07,2,0.5,1.7476
2022-07-08,2,0.5,1.7216
2022-07-11,2,0.5,1.6929
2022-07-12,2,0.5,1.6795
2022-07-13,2,0.5,1.6661
2022-07-14,2,0.5,1.6438
2022-07-15,2,0.5,1.6312
2022-07-18,2,0.5,1.6119
2022-07-19,2,0.5,1.5941
2022-07-20,2,0.5,1.6301
2022-07-21,2,0.5,1.6293
2022-07-22,2,0.5,1.6873
2022-07-25,2,0.5,1.689
2022-07-26,2,0.5,1.6699
2022-07-27,2,0.5,1.6622
2022-07-28,2,0.5,1.6785
2022-07-29,2,0.5,1.6494
2022-08-01,2,0.5,1.5839
2022-08-02,2,0.5,1.5392
2022-08-03,2,0.5,1.5387
2022-08-04,2,0.5,1.5242
2022-08-05,2,0.5,1.5414
2022-08-08,2,0.5,1.5474
2022-08-09,2,0.5,1.5693
2022-08-10,2,0.5,1.6155
2022-08-11,2,0.5,1.6553
2022-08-12,2,0.5,1.6545
2022-08-15,2,0.5,1.5952
2022-08-16,2,0.5,1.5737
2022-08-17,2,0.5,1.5963
2022-08-18,2,0.5,1.6006
2022-08-19,2,0.5,1.589
2022-08-22,2,0.5,1.6079
2022-08-23,2,0.5,1.6249
2022-08-24,2,0.5,1.6296
2022-08-25,2,0.5,1.6425
2022-08-26,2,0.5,1.677
2022-08-29,2,0.5,1.673
2022-08-30,2,0.5,1.6512
2022-08-31,2,0.5,1.6562
2022-09-01,2,0.5,1.6561
2022-09-02,2,0.5,1.6585
2022-09-05,2,0.5,1.6406
2022-09-06,2,0.5,1.6346
2022-09-07,2,0.5,1.6467
2022-09-08,2,0.5,1.6594
2022-09-09,2,0.5,1.6506
2022-09-13,2,0.5,1.662
2022-09-14,2,0.5,1.6847
2022-09-15,2,0.5,1.6977
2022-09-16,2,0.5,1.7006
2022-09-19,2,0.5,1.7274
2022-09-20,2,0.5,1.7372
2022-09-21,2,0.5,1.7347
2022-09-22,2,0.5,1.7261
2022-09-23,2,0.5,1.7284
2022-09-26,2,0.5,1.7409
2022-09-27,2,0.5,1.7515
2022-09-28,2,0.5,1.8237
2022-09-29,2,0.5,1.823
2022-09-30,2,0.5,1.8019
2022-10-08,2,0.5,1.7471
2022-10-09,2,0.5,1.7334
2022-10-10,2,0.5,1.6839
2022-10-11,2,0.5,1.6924
2022-10-12,2,0.5,1.698
2022-10-13,2,0.5,1.6612
2022-10-14,2,0.5,1.6774
2022-10-17,2,0.5,1.6683
2022-10-18,2,0.5,1.6777
2022-10-19,2,0.5,1.7034
2022-10-20,2,0.5,1.7031
2022-10-21,2,0.5,1.7281
2022-10-24,2,0.5,1.7425
2022-10-25,2,0.5,1.7524
2022-10-26,2,0.5,1.792
2022-10-27,2,0.5,1.7432
2022-10-28,2,0.5,1.7225
2022-10-31,2,0.5,1.6746
2022-11-01,2,0.5,1.6847
2022-11-02,2,0.5,1.7038
2022-11-03,2,0.5,1.7179
2022-11-04,2,0.5,1.7328
2022-11-07,2,0.5,1.7378
2022-11-08,2,0.5,1.7551
2022-11-09,2,0.5,1.7535
2022-11-10,2,0.5,1.7755
2022-11-11,2,0.5,1.8053
2022-11-14,2,0.5,2.0227
2022-11-15,2,0.5,2.0423
2022-11-16,2,0.5,2.1881
2022-11-17,2,0.5,2.1584
2022-11-18,2,0.5,2.0892
2022-11-21,2,0.5,2.0887
2022-11-22,2,0.5,2.0891
2022-11-23,2,0.5,2.0894
2022-11-24,2,0.5,2.0167
2022-11-25,2,0.5,2.0319
2022-11-28,2,0.5,2.0319
2022-11-29,2,0.5,2.0536
2022-11-30,2,0.5,2.0833
2022-12-01,2,0.5,2.0832
2022-12-02,2,0.5,2.1296
2022-12-05,2,0.5,2.1204
2022-12-06,2,0.5,2.1391
2022-12-07,2,0.5,2.1549
2022-12-08,2,0.5,2.1468
2022-12-09,2,0.5,2.1618
2022-12-12,2,0.5,2.1722
2022-12-13,2,0.5,2.2198
2022-12-14,2,0.5,2.1909
2022-12-15,2,0.5,2.1409
2022-12-16,2,0.5,2.1753
2022-12-19,2,0.5,2.1393
2022-12-20,2,0.5,2.1646
2022-12-21,2,0.5,2.2091
2022-12-22,2,0.5,2.2035
2022-12-23,2,0.5,2.1557
2022-12-26,2,0.5,2.1843
2022-12-27,2,0.5,2.1769
2022-12-28,2,0.5,2.1966
2022-12-29,2,0.5,2.1274
2022-12-30,2,0.5,2.0591
2022-12-31,2,0.5,2.0591
2023-01-03,2,0.5,2.0552
2023-01-04,2,0.5,2.0152
2023-01-05,2,0.5,1.9998
2023-01-06,2,0.5,2.0385
2023-01-09,2,0.5,2.0274
2023-01-10,2,0.5,2.0557
2023-01-11,2,0.5,2.0584
2023-01-12,2,0.5,2.0161
2023-01-13,2,0.5,2.0124
2023-01-16,2,0.5,2.024
2023-01-17,2,0.5,2.0475
2023-01-18,2,0.5,2.1069
2023-01-19,2,0.5,2.1286
2023-01-20,2,0.5,2.0692
2023-01-28,2,0.5,2.0155
2023-01-29,2,0.5,2.0146
2023-01-30,2,0.5,1.97
2023-01-31,2,0.5,1.9617
2023-02-01,2,0.5,2.0111
2023-02-02,2,0.5,2.012
2023-02-03,2,0.5,2.0021
2023-02-06,2,0.5,2.0099
2023-02-07,2,0.5,2.0151
2023-02-08,2,0.5,2.0448
2023-02-09,2,0.5,2.0509
2023-02-10,2,0.5,2.0552
2023-02-13,2,0.5,2.0553
2023-02-14,2,0.5,2.0523
2023-02-15,2,0.5,2.0582
2023-02-16,2,0.5,2.0584
2023-02-17,2,0.5,2.1058
2023-02-20,2,0.5,2.1429
2023-02-21,2,0.5,2.1804
2023-02-22,2,0.5,2.1574
2023-02-23,2,0.5,2.188
2023-02-24,2,0.5,2.188
2023-02-27,2,0.5,2.1894
2023-02-28,2,0.5,2.198
2023-03-01,2,0.5,2.1682
2023-03-02,2,0.5,2.1724
2023-03-03,2,0.5,2.2009
2023-03-06,2,0.5,2.1829
2023-03-07,2,0.5,2.1741
2023-03-08,2,0.5,2.1807
2023-03-09,2,0.5,2.1815
2023-03-10,2,0.5,2.1803
2023-03-13,2,0.5,2.1821
2023-03-14,2,0.5,2.1836
2023-03-15,2,0.5,2.1835
2023-03-16,2,0.5,2.1722
2023-03-17,2,0.5,2.1727
2023-03-20,2,0.5,2.1431
2023-03-21,2,0.5,2.179
2023-03-22,2,0.5,2.1819
2023-03-23,2,0.5,2.1779
2023-03-24,2,0.5,2.1898
2023-03-27,2,0.5,2.1858
2023-03-28,2,0.5,2.1761
2023-03-29,2,0.5,2.1701
2023-03-30,2,0.5,2.1909
2023-03-31,2,0.5,2.0987
2023-04-03,2,0.5,2.0893
2023-04-04,2,0.5,2.051
2023-04-06,2,0.5,2.0498
2023-04-07,2,0.5,2.0423
2023-04-10,2,0.5,2.0508
2023-04-11,2,0.5,2.0524
2023-04-12,2,0.5,2.0362
2023-04-13,2,0.5,2.0347
2023-04-14,2,0.5,2.0142
2023-04-17,2,0.5,2.0323
2023-04-18,2,0.5,2.0134
2023-04-19,2,0.5,2.0119
2023-04-20,2,0.5,2.0175
2023-04-21,2,0.5,2.0225
2023-04-23,2,0.5,2.0256
2023-04-24,2,0.5,2.0122
2023-04-25,2,0.5,2.0016
2023-04-26,2,0.5,2.0412
2023-04-27,2,0.5,2.012
2023-04-28,2,0.5,2.012
2023-05-04,2,0.5,2.0329
2023-05-05,2,0.5,2.0307
2023-05-06,2,0.5,2.0298
2023-05-08,2,0.5,2.0319
2023-05-09,2,0.5,2.0292
2023-05-10,2,0.5,2.0296
2023-05-11,2,0.5,1.9901
2023-05-12,2,0.5,1.9939
2023-05-15,2,0.5,2.0067
2023-05-16,2,0.5,1.9991
2023-05-17,2,0.5,1.9976
2023-05-18,2,0.5,2.0085
2023-05-19,2,0.5,1.9795
2023-05-22,2,0.5,1.9357
2023-05-23,2,0.5,1.8602
2023-05-24,2,0.5,1.8647
2023-05-25,2,0.5,1.8705
2023-05-26,2,0.5,1.8685
2023-05-29,2,0.5,1.8726
2023-05-30,2,0.5,1.872
2023-05-31,2,0.5,1.8456
2023-06-01,2,0.5,1.8414
2023-06-02,2,0.5,1.8405
2023-06-05,2,0.5,1.8161
2023-06-06,2,0.5,1.8043
2023-06-07,2,0.5,1.7993
2023-06-08,2,0.5,1.8073
2023-06-09,2,0.5,1.7762
2023-06-12,2,0.5,1.7805
2023-06-13,2,0.5,1.7752
2023-06-14,2,0.5,1.7504
2023-06-15,2,0.5,1.7761
2023-06-16,2,0.5,1.796
2023-06-19,2,0.5,1.8239
2023-06-20,2,0.5,1.8487
2023-06-21,2,0.5,1.8549
2023-06-25,2,0.5,1.8487
2023-06-26,2,0.5,1.8601
2023-06-27,2,0.5,1.8933
2023-06-28,2,0.5,1.8694
2023-06-29,2,0.5,1.8605
2023-06-30,2,0.5,1.7626
2023-07-03,2,0.5,1.7469
2023-07-04,2,0.5,1.7402
2023-07-05,2,0.5,1.7264
2023-07-06,2,0.5,1.6989
2023-07-07,2,0.5,1.6905
2023-07-10,2,0.5,1.6889
2023-07-11,2,0.5,1.6559
2023-07-12,2,0.5,1.723
2023-07-13,2,0.5,1.7662
2023-07-14,2,0.5,1.7847
2023-07-17,2,0.5,1.7714
2023-07-18,2,0.5,1.7714
2023-07-19,2,0.5,1.8313
2023-07-20,2,0.5,1.8113
2023-07-21,2,0.5,1.8061
2023-07-24,2,0.5,1.8001
2023-07-25,2,0.5,1.8393
2023-07-26,2,0.5,1.8867
2023-07-27,2,0.5,1.8465
2023-07-28,2,0.5,1.8365
2023-07-31,2,0.5,1.7784
2023-08-01,2,0.5,1.7764
2023-08-02,2,0.5,1.7654
2023-08-03,2,0.5,1.758
2023-08-04,2,0.5,1.7579
2023-08-07,2,0.5,1.7509
2023-08-08,2,0.5,1.7525
2023-08-09,2,0.5,1.8112
2023-08-10,2,0.5,1.8211
2023-08-11,2,0.5,1.8104
2023-08-14,2,0.5,1.7892
2023-08-15,2,0.5,1.7881
2023-08-16,2,0.5,1.7873
2023-08-17,2,0.5,1.7875
2023-08-18,2,0.5,1.806
2023-08-21,2,0.5,1.826
2023-08-22,2,0.5,1.8154
2023-08-23,2,0.5,1.8217
2023-08-24,2,0.5,1.8148
2023-08-25,2,0.5,1.8272
2023-08-28,2,0.5,1.9033
2023-08-29,2,0.5,1.9861
2023-08-30,2,0.5,1.9702
2023-08-31,2,0.5,1.901
2023-09-01,2,0.5,1.9501
2023-09-04,2,0.5,1.9698
2023-09-05,2,0.5,1.9492
2023-09-06,2,0.5,1.9997
2023-09-07,2,0.5,2.0491
2023-09-08,2,0.5,2.0589
2023-09-11,2,0.5,2.0902
2023-09-12,2,0.5,2.0827
2023-09-13,2,0.5,2.0712
2023-09-14,2,0.5,2.0792
2023-09-15,2,0.5,2.086
2023-09-18,2,0.5,2.1056
2023-09-19,2,0.5,2.1107
2023-09-20,2,0.5,2.1317
2023-09-21,2,0.5,2.1198
2023-09-22,2,0.5,2.157
2023-09-25,2,0.5,2.1638
2023-09-26,2,0.5,2.2538
2023-09-27,2,0.5,2.2759
2023-09-28,2,0.5,2.1878
2023-10-07,2,0.5,2.0795
2023-10-08,2,0.5,2.0544
2023-10-09,2,0.5,2.0988
2023-10-10,2,0.5,2.1485
2023-10-11,2,0.5,2.1817
2023-10-12,2,0.5,2.1724
2023-10-13,2,0.5,2.1675
2023-10-16,2,0.5,2.1772
2023-10-17,2,0.5,2.1866
2023-10-18,2,0.5,2.2155
2023-10-19,2,0.5,2.2562
2023-10-20,2,0.5,2.2759
2023-10-23,2,0.5,2.2561
2023-10-24,2,0.5,2.2842
2023-10-25,2,0.5,2.3459
2023-10-26,2,0.5,2.3654
2023-10-27,2,0.5,2.3649
2023-10-30,2,0.5,2.3443
2023-10-31,2,0.5,2.344
2023-11-01,2,0.5,2.3705
2023-11-02,2,0.5,2.3257
2023-11-03,2,0.5,2.3155
2023-11-06,2,0.5,2.3143
2023-11-07,2,0.5,2.334
2023-11-08,2,0.5,2.3445
2023-11-09,2,0.5,2.3434
2023-11-10,2,0.5,2.353
2023-11-13,2,0.5,2.3417
2023-11-14,2,0.5,2.3361
2023-11-15,2,0.5,2.3508
2023-11-16,2,0.5,2.3507
2023-11-17,2,0.5,2.3455
2023-11-20,2,0.5,2.3495
2023-11-21,2,0.5,2.364
2023-11-22,2,0.5,2.3906
2023-11-23,2,0.5,2.4051
2023-11-24,2,0.5,2.4051
2023-11-27,2,0.5,2.4243
2023-11-28,2,0.5,2.4245
2023-11-29,2,0.5,2.4228
2023-11-30,2,0.5,2.3468
2023-12-01,2,0.5,2.3565
2023-12-04,2,0.5,2.4184
2023-12-05,2,0.5,2.4332
2023-12-06,2,0.5,2.4745
2023-12-07,2,0.5,2.4547
2023-12-08,2,0.5,2.4444
2023-12-11,2,0.5,2.4395
2023-12-12,2,0.5,2.4441
2023-12-13,2,0.5,2.3898
2023-12-14,2,0.5,2.365
2023-12-15,2,0.5,2.3159
2023-12-18,2,0.5,2.2753
2023-12-19,2,0.5,2.2685
2023-12-20,2,0.5,2.2716
2023-12-21,2,0.5,2.2573
2023-12-22,2,0.5,2.2291
2023-12-25,2,0.5,2.2146
2023-12-26,2,0.5,2.1485
2023-12-27,2,0.5,2.0891
2023-12-28,2,0.5,2.0495
2023-12-29,2,0.5,2.0495
2023-12-31,2,0.5,2.0495
2024-01-02,2,0.5,2.0713
2024-01-03,2,0.5,2.0889
2024-01-04,2,0.5,2.1101
2024-01-05,2,0.5,2.0708
2024-01-08,2,0.5,2.0577
2024-01-09,2,0.5,2.0783
2024-01-10,2,0.5,2.0693
2024-01-11,2,0.5,2.0684
2024-01-12,2,0.5,2.0683
2024-01-15,2,0.5,2.0594
2024-01-16,2,0.5,2.0693
2024-01-17,2,0.5,2.0643
2024-01-18,2,0.5,2.0594
2024-01-19,2,0.5,2.0383
2024-01-22,2,0.5,2.0304
2024-01-23,2,0.5,2.0279
2024-01-24,2,0.5,2.0172
2024-01-25,2,0.5,1.9863
2024-01-26,2,0.5,1.9767
2024-01-29,2,0.5,1.9404
2024-01-30,2,0.5,1.8639
2024-01-31,2,0.5,1.862
2024-02-01,2,0.5,1.8487
2024-02-02,2,0.5,1.8695
2024-02-04,2,0.5,1.8651
2024-02-05,2,0.5,1.836
2024-02-06,2,0.5,1.8433
2024-02-07,2,0.5,1.8426
2024-02-08,2,0.5,1.8456
2024-02-09,2,0.5,1.8396
2024-02-18,2,0.5,1.8508
2024-02-19,2,0.5,1.8691
2024-02-20,2,0.5,1.7857
2024-02-21,2,0.5,1.7421
2024-02-22,2,0.5,1.7365
2024-02-23,2,0.5,1.7141
2024-02-26,2,0.5,1.7056
2024-02-27,2,0.5,1.6716
2024-02-28,2,0.5,1.6959
2024-02-29,2,0.5,1.6867
2024-03-01,2,0.5,1.6815
2024-03-04,2,0.5,1.6575
2024-03-05,2,0.5,1.6945
2024-03-06,2,0.5,1.6955
2024-03-07,2,0.5,1.646
2024-03-08,2,0.5,1.6572
2024-03-11,2,0.5,1.6586
2024-03-12,2,0.5,1.6604
2024-03-13,2,0.5,1.6692
2024-03-14,2,0.5,1.6898
2024-03-15,2,0.5,1.6836
2024-03-18,2,0.5,1.6743
2024-03-19,2,0.5,1.6802
2024-03-20,2,0.5,1.6765
2024-03-21,2,0.5,1.6933
2024-03-22,2,0.5,1.6881
2024-03-25,2,0.5,1.7001
2024-03-26,2,0.5,1.6759
2024-03-27,2,0.5,1.661
2024-03-28,2,0.5,1.6616
2024-03-29,2,0.5,1.6523
2024-04-01,2,0.5,1.6396
2024-04-02,2,0.5,1.6262
2024-04-03,2,0.5,1.6183
2024-04-07,2,0.5,1.6124
2024-04-08,2,0.5,1.5925
2024-04-09,2,0.5,1.5786
2024-04-10,2,0.5,1.6083
2024-04-11,2,0.5,1.602
2024-04-12,2,0.5,1.5988
2024-04-15,2,0.5,1.5987
2024-04-16,2,0.5,1.6091
2024-04-17,2,0.5,1.6317
2024-04-18,2,0.5,1.6251
2024-04-19,2,0.5,1.6265
2024-04-22,2,0.5,1.6166
2024-04-23,2,0.5,1.6086
2024-04-24,2,0.5,1.6531
2024-04-25,2,0.5,1.6529
2024-04-26,2,0.5,1.653
2024-04-28,2,0.5,1.6532
2024-04-29,2,0.5,1.6558
2024-04-30,2,0.5,1.6527
2024-05-06,2,0.5,1.6516
2024-05-07,2,0.5,1.6606
2024-05-08,2,0.5,1.6798
2024-05-09,2,0.5,1.6604
2024-05-10,2,0.5,1.6596
2024-05-11,2,0.5,1.6576
2024-05-13,2,0.5,1.6108
2024-05-14,2,0.5,1.5774
2024-05-15,2,0.5,1.5937
2024-05-16,2,0.5,1.5842
2024-05-17,2,0.5,1.5961
2024-05-20,2,0.5,1.5568
2024-05-21,2,0.5,1.5679
2024-05-22,2,0.5,1.565
2024-05-23,2,0.5,1.5622
2024-05-24,2,0.5,1.5761
2024-05-27,2,0.5,1.6036
2024-05-28,2,0.5,1.5984
2024-05-29,2,0.5,1.5973
2024-05-30,2,0.5,1.5975
2024-05-31,2,0.5,1.6035
2024-06-03,2,0.5,1.5794
2024-06-04,2,0.5,1.5732
2024-06-05,2,0.5,1.5593
2024-06-06,2,0.5,1.5388
2024-06-07,2,0.5,1.5338
2024-06-11,2,0.5,1.5404
2024-06-12,2,0.5,1.547
2024-06-13,2,0.5,1.5643
2024-06-14,2,0.5,1.5673
2024-06-17,2,0.5,1.5663
2024-06-18,2,0.5,1.5571
2024-06-19,2,0.5,1.5577
2024-06-20,2,0.5,1.5485
2024-06-21,2,0.5,1.5386
2024-06-24,2,0.5,1.5332
2024-06-25,2,0.5,1.4812
2024-06-26,2,0.5,1.4789
2024-06-27,2,0.5,1.4412
2024-06-28,2,0.5,1.4437
2024-07-01,2,0.5,1.4405
2024-07-02,2,0.5,1.4426
2024-07-03,2,0.5,1.4382
2024-07-04,2,0.5,1.4522
2024-07-05,2,0.5,1.4496
2024-07-08,2,0.5,1.4879
2024-07-09,2,0.5,1.4937
2024-07-10,2,0.5,1.4703
2024-07-11,2,0.5,1.4516
2024-07-12,2,0.5,1.4521
2024-07-15,2,0.5,1.4617
2024-07-16,2,0.5,1.4716
2024-07-17,2,0.5,1.4964
2024-07-18,2,0.5,1.5934
2024-07-19,2,0.5,1.5931
2024-07-22,2,0.5,1.5575
2024-07-23,2,0.5,1.5421
2024-07-24,2,0.5,1.5125
2024-07-25,2,0.5,1.4929
2024-07-26,2,0.5,1.4978
2024-07-29,2,0.5,1.4928
2024-07-30,2,0.5,1.4467
2024-07-31,2,0.5,1.4844
2024-08-01,2,0.5,1.4794
2024-08-02,2,0.5,1.4793
2024-08-05,2,0.5,1.4544
2024-08-06,2,0.5,1.4642
2024-08-07,2,0.5,1.4665
2024-08-08,2,0.5,1.4692
2024-08-09,2,0.5,1.4845
2024-08-12,2,0.5,1.5043
2024-08-13,2,0.5,1.4873
2024-08-14,2,0.5,1.4955
2024-08-15,2,0.5,1.5352
2024-08-16,2,0.5,1.5931
2024-08-19,2,0.5,1.5973
2024-09-14,2,0.5,1.3777
2024-09-18,2,0.5,1.3894
2024-09-19,2,0.5,1.4168
2024-09-20,2,0.5,1.4239
2024-09-23,2,0.5,1.4234
2024-09-24,2,0.5,1.4194
2024-09-25,2,0.5,1.4229
2024-09-26,2,0.5,1.4376
2024-09-27,2,0.5,1.4645
2024-09-29,2,0.5,1.4586
2024-09-30,2,0.5,1.4438
2024-10-08,2,0.5,1.4438
2024-10-09,2,0.5,1.4622
2024-10-10,2,0.5,1.4523
2024-10-11,2,0.5,1.4532
2024-11-08,2,0.5,1.3739
2024-11-11,2,0.5,1.4047
2024-11-12,2,0.5,1.4047
2024-11-13,2,0.5,1.3848
2024-11-14,2,0.5,1.38
2024-11-15,2,0.5,1.3751
2024-11-18,2,0.5,1.3747
2024-11-19,2,0.5,1.3741
2024-11-20,2,0.5,1.3758
2024-11-21,2,0.5,1.365
2024-11-22,2,0.5,1.3746
2024-11-25,2,0.5,1.3899
2024-11-26,2,0.5,1.385
2024-11-27,2,0.5,1.38
2024-11-28,2,0.5,1.375
2024-11-29,2,0.5,1.3653
2024-12-02,2,0.5,1.3455
2024-12-03,2,0.5,1.3501
2024-12-04,2,0.5,1.3446
2024-12-05,2,0.5,1.3514
2024-12-06,2,0.5,1.3514
2024-12-09,2,0.5,1.3447
2024-12-10,2,0.5,1.322
2024-12-11,2,0.5,1.3256
2024-12-12,2,0.5,1.3052
2024-12-13,2,0.5,1.2804
2024-12-16,2,0.5,1.2432
2024-12-17,2,0.5,1.2054
2024-12-18,2,0.5,1.1556
2024-12-19,2,0.5,1.1058
2024-12-20,2,0.5,1.0062
2024-12-23,2,0.5,0.9375
2024-12-24,2,0.5,0.9274
2024-12-25,2,0.5,0.9475
2024-12-26,2,0.5,0.9578
2024-12-27,2,0.5,0.9657
2024-12-30,2,0.5,0.9558
2024-12-31,2,0.5,0.9543
2025-01-02,2,0.5,1.004
2025-01-03,2,0.5,1.0032
2025-01-06,2,0.5,1.0262
2025-01-07,2,0.5,1.0771
2025-01-08,2,0.5,1.0979
2025-01-09,2,0.5,1.1931
2025-01-10,2,0.5,1.1964
2025-01-13,2,0.5,1.4051
2025-01-14,2,0.5,1.383
2025-01-15,2,0.5,1.2576
2025-01-16,2,0.5,1.3044
2025-01-17,2,0.5,1.297
2025-01-20,2,0.5,1.4337
2025-01-21,2,0.5,1.4234
2025-01-22,2,0.5,1.3717
2025-01-23,2,0.5,1.3821
2025-01-24,2,0.5,1.406
2025-01-26,2,0.5,1.3863
2025-01-27,2,0.5,1.3554
2025-02-05,2,0.5,1.356
2025-02-06,2,0.5,1.3386
2025-02-07,2,0.5,1.3052
2025-02-08,2,0.5,1.3138
2025-02-10,2,0.5,1.3562
2025-02-11,2,0.5,1.3614
2025-02-12,2,0.5,1.3672
2025-02-13,2,0.5,1.3616
2025-02-14,2,0.5,1.3822
2025-02-17,2,0.5,1.4264
2025-02-18,2,0.5,1.5031
2025-02-19,2,0.5,1.4978
2025-02-20,2,0.5,1.5086
2025-02-21,2,0.5,1.523
2025-02-24,2,0.5,1.5281
2025-02-25,2,0.5,1.5532
2025-02-26,2,0.5,1.5584
2025-02-27,2,0.5,1.5682
2025-02-28,2,0.5,1.5783
2025-03-03,2,0.5,1.5573
2025-03-04,2,0.5,1.5098
2025-03-05,2,0.5,1.5104
2025-03-06,2,0.5,1.5754
2025-03-07,2,0.5,1.6176
2025-03-10,2,0.5,1.6362
2025-03-11,2,0.5,1.6651
2025-03-12,2,0.5,1.6328
2025-03-13,2,0.5,1.5926
2025-03-14,2,0.5,1.5776
2025-03-17,2,0.5,1.637
2025-03-18,2,0.5,1.6087
2025-03-19,2,0.5,1.6329
2025-03-20,2,0.5,1.5932
2025-03-21,2,0.5,1.5893
2025-03-24,2,0.5,1.575
2025-03-25,2,0.5,1.5639
2025-03-26,2,0.5,1.5479
2025-03-27,2,0.5,1.5525
2025-03-28,2,0.5,1.543
2025-03-31,2,0.5,1.5432
2025-04-01,2,0.5,1.5468
2025-04-02,2,0.5,1.5339
2025-04-03,2,0.5,1.4911
2025-04-07,2,0.5,1.4349
2025-04-08,2,0.5,1.4858
2025-04-09,2,0.5,1.4772
2025-04-10,2,0.5,1.4655
2025-04-11,2,0.5,1.3768
2025-04-14,2,0.5,1.3956
2025-04-15,2,0.5,1.4056
2025-04-16,2,0.5,1.4079
2025-04-17,2,0.5,1.4071
2025-04-18,2,0.5,1.417
2025-04-21,2,0.5,1.5088
2025-04-22,2,0.5,1.4986
2025-04-23,2,0.5,1.4984
2025-04-24,2,0.5,1.4934
2025-04-25,2,0.5,1.4738
2025-04-27,2,0.5,1.4738
2025-04-28,2,0.5,1.4643
2025-04-29,2,0.5,1.473
2025-04-30,2,0.5,1.4637
2025-05-06,2,0.5,1.4616
2025-05-07,2,0.5,1.4328
2025-05-08,2,0.5,1.4051
2025-05-09,2,0.5,1.3957
2025-05-12,2,0.5,1.4057
2025-05-13,2,0.5,1.4134
2025-05-14,2,0.5,1.4062
2025-05-15,2,0.5,1.3999
2025-05-16,2,0.5,1.411
2025-05-19,2,0.5,1.4299
2025-05-20,2,0.5,1.4078
2025-05-21,2,0.5,1.4291
2025-05-22,2,0.5,1.4425
2025-05-23,2,0.5,1.4409
2025-05-26,2,0.5,1.4546
